repository,domain,artifact_id,artifact_name,artifact_type,canonical_status,source_path,canonical_path,owner,version,branch,source_commit,epistemic_class,implementation_target,related_artifacts,migration_status,next_step
Sas-Executar/next-forge,GAP,GAP,.autorc,blob,SOURCE_PATH_OBSERVED_AUTHORITY_NOT_ASSESSED,.autorc,.autorc,,,main,f189de79ceef7c1ef69f61f12e272f99b4cdb699,CORPUS_DIRECT,,,KEEP_PENDING_RECONCILIATION,"Reconcile ID, authority and final target against corpus"
Sas-Executar/next-forge,GAP,GAP,.cursorrules.example,blob,SOURCE_PATH_OBSERVED_AUTHORITY_NOT_ASSESSED,.cursorrules.example,.cursorrules.example,,,main,f189de79ceef7c1ef69f61f12e272f99b4cdb699,CORPUS_DIRECT,,,KEEP_PENDING_RECONCILIATION,"Reconcile ID, authority and final target against corpus"
Sas-Executar/next-forge,GAP,GAP,CODE_OF_CONDUCT.md,blob,SOURCE_PATH_OBSERVED_AUTHORITY_NOT_ASSESSED,.github/CODE_OF_CONDUCT.md,.github/CODE_OF_CONDUCT.md,,,main,f189de79ceef7c1ef69f61f12e272f99b4cdb699,CORPUS_DIRECT,,,KEEP_PENDING_RECONCILIATION,"Reconcile ID, authority and final target against corpus"
Sas-Executar/next-forge,GAP,GAP,CONTRIBUTING.md,blob,SOURCE_PATH_OBSERVED_AUTHORITY_NOT_ASSESSED,.github/CONTRIBUTING.md,.github/CONTRIBUTING.md,,,main,f189de79ceef7c1ef69f61f12e272f99b4cdb699,CORPUS_DIRECT,,,KEEP_PENDING_RECONCILIATION,"Reconcile ID, authority and final target against corpus"
Sas-Executar/next-forge,GAP,GAP,bug_report.md,blob,SOURCE_PATH_OBSERVED_AUTHORITY_NOT_ASSESSED,.github/ISSUE_TEMPLATE/bug_report.md,.github/ISSUE_TEMPLATE/bug_report.md,,,main,f189de79ceef7c1ef69f61f12e272f99b4cdb699,CORPUS_DIRECT,,,KEEP_PENDING_RECONCILIATION,"Reconcile ID, authority and final target against corpus"
Sas-Executar/next-forge,GAP,GAP,feature_request.md,blob,SOURCE_PATH_OBSERVED_AUTHORITY_NOT_ASSESSED,.github/ISSUE_TEMPLATE/feature_request.md,.github/ISSUE_TEMPLATE/feature_request.md,,,main,f189de79ceef7c1ef69f61f12e272f99b4cdb699,CORPUS_DIRECT,,,KEEP_PENDING_RECONCILIATION,"Reconcile ID, authority and final target against corpus"
Sas-Executar/next-forge,GAP,GAP,SECURITY.md,blob,SOURCE_PATH_OBSERVED_AUTHORITY_NOT_ASSESSED,.github/SECURITY.md,.github/SECURITY.md,,,main,f189de79ceef7c1ef69f61f12e272f99b4cdb699,CORPUS_DIRECT,,,KEEP_PENDING_RECONCILIATION,"Reconcile ID, authority and final target against corpus"
Sas-Executar/next-forge,GAP,GAP,copilot-instructions.md.example,blob,SOURCE_PATH_OBSERVED_AUTHORITY_NOT_ASSESSED,.github/copilot-instructions.md.example,.github/copilot-instructions.md.example,,,main,f189de79ceef7c1ef69f61f12e272f99b4cdb699,CORPUS_DIRECT,,,KEEP_PENDING_RECONCILIATION,"Reconcile ID, authority and final target against corpus"
Sas-Executar/next-forge,GAP,GAP,dependabot.yml,blob,SOURCE_PATH_OBSERVED_AUTHORITY_NOT_ASSESSED,.github/dependabot.yml,.github/dependabot.yml,,,main,f189de79ceef7c1ef69f61f12e272f99b4cdb699,CORPUS_DIRECT,,,KEEP_PENDING_RECONCILIATION,"Reconcile ID, authority and final target against corpus"
Sas-Executar/next-forge,GAP,GAP,pull_request_template.md,blob,SOURCE_PATH_OBSERVED_AUTHORITY_NOT_ASSESSED,.github/pull_request_template.md,.github/pull_request_template.md,,,main,f189de79ceef7c1ef69f61f12e272f99b4cdb699,CORPUS_DIRECT,,,KEEP_PENDING_RECONCILIATION,"Reconcile ID, authority and final target against corpus"
Sas-Executar/next-forge,GAP,GAP,release.yml,blob,SOURCE_PATH_OBSERVED_AUTHORITY_NOT_ASSESSED,.github/workflows/release.yml,.github/workflows/release.yml,,,main,f189de79ceef7c1ef69f61f12e272f99b4cdb699,CORPUS_DIRECT,,,KEEP_PENDING_RECONCILIATION,"Reconcile ID, authority and final target against corpus"
Sas-Executar/next-forge,GAP,GAP,.gitignore,blob,SOURCE_PATH_OBSERVED_AUTHORITY_NOT_ASSESSED,.gitignore,.gitignore,,,main,f189de79ceef7c1ef69f61f12e272f99b4cdb699,CORPUS_DIRECT,,,KEEP_PENDING_RECONCILIATION,"Reconcile ID, authority and final target against corpus"
Sas-Executar/next-forge,GAP,GAP,extensions.json,blob,SOURCE_PATH_OBSERVED_AUTHORITY_NOT_ASSESSED,.vscode/extensions.json,.vscode/extensions.json,,,main,f189de79ceef7c1ef69f61f12e272f99b4cdb699,CORPUS_DIRECT,,,KEEP_PENDING_RECONCILIATION,"Reconcile ID, authority and final target against corpus"
Sas-Executar/next-forge,GAP,GAP,launch.json,blob,SOURCE_PATH_OBSERVED_AUTHORITY_NOT_ASSESSED,.vscode/launch.json,.vscode/launch.json,,,main,f189de79ceef7c1ef69f61f12e272f99b4cdb699,CORPUS_DIRECT,,,KEEP_PENDING_RECONCILIATION,"Reconcile ID, authority and final target against corpus"
Sas-Executar/next-forge,GAP,GAP,settings.json,blob,SOURCE_PATH_OBSERVED_AUTHORITY_NOT_ASSESSED,.vscode/settings.json,.vscode/settings.json,,,main,f189de79ceef7c1ef69f61f12e272f99b4cdb699,CORPUS_DIRECT,,,KEEP_PENDING_RECONCILIATION,"Reconcile ID, authority and final target against corpus"
Sas-Executar/next-forge,GAP,GAP,CHANGELOG.md,blob,SOURCE_PATH_OBSERVED_AUTHORITY_NOT_ASSESSED,CHANGELOG.md,CHANGELOG.md,,,main,f189de79ceef7c1ef69f61f12e272f99b4cdb699,CORPUS_DIRECT,,,KEEP_PENDING_RECONCILIATION,"Reconcile ID, authority and final target against corpus"
Sas-Executar/next-forge,GAP,GAP,README.md,blob,SOURCE_PATH_OBSERVED_AUTHORITY_NOT_ASSESSED,README.md,README.md,,,main,f189de79ceef7c1ef69f61f12e272f99b4cdb699,CORPUS_DIRECT,,,KEEP_PENDING_RECONCILIATION,"Reconcile ID, authority and final target against corpus"
Sas-Executar/next-forge,GAP,GAP,.env.example,blob,SOURCE_PATH_OBSERVED_AUTHORITY_NOT_ASSESSED,apps/api/.env.example,apps/api/.env.example,,,main,f189de79ceef7c1ef69f61f12e272f99b4cdb699,CORPUS_DIRECT,,,KEEP_PENDING_RECONCILIATION,"Reconcile ID, authority and final target against corpus"
Sas-Executar/next-forge,GAP,GAP,.gitignore,blob,SOURCE_PATH_OBSERVED_AUTHORITY_NOT_ASSESSED,apps/api/.gitignore,apps/api/.gitignore,,,main,f189de79ceef7c1ef69f61f12e272f99b4cdb699,CORPUS_DIRECT,,,KEEP_PENDING_RECONCILIATION,"Reconcile ID, authority and final target against corpus"
Sas-Executar/next-forge,GAP,GAP,health.test.ts,blob,SOURCE_PATH_OBSERVED_AUTHORITY_NOT_ASSESSED,apps/api/__tests__/health.test.ts,apps/api/__tests__/health.test.ts,,,main,f189de79ceef7c1ef69f61f12e272f99b4cdb699,CORPUS_DIRECT,,,KEEP_PENDING_RECONCILIATION,"Reconcile ID, authority and final target against corpus"
Sas-Executar/next-forge,GAP,GAP,apple-icon.png,blob,SOURCE_PATH_OBSERVED_AUTHORITY_NOT_ASSESSED,apps/api/app/apple-icon.png,apps/api/app/apple-icon.png,,,main,f189de79ceef7c1ef69f61f12e272f99b4cdb699,CORPUS_DIRECT,,,KEEP_PENDING_RECONCILIATION,"Reconcile ID, authority and final target against corpus"
Sas-Executar/next-forge,GAP,GAP,route.ts,blob,SOURCE_PATH_OBSERVED_AUTHORITY_NOT_ASSESSED,apps/api/app/cron/keep-alive/route.ts,apps/api/app/cron/keep-alive/route.ts,,,main,f189de79ceef7c1ef69f61f12e272f99b4cdb699,CORPUS_DIRECT,,,KEEP_PENDING_RECONCILIATION,"Reconcile ID, authority and final target against corpus"
Sas-Executar/next-forge,GAP,GAP,global-error.tsx,blob,SOURCE_PATH_OBSERVED_AUTHORITY_NOT_ASSESSED,apps/api/app/global-error.tsx,apps/api/app/global-error.tsx,,,main,f189de79ceef7c1ef69f61f12e272f99b4cdb699,CORPUS_DIRECT,,,KEEP_PENDING_RECONCILIATION,"Reconcile ID, authority and final target against corpus"
Sas-Executar/next-forge,GAP,GAP,route.ts,blob,SOURCE_PATH_OBSERVED_AUTHORITY_NOT_ASSESSED,apps/api/app/health/route.ts,apps/api/app/health/route.ts,,,main,f189de79ceef7c1ef69f61f12e272f99b4cdb699,CORPUS_DIRECT,,,KEEP_PENDING_RECONCILIATION,"Reconcile ID, authority and final target against corpus"
Sas-Executar/next-forge,GAP,GAP,icon.png,blob,SOURCE_PATH_OBSERVED_AUTHORITY_NOT_ASSESSED,apps/api/app/icon.png,apps/api/app/icon.png,,,main,f189de79ceef7c1ef69f61f12e272f99b4cdb699,CORPUS_DIRECT,,,KEEP_PENDING_RECONCILIATION,"Reconcile ID, authority and final target against corpus"
Sas-Executar/next-forge,GAP,GAP,layout.tsx,blob,SOURCE_PATH_OBSERVED_AUTHORITY_NOT_ASSESSED,apps/api/app/layout.tsx,apps/api/app/layout.tsx,,,main,f189de79ceef7c1ef69f61f12e272f99b4cdb699,CORPUS_DIRECT,,,KEEP_PENDING_RECONCILIATION,"Reconcile ID, authority and final target against corpus"
Sas-Executar/next-forge,GAP,GAP,opengraph-image.png,blob,SOURCE_PATH_OBSERVED_AUTHORITY_NOT_ASSESSED,apps/api/app/opengraph-image.png,apps/api/app/opengraph-image.png,,,main,f189de79ceef7c1ef69f61f12e272f99b4cdb699,CORPUS_DIRECT,,,KEEP_PENDING_RECONCILIATION,"Reconcile ID, authority and final target against corpus"
Sas-Executar/next-forge,GAP,GAP,route.ts,blob,SOURCE_PATH_OBSERVED_AUTHORITY_NOT_ASSESSED,apps/api/app/webhooks/auth/route.ts,apps/api/app/webhooks/auth/route.ts,,,main,f189de79ceef7c1ef69f61f12e272f99b4cdb699,CORPUS_DIRECT,,,KEEP_PENDING_RECONCILIATION,"Reconcile ID, authority and final target against corpus"
Sas-Executar/next-forge,GAP,GAP,route.ts,blob,SOURCE_PATH_OBSERVED_AUTHORITY_NOT_ASSESSED,apps/api/app/webhooks/payments/route.ts,apps/api/app/webhooks/payments/route.ts,,,main,f189de79ceef7c1ef69f61f12e272f99b4cdb699,CORPUS_DIRECT,,,KEEP_PENDING_RECONCILIATION,"Reconcile ID, authority and final target against corpus"
Sas-Executar/next-forge,GAP,GAP,env.ts,blob,SOURCE_PATH_OBSERVED_AUTHORITY_NOT_ASSESSED,apps/api/env.ts,apps/api/env.ts,,,main,f189de79ceef7c1ef69f61f12e272f99b4cdb699,CORPUS_DIRECT,,,KEEP_PENDING_RECONCILIATION,"Reconcile ID, authority and final target against corpus"
Sas-Executar/next-forge,GAP,GAP,instrumentation-client.ts,blob,SOURCE_PATH_OBSERVED_AUTHORITY_NOT_ASSESSED,apps/api/instrumentation-client.ts,apps/api/instrumentation-client.ts,,,main,f189de79ceef7c1ef69f61f12e272f99b4cdb699,CORPUS_DIRECT,,,KEEP_PENDING_RECONCILIATION,"Reconcile ID, authority and final target against corpus"
Sas-Executar/next-forge,GAP,GAP,instrumentation.ts,blob,SOURCE_PATH_OBSERVED_AUTHORITY_NOT_ASSESSED,apps/api/instrumentation.ts,apps/api/instrumentation.ts,,,main,f189de79ceef7c1ef69f61f12e272f99b4cdb699,CORPUS_DIRECT,,,KEEP_PENDING_RECONCILIATION,"Reconcile ID, authority and final target against corpus"
Sas-Executar/next-forge,GAP,GAP,next.config.ts,blob,SOURCE_PATH_OBSERVED_AUTHORITY_NOT_ASSESSED,apps/api/next.config.ts,apps/api/next.config.ts,,,main,f189de79ceef7c1ef69f61f12e272f99b4cdb699,CORPUS_DIRECT,,,KEEP_PENDING_RECONCILIATION,"Reconcile ID, authority and final target against corpus"
Sas-Executar/next-forge,GAP,GAP,package.json,blob,SOURCE_PATH_OBSERVED_AUTHORITY_NOT_ASSESSED,apps/api/package.json,apps/api/package.json,,,main,f189de79ceef7c1ef69f61f12e272f99b4cdb699,CORPUS_DIRECT,,,KEEP_PENDING_RECONCILIATION,"Reconcile ID, authority and final target against corpus"
Sas-Executar/next-forge,GAP,GAP,skip-ci.js,blob,SOURCE_PATH_OBSERVED_AUTHORITY_NOT_ASSESSED,apps/api/scripts/skip-ci.js,apps/api/scripts/skip-ci.js,,,main,f189de79ceef7c1ef69f61f12e272f99b4cdb699,CORPUS_DIRECT,,,KEEP_PENDING_RECONCILIATION,"Reconcile ID, authority and final target against corpus"
Sas-Executar/next-forge,GAP,GAP,sentry.edge.config.ts,blob,SOURCE_PATH_OBSERVED_AUTHORITY_NOT_ASSESSED,apps/api/sentry.edge.config.ts,apps/api/sentry.edge.config.ts,,,main,f189de79ceef7c1ef69f61f12e272f99b4cdb699,CORPUS_DIRECT,,,KEEP_PENDING_RECONCILIATION,"Reconcile ID, authority and final target against corpus"
Sas-Executar/next-forge,GAP,GAP,sentry.server.config.ts,blob,SOURCE_PATH_OBSERVED_AUTHORITY_NOT_ASSESSED,apps/api/sentry.server.config.ts,apps/api/sentry.server.config.ts,,,main,f189de79ceef7c1ef69f61f12e272f99b4cdb699,CORPUS_DIRECT,,,KEEP_PENDING_RECONCILIATION,"Reconcile ID, authority and final target against corpus"
Sas-Executar/next-forge,GAP,GAP,tsconfig.json,blob,SOURCE_PATH_OBSERVED_AUTHORITY_NOT_ASSESSED,apps/api/tsconfig.json,apps/api/tsconfig.json,,,main,f189de79ceef7c1ef69f61f12e272f99b4cdb699,CORPUS_DIRECT,,,KEEP_PENDING_RECONCILIATION,"Reconcile ID, authority and final target against corpus"
Sas-Executar/next-forge,GAP,GAP,vercel.json,blob,SOURCE_PATH_OBSERVED_AUTHORITY_NOT_ASSESSED,apps/api/vercel.json,apps/api/vercel.json,,,main,f189de79ceef7c1ef69f61f12e272f99b4cdb699,CORPUS_DIRECT,,,KEEP_PENDING_RECONCILIATION,"Reconcile ID, authority and final target against corpus"
Sas-Executar/next-forge,GAP,GAP,vitest.config.mts,blob,SOURCE_PATH_OBSERVED_AUTHORITY_NOT_ASSESSED,apps/api/vitest.config.mts,apps/api/vitest.config.mts,,,main,f189de79ceef7c1ef69f61f12e272f99b4cdb699,CORPUS_DIRECT,,,KEEP_PENDING_RECONCILIATION,"Reconcile ID, authority and final target against corpus"
Sas-Executar/next-forge,GAP,GAP,.env.example,blob,SOURCE_PATH_OBSERVED_AUTHORITY_NOT_ASSESSED,apps/app/.env.example,apps/app/.env.example,,,main,f189de79ceef7c1ef69f61f12e272f99b4cdb699,CORPUS_DIRECT,,,KEEP_PENDING_RECONCILIATION,"Reconcile ID, authority and final target against corpus"
Sas-Executar/next-forge,GAP,GAP,.gitignore,blob,SOURCE_PATH_OBSERVED_AUTHORITY_NOT_ASSESSED,apps/app/.gitignore,apps/app/.gitignore,,,main,f189de79ceef7c1ef69f61f12e272f99b4cdb699,CORPUS_DIRECT,,,KEEP_PENDING_RECONCILIATION,"Reconcile ID, authority and final target against corpus"
Sas-Executar/next-forge,GAP,GAP,sign-in.test.tsx,blob,SOURCE_PATH_OBSERVED_AUTHORITY_NOT_ASSESSED,apps/app/__tests__/sign-in.test.tsx,apps/app/__tests__/sign-in.test.tsx,,,main,f189de79ceef7c1ef69f61f12e272f99b4cdb699,CORPUS_DIRECT,,,KEEP_PENDING_RECONCILIATION,"Reconcile ID, authority and final target against corpus"
Sas-Executar/next-forge,GAP,GAP,sign-up.test.tsx,blob,SOURCE_PATH_OBSERVED_AUTHORITY_NOT_ASSESSED,apps/app/__tests__/sign-up.test.tsx,apps/app/__tests__/sign-up.test.tsx,,,main,f189de79ceef7c1ef69f61f12e272f99b4cdb699,CORPUS_DIRECT,,,KEEP_PENDING_RECONCILIATION,"Reconcile ID, authority and final target against corpus"
Sas-Executar/next-forge,GAP,GAP,avatar-stack.tsx,blob,SOURCE_PATH_OBSERVED_AUTHORITY_NOT_ASSESSED,apps/app/app/(authenticated)/components/avatar-stack.tsx,apps/app/app/(authenticated)/components/avatar-stack.tsx,,,main,f189de79ceef7c1ef69f61f12e272f99b4cdb699,CORPUS_DIRECT,,,KEEP_PENDING_RECONCILIATION,"Reconcile ID, authority and final target against corpus"
Sas-Executar/next-forge,GAP,GAP,collaboration-provider.tsx,blob,SOURCE_PATH_OBSERVED_AUTHORITY_NOT_ASSESSED,apps/app/app/(authenticated)/components/collaboration-provider.tsx,apps/app/app/(authenticated)/components/collaboration-provider.tsx,,,main,f189de79ceef7c1ef69f61f12e272f99b4cdb699,CORPUS_DIRECT,,,KEEP_PENDING_RECONCILIATION,"Reconcile ID, authority and final target against corpus"
Sas-Executar/next-forge,GAP,GAP,cursors.tsx,blob,SOURCE_PATH_OBSERVED_AUTHORITY_NOT_ASSESSED,apps/app/app/(authenticated)/components/cursors.tsx,apps/app/app/(authenticated)/components/cursors.tsx,,,main,f189de79ceef7c1ef69f61f12e272f99b4cdb699,CORPUS_DIRECT,,,KEEP_PENDING_RECONCILIATION,"Reconcile ID, authority and final target against corpus"
Sas-Executar/next-forge,GAP,GAP,header.tsx,blob,SOURCE_PATH_OBSERVED_AUTHORITY_NOT_ASSESSED,apps/app/app/(authenticated)/components/header.tsx,apps/app/app/(authenticated)/components/header.tsx,,,main,f189de79ceef7c1ef69f61f12e272f99b4cdb699,CORPUS_DIRECT,,,KEEP_PENDING_RECONCILIATION,"Reconcile ID, authority and final target against corpus"
Sas-Executar/next-forge,GAP,GAP,notifications-provider.tsx,blob,SOURCE_PATH_OBSERVED_AUTHORITY_NOT_ASSESSED,apps/app/app/(authenticated)/components/notifications-provider.tsx,apps/app/app/(authenticated)/components/notifications-provider.tsx,,,main,f189de79ceef7c1ef69f61f12e272f99b4cdb699,CORPUS_DIRECT,,,KEEP_PENDING_RECONCILIATION,"Reconcile ID, authority and final target against corpus"
Sas-Executar/next-forge,GAP,GAP,search.tsx,blob,SOURCE_PATH_OBSERVED_AUTHORITY_NOT_ASSESSED,apps/app/app/(authenticated)/components/search.tsx,apps/app/app/(authenticated)/components/search.tsx,,,main,f189de79ceef7c1ef69f61f12e272f99b4cdb699,CORPUS_DIRECT,,,KEEP_PENDING_RECONCILIATION,"Reconcile ID, authority and final target against corpus"
Sas-Executar/next-forge,GAP,GAP,sidebar.tsx,blob,SOURCE_PATH_OBSERVED_AUTHORITY_NOT_ASSESSED,apps/app/app/(authenticated)/components/sidebar.tsx,apps/app/app/(authenticated)/components/sidebar.tsx,,,main,f189de79ceef7c1ef69f61f12e272f99b4cdb699,CORPUS_DIRECT,,,KEEP_PENDING_RECONCILIATION,"Reconcile ID, authority and final target against corpus"
Sas-Executar/next-forge,GAP,GAP,layout.tsx,blob,SOURCE_PATH_OBSERVED_AUTHORITY_NOT_ASSESSED,apps/app/app/(authenticated)/layout.tsx,apps/app/app/(authenticated)/layout.tsx,,,main,f189de79ceef7c1ef69f61f12e272f99b4cdb699,CORPUS_DIRECT,,,KEEP_PENDING_RECONCILIATION,"Reconcile ID, authority and final target against corpus"
Sas-Executar/next-forge,GAP,GAP,page.tsx,blob,SOURCE_PATH_OBSERVED_AUTHORITY_NOT_ASSESSED,apps/app/app/(authenticated)/page.tsx,apps/app/app/(authenticated)/page.tsx,,,main,f189de79ceef7c1ef69f61f12e272f99b4cdb699,CORPUS_DIRECT,,,KEEP_PENDING_RECONCILIATION,"Reconcile ID, authority and final target against corpus"
Sas-Executar/next-forge,GAP,GAP,page.tsx,blob,SOURCE_PATH_OBSERVED_AUTHORITY_NOT_ASSESSED,apps/app/app/(authenticated)/search/page.tsx,apps/app/app/(authenticated)/search/page.tsx,,,main,f189de79ceef7c1ef69f61f12e272f99b4cdb699,CORPUS_DIRECT,,,KEEP_PENDING_RECONCILIATION,"Reconcile ID, authority and final target against corpus"
Sas-Executar/next-forge,GAP,GAP,page.tsx,blob,SOURCE_PATH_OBSERVED_AUTHORITY_NOT_ASSESSED,apps/app/app/(authenticated)/webhooks/page.tsx,apps/app/app/(authenticated)/webhooks/page.tsx,,,main,f189de79ceef7c1ef69f61f12e272f99b4cdb699,CORPUS_DIRECT,,,KEEP_PENDING_RECONCILIATION,"Reconcile ID, authority and final target against corpus"
Sas-Executar/next-forge,GAP,GAP,layout.tsx,blob,SOURCE_PATH_OBSERVED_AUTHORITY_NOT_ASSESSED,apps/app/app/(unauthenticated)/layout.tsx,apps/app/app/(unauthenticated)/layout.tsx,,,main,f189de79ceef7c1ef69f61f12e272f99b4cdb699,CORPUS_DIRECT,,,KEEP_PENDING_RECONCILIATION,"Reconcile ID, authority and final target against corpus"
Sas-Executar/next-forge,GAP,GAP,page.tsx,blob,SOURCE_PATH_OBSERVED_AUTHORITY_NOT_ASSESSED,apps/app/app/(unauthenticated)/sign-in/[[...sign-in]]/page.tsx,apps/app/app/(unauthenticated)/sign-in/[[...sign-in]]/page.tsx,,,main,f189de79ceef7c1ef69f61f12e272f99b4cdb699,CORPUS_DIRECT,,,KEEP_PENDING_RECONCILIATION,"Reconcile ID, authority and final target against corpus"
Sas-Executar/next-forge,GAP,GAP,page.tsx,blob,SOURCE_PATH_OBSERVED_AUTHORITY_NOT_ASSESSED,apps/app/app/(unauthenticated)/sign-up/[[...sign-up]]/page.tsx,apps/app/app/(unauthenticated)/sign-up/[[...sign-up]]/page.tsx,,,main,f189de79ceef7c1ef69f61f12e272f99b4cdb699,CORPUS_DIRECT,,,KEEP_PENDING_RECONCILIATION,"Reconcile ID, authority and final target against corpus"
Sas-Executar/next-forge,GAP,GAP,route.ts,blob,SOURCE_PATH_OBSERVED_AUTHORITY_NOT_ASSESSED,apps/app/app/.well-known/vercel/flags/route.ts,apps/app/app/.well-known/vercel/flags/route.ts,,,main,f189de79ceef7c1ef69f61f12e272f99b4cdb699,CORPUS_DIRECT,,,KEEP_PENDING_RECONCILIATION,"Reconcile ID, authority and final target against corpus"
Sas-Executar/next-forge,GAP,GAP,get.ts,blob,SOURCE_PATH_OBSERVED_AUTHORITY_NOT_ASSESSED,apps/app/app/actions/users/get.ts,apps/app/app/actions/users/get.ts,,,main,f189de79ceef7c1ef69f61f12e272f99b4cdb699,CORPUS_DIRECT,,,KEEP_PENDING_RECONCILIATION,"Reconcile ID, authority and final target against corpus"
Sas-Executar/next-forge,GAP,GAP,search.ts,blob,SOURCE_PATH_OBSERVED_AUTHORITY_NOT_ASSESSED,apps/app/app/actions/users/search.ts,apps/app/app/actions/users/search.ts,,,main,f189de79ceef7c1ef69f61f12e272f99b4cdb699,CORPUS_DIRECT,,,KEEP_PENDING_RECONCILIATION,"Reconcile ID, authority and final target against corpus"
Sas-Executar/next-forge,GAP,GAP,route.ts,blob,SOURCE_PATH_OBSERVED_AUTHORITY_NOT_ASSESSED,apps/app/app/api/collaboration/auth/route.ts,apps/app/app/api/collaboration/auth/route.ts,,,main,f189de79ceef7c1ef69f61f12e272f99b4cdb699,CORPUS_DIRECT,,,KEEP_PENDING_RECONCILIATION,"Reconcile ID, authority and final target against corpus"
Sas-Executar/next-forge,GAP,GAP,apple-icon.png,blob,SOURCE_PATH_OBSERVED_AUTHORITY_NOT_ASSESSED,apps/app/app/apple-icon.png,apps/app/app/apple-icon.png,,,main,f189de79ceef7c1ef69f61f12e272f99b4cdb699,CORPUS_DIRECT,,,KEEP_PENDING_RECONCILIATION,"Reconcile ID, authority and final target against corpus"
Sas-Executar/next-forge,GAP,GAP,global-error.tsx,blob,SOURCE_PATH_OBSERVED_AUTHORITY_NOT_ASSESSED,apps/app/app/global-error.tsx,apps/app/app/global-error.tsx,,,main,f189de79ceef7c1ef69f61f12e272f99b4cdb699,CORPUS_DIRECT,,,KEEP_PENDING_RECONCILIATION,"Reconcile ID, authority and final target against corpus"
Sas-Executar/next-forge,GAP,GAP,icon.png,blob,SOURCE_PATH_OBSERVED_AUTHORITY_NOT_ASSESSED,apps/app/app/icon.png,apps/app/app/icon.png,,,main,f189de79ceef7c1ef69f61f12e272f99b4cdb699,CORPUS_DIRECT,,,KEEP_PENDING_RECONCILIATION,"Reconcile ID, authority and final target against corpus"
Sas-Executar/next-forge,GAP,GAP,layout.tsx,blob,SOURCE_PATH_OBSERVED_AUTHORITY_NOT_ASSESSED,apps/app/app/layout.tsx,apps/app/app/layout.tsx,,,main,f189de79ceef7c1ef69f61f12e272f99b4cdb699,CORPUS_DIRECT,,,KEEP_PENDING_RECONCILIATION,"Reconcile ID, authority and final target against corpus"
Sas-Executar/next-forge,GAP,GAP,opengraph-image.png,blob,SOURCE_PATH_OBSERVED_AUTHORITY_NOT_ASSESSED,apps/app/app/opengraph-image.png,apps/app/app/opengraph-image.png,,,main,f189de79ceef7c1ef69f61f12e272f99b4cdb699,CORPUS_DIRECT,,,KEEP_PENDING_RECONCILIATION,"Reconcile ID, authority and final target against corpus"
Sas-Executar/next-forge,GAP,GAP,styles.css,blob,SOURCE_PATH_OBSERVED_AUTHORITY_NOT_ASSESSED,apps/app/app/styles.css,apps/app/app/styles.css,,,main,f189de79ceef7c1ef69f61f12e272f99b4cdb699,CORPUS_DIRECT,,,KEEP_PENDING_RECONCILIATION,"Reconcile ID, authority and final target against corpus"
Sas-Executar/next-forge,GAP,GAP,env.ts,blob,SOURCE_PATH_OBSERVED_AUTHORITY_NOT_ASSESSED,apps/app/env.ts,apps/app/env.ts,,,main,f189de79ceef7c1ef69f61f12e272f99b4cdb699,CORPUS_DIRECT,,,KEEP_PENDING_RECONCILIATION,"Reconcile ID, authority and final target against corpus"
Sas-Executar/next-forge,GAP,GAP,instrumentation-client.ts,blob,SOURCE_PATH_OBSERVED_AUTHORITY_NOT_ASSESSED,apps/app/instrumentation-client.ts,apps/app/instrumentation-client.ts,,,main,f189de79ceef7c1ef69f61f12e272f99b4cdb699,CORPUS_DIRECT,,,KEEP_PENDING_RECONCILIATION,"Reconcile ID, authority and final target against corpus"
Sas-Executar/next-forge,GAP,GAP,instrumentation.ts,blob,SOURCE_PATH_OBSERVED_AUTHORITY_NOT_ASSESSED,apps/app/instrumentation.ts,apps/app/instrumentation.ts,,,main,f189de79ceef7c1ef69f61f12e272f99b4cdb699,CORPUS_DIRECT,,,KEEP_PENDING_RECONCILIATION,"Reconcile ID, authority and final target against corpus"
Sas-Executar/next-forge,GAP,GAP,liveblocks.config.ts,blob,SOURCE_PATH_OBSERVED_AUTHORITY_NOT_ASSESSED,apps/app/liveblocks.config.ts,apps/app/liveblocks.config.ts,,,main,f189de79ceef7c1ef69f61f12e272f99b4cdb699,CORPUS_DIRECT,,,KEEP_PENDING_RECONCILIATION,"Reconcile ID, authority and final target against corpus"
Sas-Executar/next-forge,GAP,GAP,next.config.ts,blob,SOURCE_PATH_OBSERVED_AUTHORITY_NOT_ASSESSED,apps/app/next.config.ts,apps/app/next.config.ts,,,main,f189de79ceef7c1ef69f61f12e272f99b4cdb699,CORPUS_DIRECT,,,KEEP_PENDING_RECONCILIATION,"Reconcile ID, authority and final target against corpus"
Sas-Executar/next-forge,GAP,GAP,package.json,blob,SOURCE_PATH_OBSERVED_AUTHORITY_NOT_ASSESSED,apps/app/package.json,apps/app/package.json,,,main,f189de79ceef7c1ef69f61f12e272f99b4cdb699,CORPUS_DIRECT,,,KEEP_PENDING_RECONCILIATION,"Reconcile ID, authority and final target against corpus"
Sas-Executar/next-forge,GAP,GAP,postcss.config.mjs,blob,SOURCE_PATH_OBSERVED_AUTHORITY_NOT_ASSESSED,apps/app/postcss.config.mjs,apps/app/postcss.config.mjs,,,main,f189de79ceef7c1ef69f61f12e272f99b4cdb699,CORPUS_DIRECT,,,KEEP_PENDING_RECONCILIATION,"Reconcile ID, authority and final target against corpus"
Sas-Executar/next-forge,GAP,GAP,proxy.ts,blob,SOURCE_PATH_OBSERVED_AUTHORITY_NOT_ASSESSED,apps/app/proxy.ts,apps/app/proxy.ts,,,main,f189de79ceef7c1ef69f61f12e272f99b4cdb699,CORPUS_DIRECT,,,KEEP_PENDING_RECONCILIATION,"Reconcile ID, authority and final target against corpus"
Sas-Executar/next-forge,GAP,GAP,skip-ci.js,blob,SOURCE_PATH_OBSERVED_AUTHORITY_NOT_ASSESSED,apps/app/scripts/skip-ci.js,apps/app/scripts/skip-ci.js,,,main,f189de79ceef7c1ef69f61f12e272f99b4cdb699,CORPUS_DIRECT,,,KEEP_PENDING_RECONCILIATION,"Reconcile ID, authority and final target against corpus"
Sas-Executar/next-forge,GAP,GAP,sentry.edge.config.ts,blob,SOURCE_PATH_OBSERVED_AUTHORITY_NOT_ASSESSED,apps/app/sentry.edge.config.ts,apps/app/sentry.edge.config.ts,,,main,f189de79ceef7c1ef69f61f12e272f99b4cdb699,CORPUS_DIRECT,,,KEEP_PENDING_RECONCILIATION,"Reconcile ID, authority and final target against corpus"
Sas-Executar/next-forge,GAP,GAP,sentry.server.config.ts,blob,SOURCE_PATH_OBSERVED_AUTHORITY_NOT_ASSESSED,apps/app/sentry.server.config.ts,apps/app/sentry.server.config.ts,,,main,f189de79ceef7c1ef69f61f12e272f99b4cdb699,CORPUS_DIRECT,,,KEEP_PENDING_RECONCILIATION,"Reconcile ID, authority and final target against corpus"
Sas-Executar/next-forge,GAP,GAP,tsconfig.json,blob,SOURCE_PATH_OBSERVED_AUTHORITY_NOT_ASSESSED,apps/app/tsconfig.json,apps/app/tsconfig.json,,,main,f189de79ceef7c1ef69f61f12e272f99b4cdb699,CORPUS_DIRECT,,,KEEP_PENDING_RECONCILIATION,"Reconcile ID, authority and final target against corpus"
Sas-Executar/next-forge,GAP,GAP,vercel.json,blob,SOURCE_PATH_OBSERVED_AUTHORITY_NOT_ASSESSED,apps/app/vercel.json,apps/app/vercel.json,,,main,f189de79ceef7c1ef69f61f12e272f99b4cdb699,CORPUS_DIRECT,,,KEEP_PENDING_RECONCILIATION,"Reconcile ID, authority and final target against corpus"
Sas-Executar/next-forge,GAP,GAP,vitest.config.mts,blob,SOURCE_PATH_OBSERVED_AUTHORITY_NOT_ASSESSED,apps/app/vitest.config.mts,apps/app/vitest.config.mts,,,main,f189de79ceef7c1ef69f61f12e272f99b4cdb699,CORPUS_DIRECT,,,KEEP_PENDING_RECONCILIATION,"Reconcile ID, authority and final target against corpus"
Sas-Executar/next-forge,GAP,GAP,create.mdx,blob,SOURCE_PATH_OBSERVED_AUTHORITY_NOT_ASSESSED,apps/docs/api-reference/endpoint/create.mdx,apps/docs/api-reference/endpoint/create.mdx,,,main,f189de79ceef7c1ef69f61f12e272f99b4cdb699,CORPUS_DIRECT,,,KEEP_PENDING_RECONCILIATION,"Reconcile ID, authority and final target against corpus"
Sas-Executar/next-forge,GAP,GAP,delete.mdx,blob,SOURCE_PATH_OBSERVED_AUTHORITY_NOT_ASSESSED,apps/docs/api-reference/endpoint/delete.mdx,apps/docs/api-reference/endpoint/delete.mdx,,,main,f189de79ceef7c1ef69f61f12e272f99b4cdb699,CORPUS_DIRECT,,,KEEP_PENDING_RECONCILIATION,"Reconcile ID, authority and final target against corpus"
Sas-Executar/next-forge,GAP,GAP,get.mdx,blob,SOURCE_PATH_OBSERVED_AUTHORITY_NOT_ASSESSED,apps/docs/api-reference/endpoint/get.mdx,apps/docs/api-reference/endpoint/get.mdx,,,main,f189de79ceef7c1ef69f61f12e272f99b4cdb699,CORPUS_DIRECT,,,KEEP_PENDING_RECONCILIATION,"Reconcile ID, authority and final target against corpus"
Sas-Executar/next-forge,GAP,GAP,introduction.mdx,blob,SOURCE_PATH_OBSERVED_AUTHORITY_NOT_ASSESSED,apps/docs/api-reference/introduction.mdx,apps/docs/api-reference/introduction.mdx,,,main,f189de79ceef7c1ef69f61f12e272f99b4cdb699,CORPUS_DIRECT,,,KEEP_PENDING_RECONCILIATION,"Reconcile ID, authority and final target against corpus"
Sas-Executar/next-forge,GAP,GAP,openapi.json,blob,SOURCE_PATH_OBSERVED_AUTHORITY_NOT_ASSESSED,apps/docs/api-reference/openapi.json,apps/docs/api-reference/openapi.json,,,main,f189de79ceef7c1ef69f61f12e272f99b4cdb699,CORPUS_DIRECT,,,KEEP_PENDING_RECONCILIATION,"Reconcile ID, authority and final target against corpus"
Sas-Executar/next-forge,GAP,GAP,development.mdx,blob,SOURCE_PATH_OBSERVED_AUTHORITY_NOT_ASSESSED,apps/docs/development.mdx,apps/docs/development.mdx,,,main,f189de79ceef7c1ef69f61f12e272f99b4cdb699,CORPUS_DIRECT,,,KEEP_PENDING_RECONCILIATION,"Reconcile ID, authority and final target against corpus"
Sas-Executar/next-forge,GAP,GAP,code.mdx,blob,SOURCE_PATH_OBSERVED_AUTHORITY_NOT_ASSESSED,apps/docs/essentials/code.mdx,apps/docs/essentials/code.mdx,,,main,f189de79ceef7c1ef69f61f12e272f99b4cdb699,CORPUS_DIRECT,,,KEEP_PENDING_RECONCILIATION,"Reconcile ID, authority and final target against corpus"
Sas-Executar/next-forge,GAP,GAP,images.mdx,blob,SOURCE_PATH_OBSERVED_AUTHORITY_NOT_ASSESSED,apps/docs/essentials/images.mdx,apps/docs/essentials/images.mdx,,,main,f189de79ceef7c1ef69f61f12e272f99b4cdb699,CORPUS_DIRECT,,,KEEP_PENDING_RECONCILIATION,"Reconcile ID, authority and final target against corpus"
Sas-Executar/next-forge,GAP,GAP,markdown.mdx,blob,SOURCE_PATH_OBSERVED_AUTHORITY_NOT_ASSESSED,apps/docs/essentials/markdown.mdx,apps/docs/essentials/markdown.mdx,,,main,f189de79ceef7c1ef69f61f12e272f99b4cdb699,CORPUS_DIRECT,,,KEEP_PENDING_RECONCILIATION,"Reconcile ID, authority and final target against corpus"
Sas-Executar/next-forge,GAP,GAP,navigation.mdx,blob,SOURCE_PATH_OBSERVED_AUTHORITY_NOT_ASSESSED,apps/docs/essentials/navigation.mdx,apps/docs/essentials/navigation.mdx,,,main,f189de79ceef7c1ef69f61f12e272f99b4cdb699,CORPUS_DIRECT,,,KEEP_PENDING_RECONCILIATION,"Reconcile ID, authority and final target against corpus"
Sas-Executar/next-forge,GAP,GAP,reusable-snippets.mdx,blob,SOURCE_PATH_OBSERVED_AUTHORITY_NOT_ASSESSED,apps/docs/essentials/reusable-snippets.mdx,apps/docs/essentials/reusable-snippets.mdx,,,main,f189de79ceef7c1ef69f61f12e272f99b4cdb699,CORPUS_DIRECT,,,KEEP_PENDING_RECONCILIATION,"Reconcile ID, authority and final target against corpus"
Sas-Executar/next-forge,GAP,GAP,settings.mdx,blob,SOURCE_PATH_OBSERVED_AUTHORITY_NOT_ASSESSED,apps/docs/essentials/settings.mdx,apps/docs/essentials/settings.mdx,,,main,f189de79ceef7c1ef69f61f12e272f99b4cdb699,CORPUS_DIRECT,,,KEEP_PENDING_RECONCILIATION,"Reconcile ID, authority and final target against corpus"
Sas-Executar/next-forge,GAP,GAP,favicon.svg,blob,SOURCE_PATH_OBSERVED_AUTHORITY_NOT_ASSESSED,apps/docs/favicon.svg,apps/docs/favicon.svg,,,main,f189de79ceef7c1ef69f61f12e272f99b4cdb699,CORPUS_DIRECT,,,KEEP_PENDING_RECONCILIATION,"Reconcile ID, authority and final target against corpus"
Sas-Executar/next-forge,GAP,GAP,checks-passed.png,blob,SOURCE_PATH_OBSERVED_AUTHORITY_NOT_ASSESSED,apps/docs/images/checks-passed.png,apps/docs/images/checks-passed.png,,,main,f189de79ceef7c1ef69f61f12e272f99b4cdb699,CORPUS_DIRECT,,,KEEP_PENDING_RECONCILIATION,"Reconcile ID, authority and final target against corpus"
Sas-Executar/next-forge,GAP,GAP,hero-dark.svg,blob,SOURCE_PATH_OBSERVED_AUTHORITY_NOT_ASSESSED,apps/docs/images/hero-dark.svg,apps/docs/images/hero-dark.svg,,,main,f189de79ceef7c1ef69f61f12e272f99b4cdb699,CORPUS_DIRECT,,,KEEP_PENDING_RECONCILIATION,"Reconcile ID, authority and final target against corpus"
Sas-Executar/next-forge,GAP,GAP,hero-light.svg,blob,SOURCE_PATH_OBSERVED_AUTHORITY_NOT_ASSESSED,apps/docs/images/hero-light.svg,apps/docs/images/hero-light.svg,,,main,f189de79ceef7c1ef69f61f12e272f99b4cdb699,CORPUS_DIRECT,,,KEEP_PENDING_RECONCILIATION,"Reconcile ID, authority and final target against corpus"
Sas-Executar/next-forge,GAP,GAP,introduction.mdx,blob,SOURCE_PATH_OBSERVED_AUTHORITY_NOT_ASSESSED,apps/docs/introduction.mdx,apps/docs/introduction.mdx,,,main,f189de79ceef7c1ef69f61f12e272f99b4cdb699,CORPUS_DIRECT,,,KEEP_PENDING_RECONCILIATION,"Reconcile ID, authority and final target against corpus"
Sas-Executar/next-forge,GAP,GAP,dark.svg,blob,SOURCE_PATH_OBSERVED_AUTHORITY_NOT_ASSESSED,apps/docs/logo/dark.svg,apps/docs/logo/dark.svg,,,main,f189de79ceef7c1ef69f61f12e272f99b4cdb699,CORPUS_DIRECT,,,KEEP_PENDING_RECONCILIATION,"Reconcile ID, authority and final target against corpus"
Sas-Executar/next-forge,GAP,GAP,light.svg,blob,SOURCE_PATH_OBSERVED_AUTHORITY_NOT_ASSESSED,apps/docs/logo/light.svg,apps/docs/logo/light.svg,,,main,f189de79ceef7c1ef69f61f12e272f99b4cdb699,CORPUS_DIRECT,,,KEEP_PENDING_RECONCILIATION,"Reconcile ID, authority and final target against corpus"
Sas-Executar/next-forge,GAP,GAP,mint.json,blob,SOURCE_PATH_OBSERVED_AUTHORITY_NOT_ASSESSED,apps/docs/mint.json,apps/docs/mint.json,,,main,f189de79ceef7c1ef69f61f12e272f99b4cdb699,CORPUS_DIRECT,,,KEEP_PENDING_RECONCILIATION,"Reconcile ID, authority and final target against corpus"
Sas-Executar/next-forge,GAP,GAP,package.json,blob,SOURCE_PATH_OBSERVED_AUTHORITY_NOT_ASSESSED,apps/docs/package.json,apps/docs/package.json,,,main,f189de79ceef7c1ef69f61f12e272f99b4cdb699,CORPUS_DIRECT,,,KEEP_PENDING_RECONCILIATION,"Reconcile ID, authority and final target against corpus"
Sas-Executar/next-forge,GAP,GAP,quickstart.mdx,blob,SOURCE_PATH_OBSERVED_AUTHORITY_NOT_ASSESSED,apps/docs/quickstart.mdx,apps/docs/quickstart.mdx,,,main,f189de79ceef7c1ef69f61f12e272f99b4cdb699,CORPUS_DIRECT,,,KEEP_PENDING_RECONCILIATION,"Reconcile ID, authority and final target against corpus"
Sas-Executar/next-forge,GAP,GAP,snippet-intro.mdx,blob,SOURCE_PATH_OBSERVED_AUTHORITY_NOT_ASSESSED,apps/docs/snippets/snippet-intro.mdx,apps/docs/snippets/snippet-intro.mdx,,,main,f189de79ceef7c1ef69f61f12e272f99b4cdb699,CORPUS_DIRECT,,,KEEP_PENDING_RECONCILIATION,"Reconcile ID, authority and final target against corpus"
Sas-Executar/next-forge,GAP,GAP,package.json,blob,SOURCE_PATH_OBSERVED_AUTHORITY_NOT_ASSESSED,apps/email/package.json,apps/email/package.json,,,main,f189de79ceef7c1ef69f61f12e272f99b4cdb699,CORPUS_DIRECT,,,KEEP_PENDING_RECONCILIATION,"Reconcile ID, authority and final target against corpus"
Sas-Executar/next-forge,GAP,GAP,tsconfig.json,blob,SOURCE_PATH_OBSERVED_AUTHORITY_NOT_ASSESSED,apps/email/tsconfig.json,apps/email/tsconfig.json,,,main,f189de79ceef7c1ef69f61f12e272f99b4cdb699,CORPUS_DIRECT,,,KEEP_PENDING_RECONCILIATION,"Reconcile ID, authority and final target against corpus"
Sas-Executar/next-forge,GAP,GAP,main.ts,blob,SOURCE_PATH_OBSERVED_AUTHORITY_NOT_ASSESSED,apps/storybook/.storybook/main.ts,apps/storybook/.storybook/main.ts,,,main,f189de79ceef7c1ef69f61f12e272f99b4cdb699,CORPUS_DIRECT,,,KEEP_PENDING_RECONCILIATION,"Reconcile ID, authority and final target against corpus"
Sas-Executar/next-forge,GAP,GAP,preview-head.html,blob,SOURCE_PATH_OBSERVED_AUTHORITY_NOT_ASSESSED,apps/storybook/.storybook/preview-head.html,apps/storybook/.storybook/preview-head.html,,,main,f189de79ceef7c1ef69f61f12e272f99b4cdb699,CORPUS_DIRECT,,,KEEP_PENDING_RECONCILIATION,"Reconcile ID, authority and final target against corpus"
Sas-Executar/next-forge,GAP,GAP,preview.tsx,blob,SOURCE_PATH_OBSERVED_AUTHORITY_NOT_ASSESSED,apps/storybook/.storybook/preview.tsx,apps/storybook/.storybook/preview.tsx,,,main,f189de79ceef7c1ef69f61f12e272f99b4cdb699,CORPUS_DIRECT,,,KEEP_PENDING_RECONCILIATION,"Reconcile ID, authority and final target against corpus"
Sas-Executar/next-forge,GAP,GAP,README.md,blob,SOURCE_PATH_OBSERVED_AUTHORITY_NOT_ASSESSED,apps/storybook/README.md,apps/storybook/README.md,,,main,f189de79ceef7c1ef69f61f12e272f99b4cdb699,CORPUS_DIRECT,,,KEEP_PENDING_RECONCILIATION,"Reconcile ID, authority and final target against corpus"
Sas-Executar/next-forge,GAP,GAP,next.config.ts,blob,SOURCE_PATH_OBSERVED_AUTHORITY_NOT_ASSESSED,apps/storybook/next.config.ts,apps/storybook/next.config.ts,,,main,f189de79ceef7c1ef69f61f12e272f99b4cdb699,CORPUS_DIRECT,,,KEEP_PENDING_RECONCILIATION,"Reconcile ID, authority and final target against corpus"
Sas-Executar/next-forge,GAP,GAP,package.json,blob,SOURCE_PATH_OBSERVED_AUTHORITY_NOT_ASSESSED,apps/storybook/package.json,apps/storybook/package.json,,,main,f189de79ceef7c1ef69f61f12e272f99b4cdb699,CORPUS_DIRECT,,,KEEP_PENDING_RECONCILIATION,"Reconcile ID, authority and final target against corpus"
Sas-Executar/next-forge,GAP,GAP,postcss.config.mjs,blob,SOURCE_PATH_OBSERVED_AUTHORITY_NOT_ASSESSED,apps/storybook/postcss.config.mjs,apps/storybook/postcss.config.mjs,,,main,f189de79ceef7c1ef69f61f12e272f99b4cdb699,CORPUS_DIRECT,,,KEEP_PENDING_RECONCILIATION,"Reconcile ID, authority and final target against corpus"
Sas-Executar/next-forge,GAP,GAP,favicon.ico,blob,SOURCE_PATH_OBSERVED_AUTHORITY_NOT_ASSESSED,apps/storybook/public/favicon.ico,apps/storybook/public/favicon.ico,,,main,f189de79ceef7c1ef69f61f12e272f99b4cdb699,CORPUS_DIRECT,,,KEEP_PENDING_RECONCILIATION,"Reconcile ID, authority and final target against corpus"
Sas-Executar/next-forge,GAP,GAP,skip-ci.js,blob,SOURCE_PATH_OBSERVED_AUTHORITY_NOT_ASSESSED,apps/storybook/scripts/skip-ci.js,apps/storybook/scripts/skip-ci.js,,,main,f189de79ceef7c1ef69f61f12e272f99b4cdb699,CORPUS_DIRECT,,,KEEP_PENDING_RECONCILIATION,"Reconcile ID, authority and final target against corpus"
Sas-Executar/next-forge,GAP,GAP,accordion.stories.tsx,blob,SOURCE_PATH_OBSERVED_AUTHORITY_NOT_ASSESSED,apps/storybook/stories/accordion.stories.tsx,apps/storybook/stories/accordion.stories.tsx,,,main,f189de79ceef7c1ef69f61f12e272f99b4cdb699,CORPUS_DIRECT,,,KEEP_PENDING_RECONCILIATION,"Reconcile ID, authority and final target against corpus"
Sas-Executar/next-forge,GAP,GAP,alert-dialog.stories.tsx,blob,SOURCE_PATH_OBSERVED_AUTHORITY_NOT_ASSESSED,apps/storybook/stories/alert-dialog.stories.tsx,apps/storybook/stories/alert-dialog.stories.tsx,,,main,f189de79ceef7c1ef69f61f12e272f99b4cdb699,CORPUS_DIRECT,,,KEEP_PENDING_RECONCILIATION,"Reconcile ID, authority and final target against corpus"
Sas-Executar/next-forge,GAP,GAP,alert.stories.tsx,blob,SOURCE_PATH_OBSERVED_AUTHORITY_NOT_ASSESSED,apps/storybook/stories/alert.stories.tsx,apps/storybook/stories/alert.stories.tsx,,,main,f189de79ceef7c1ef69f61f12e272f99b4cdb699,CORPUS_DIRECT,,,KEEP_PENDING_RECONCILIATION,"Reconcile ID, authority and final target against corpus"
Sas-Executar/next-forge,GAP,GAP,aspect-ratio.stories.tsx,blob,SOURCE_PATH_OBSERVED_AUTHORITY_NOT_ASSESSED,apps/storybook/stories/aspect-ratio.stories.tsx,apps/storybook/stories/aspect-ratio.stories.tsx,,,main,f189de79ceef7c1ef69f61f12e272f99b4cdb699,CORPUS_DIRECT,,,KEEP_PENDING_RECONCILIATION,"Reconcile ID, authority and final target against corpus"
Sas-Executar/next-forge,GAP,GAP,avatar.stories.tsx,blob,SOURCE_PATH_OBSERVED_AUTHORITY_NOT_ASSESSED,apps/storybook/stories/avatar.stories.tsx,apps/storybook/stories/avatar.stories.tsx,,,main,f189de79ceef7c1ef69f61f12e272f99b4cdb699,CORPUS_DIRECT,,,KEEP_PENDING_RECONCILIATION,"Reconcile ID, authority and final target against corpus"
Sas-Executar/next-forge,GAP,GAP,badge.stories.tsx,blob,SOURCE_PATH_OBSERVED_AUTHORITY_NOT_ASSESSED,apps/storybook/stories/badge.stories.tsx,apps/storybook/stories/badge.stories.tsx,,,main,f189de79ceef7c1ef69f61f12e272f99b4cdb699,CORPUS_DIRECT,,,KEEP_PENDING_RECONCILIATION,"Reconcile ID, authority and final target against corpus"
Sas-Executar/next-forge,GAP,GAP,breadcrumb.stories.tsx,blob,SOURCE_PATH_OBSERVED_AUTHORITY_NOT_ASSESSED,apps/storybook/stories/breadcrumb.stories.tsx,apps/storybook/stories/breadcrumb.stories.tsx,,,main,f189de79ceef7c1ef69f61f12e272f99b4cdb699,CORPUS_DIRECT,,,KEEP_PENDING_RECONCILIATION,"Reconcile ID, authority and final target against corpus"
Sas-Executar/next-forge,GAP,GAP,button.stories.tsx,blob,SOURCE_PATH_OBSERVED_AUTHORITY_NOT_ASSESSED,apps/storybook/stories/button.stories.tsx,apps/storybook/stories/button.stories.tsx,,,main,f189de79ceef7c1ef69f61f12e272f99b4cdb699,CORPUS_DIRECT,,,KEEP_PENDING_RECONCILIATION,"Reconcile ID, authority and final target against corpus"
Sas-Executar/next-forge,GAP,GAP,calendar.stories.tsx,blob,SOURCE_PATH_OBSERVED_AUTHORITY_NOT_ASSESSED,apps/storybook/stories/calendar.stories.tsx,apps/storybook/stories/calendar.stories.tsx,,,main,f189de79ceef7c1ef69f61f12e272f99b4cdb699,CORPUS_DIRECT,,,KEEP_PENDING_RECONCILIATION,"Reconcile ID, authority and final target against corpus"
Sas-Executar/next-forge,GAP,GAP,card.stories.tsx,blob,SOURCE_PATH_OBSERVED_AUTHORITY_NOT_ASSESSED,apps/storybook/stories/card.stories.tsx,apps/storybook/stories/card.stories.tsx,,,main,f189de79ceef7c1ef69f61f12e272f99b4cdb699,CORPUS_DIRECT,,,KEEP_PENDING_RECONCILIATION,"Reconcile ID, authority and final target against corpus"
Sas-Executar/next-forge,GAP,GAP,carousel.stories.tsx,blob,SOURCE_PATH_OBSERVED_AUTHORITY_NOT_ASSESSED,apps/storybook/stories/carousel.stories.tsx,apps/storybook/stories/carousel.stories.tsx,,,main,f189de79ceef7c1ef69f61f12e272f99b4cdb699,CORPUS_DIRECT,,,KEEP_PENDING_RECONCILIATION,"Reconcile ID, authority and final target against corpus"
Sas-Executar/next-forge,GAP,GAP,chart.stories.tsx,blob,SOURCE_PATH_OBSERVED_AUTHORITY_NOT_ASSESSED,apps/storybook/stories/chart.stories.tsx,apps/storybook/stories/chart.stories.tsx,,,main,f189de79ceef7c1ef69f61f12e272f99b4cdb699,CORPUS_DIRECT,,,KEEP_PENDING_RECONCILIATION,"Reconcile ID, authority and final target against corpus"
Sas-Executar/next-forge,GAP,GAP,checkbox.stories.tsx,blob,SOURCE_PATH_OBSERVED_AUTHORITY_NOT_ASSESSED,apps/storybook/stories/checkbox.stories.tsx,apps/storybook/stories/checkbox.stories.tsx,,,main,f189de79ceef7c1ef69f61f12e272f99b4cdb699,CORPUS_DIRECT,,,KEEP_PENDING_RECONCILIATION,"Reconcile ID, authority and final target against corpus"
Sas-Executar/next-forge,GAP,GAP,collapsible.stories.tsx,blob,SOURCE_PATH_OBSERVED_AUTHORITY_NOT_ASSESSED,apps/storybook/stories/collapsible.stories.tsx,apps/storybook/stories/collapsible.stories.tsx,,,main,f189de79ceef7c1ef69f61f12e272f99b4cdb699,CORPUS_DIRECT,,,KEEP_PENDING_RECONCILIATION,"Reconcile ID, authority and final target against corpus"
Sas-Executar/next-forge,GAP,GAP,command.stories.tsx,blob,SOURCE_PATH_OBSERVED_AUTHORITY_NOT_ASSESSED,apps/storybook/stories/command.stories.tsx,apps/storybook/stories/command.stories.tsx,,,main,f189de79ceef7c1ef69f61f12e272f99b4cdb699,CORPUS_DIRECT,,,KEEP_PENDING_RECONCILIATION,"Reconcile ID, authority and final target against corpus"
Sas-Executar/next-forge,GAP,GAP,context-menu.stories.tsx,blob,SOURCE_PATH_OBSERVED_AUTHORITY_NOT_ASSESSED,apps/storybook/stories/context-menu.stories.tsx,apps/storybook/stories/context-menu.stories.tsx,,,main,f189de79ceef7c1ef69f61f12e272f99b4cdb699,CORPUS_DIRECT,,,KEEP_PENDING_RECONCILIATION,"Reconcile ID, authority and final target against corpus"
Sas-Executar/next-forge,GAP,GAP,dialog.stories.tsx,blob,SOURCE_PATH_OBSERVED_AUTHORITY_NOT_ASSESSED,apps/storybook/stories/dialog.stories.tsx,apps/storybook/stories/dialog.stories.tsx,,,main,f189de79ceef7c1ef69f61f12e272f99b4cdb699,CORPUS_DIRECT,,,KEEP_PENDING_RECONCILIATION,"Reconcile ID, authority and final target against corpus"
Sas-Executar/next-forge,GAP,GAP,drawer.stories.tsx,blob,SOURCE_PATH_OBSERVED_AUTHORITY_NOT_ASSESSED,apps/storybook/stories/drawer.stories.tsx,apps/storybook/stories/drawer.stories.tsx,,,main,f189de79ceef7c1ef69f61f12e272f99b4cdb699,CORPUS_DIRECT,,,KEEP_PENDING_RECONCILIATION,"Reconcile ID, authority and final target against corpus"
Sas-Executar/next-forge,GAP,GAP,dropdown-menu.stories.tsx,blob,SOURCE_PATH_OBSERVED_AUTHORITY_NOT_ASSESSED,apps/storybook/stories/dropdown-menu.stories.tsx,apps/storybook/stories/dropdown-menu.stories.tsx,,,main,f189de79ceef7c1ef69f61f12e272f99b4cdb699,CORPUS_DIRECT,,,KEEP_PENDING_RECONCILIATION,"Reconcile ID, authority and final target against corpus"
Sas-Executar/next-forge,GAP,GAP,form.stories.tsx,blob,SOURCE_PATH_OBSERVED_AUTHORITY_NOT_ASSESSED,apps/storybook/stories/form.stories.tsx,apps/storybook/stories/form.stories.tsx,,,main,f189de79ceef7c1ef69f61f12e272f99b4cdb699,CORPUS_DIRECT,,,KEEP_PENDING_RECONCILIATION,"Reconcile ID, authority and final target against corpus"
Sas-Executar/next-forge,GAP,GAP,hover-card.stories.tsx,blob,SOURCE_PATH_OBSERVED_AUTHORITY_NOT_ASSESSED,apps/storybook/stories/hover-card.stories.tsx,apps/storybook/stories/hover-card.stories.tsx,,,main,f189de79ceef7c1ef69f61f12e272f99b4cdb699,CORPUS_DIRECT,,,KEEP_PENDING_RECONCILIATION,"Reconcile ID, authority and final target against corpus"
Sas-Executar/next-forge,GAP,GAP,input-otp.stories.tsx,blob,SOURCE_PATH_OBSERVED_AUTHORITY_NOT_ASSESSED,apps/storybook/stories/input-otp.stories.tsx,apps/storybook/stories/input-otp.stories.tsx,,,main,f189de79ceef7c1ef69f61f12e272f99b4cdb699,CORPUS_DIRECT,,,KEEP_PENDING_RECONCILIATION,"Reconcile ID, authority and final target against corpus"
Sas-Executar/next-forge,GAP,GAP,input.stories.tsx,blob,SOURCE_PATH_OBSERVED_AUTHORITY_NOT_ASSESSED,apps/storybook/stories/input.stories.tsx,apps/storybook/stories/input.stories.tsx,,,main,f189de79ceef7c1ef69f61f12e272f99b4cdb699,CORPUS_DIRECT,,,KEEP_PENDING_RECONCILIATION,"Reconcile ID, authority and final target against corpus"
Sas-Executar/next-forge,GAP,GAP,label.stories.tsx,blob,SOURCE_PATH_OBSERVED_AUTHORITY_NOT_ASSESSED,apps/storybook/stories/label.stories.tsx,apps/storybook/stories/label.stories.tsx,,,main,f189de79ceef7c1ef69f61f12e272f99b4cdb699,CORPUS_DIRECT,,,KEEP_PENDING_RECONCILIATION,"Reconcile ID, authority and final target against corpus"
Sas-Executar/next-forge,GAP,GAP,menubar.stories.tsx,blob,SOURCE_PATH_OBSERVED_AUTHORITY_NOT_ASSESSED,apps/storybook/stories/menubar.stories.tsx,apps/storybook/stories/menubar.stories.tsx,,,main,f189de79ceef7c1ef69f61f12e272f99b4cdb699,CORPUS_DIRECT,,,KEEP_PENDING_RECONCILIATION,"Reconcile ID, authority and final target against corpus"
Sas-Executar/next-forge,GAP,GAP,navigation-menu.stories.tsx,blob,SOURCE_PATH_OBSERVED_AUTHORITY_NOT_ASSESSED,apps/storybook/stories/navigation-menu.stories.tsx,apps/storybook/stories/navigation-menu.stories.tsx,,,main,f189de79ceef7c1ef69f61f12e272f99b4cdb699,CORPUS_DIRECT,,,KEEP_PENDING_RECONCILIATION,"Reconcile ID, authority and final target against corpus"
Sas-Executar/next-forge,GAP,GAP,pagination.stories.tsx,blob,SOURCE_PATH_OBSERVED_AUTHORITY_NOT_ASSESSED,apps/storybook/stories/pagination.stories.tsx,apps/storybook/stories/pagination.stories.tsx,,,main,f189de79ceef7c1ef69f61f12e272f99b4cdb699,CORPUS_DIRECT,,,KEEP_PENDING_RECONCILIATION,"Reconcile ID, authority and final target against corpus"
Sas-Executar/next-forge,GAP,GAP,popover.stories.tsx,blob,SOURCE_PATH_OBSERVED_AUTHORITY_NOT_ASSESSED,apps/storybook/stories/popover.stories.tsx,apps/storybook/stories/popover.stories.tsx,,,main,f189de79ceef7c1ef69f61f12e272f99b4cdb699,CORPUS_DIRECT,,,KEEP_PENDING_RECONCILIATION,"Reconcile ID, authority and final target against corpus"
Sas-Executar/next-forge,GAP,GAP,progress.stories.tsx,blob,SOURCE_PATH_OBSERVED_AUTHORITY_NOT_ASSESSED,apps/storybook/stories/progress.stories.tsx,apps/storybook/stories/progress.stories.tsx,,,main,f189de79ceef7c1ef69f61f12e272f99b4cdb699,CORPUS_DIRECT,,,KEEP_PENDING_RECONCILIATION,"Reconcile ID, authority and final target against corpus"
Sas-Executar/next-forge,GAP,GAP,radio-group.stories.tsx,blob,SOURCE_PATH_OBSERVED_AUTHORITY_NOT_ASSESSED,apps/storybook/stories/radio-group.stories.tsx,apps/storybook/stories/radio-group.stories.tsx,,,main,f189de79ceef7c1ef69f61f12e272f99b4cdb699,CORPUS_DIRECT,,,KEEP_PENDING_RECONCILIATION,"Reconcile ID, authority and final target against corpus"
Sas-Executar/next-forge,GAP,GAP,resizable.stories.tsx,blob,SOURCE_PATH_OBSERVED_AUTHORITY_NOT_ASSESSED,apps/storybook/stories/resizable.stories.tsx,apps/storybook/stories/resizable.stories.tsx,,,main,f189de79ceef7c1ef69f61f12e272f99b4cdb699,CORPUS_DIRECT,,,KEEP_PENDING_RECONCILIATION,"Reconcile ID, authority and final target against corpus"
Sas-Executar/next-forge,GAP,GAP,scroll-area.stories.tsx,blob,SOURCE_PATH_OBSERVED_AUTHORITY_NOT_ASSESSED,apps/storybook/stories/scroll-area.stories.tsx,apps/storybook/stories/scroll-area.stories.tsx,,,main,f189de79ceef7c1ef69f61f12e272f99b4cdb699,CORPUS_DIRECT,,,KEEP_PENDING_RECONCILIATION,"Reconcile ID, authority and final target against corpus"
Sas-Executar/next-forge,GAP,GAP,select.stories.tsx,blob,SOURCE_PATH_OBSERVED_AUTHORITY_NOT_ASSESSED,apps/storybook/stories/select.stories.tsx,apps/storybook/stories/select.stories.tsx,,,main,f189de79ceef7c1ef69f61f12e272f99b4cdb699,CORPUS_DIRECT,,,KEEP_PENDING_RECONCILIATION,"Reconcile ID, authority and final target against corpus"
Sas-Executar/next-forge,GAP,GAP,separator.stories.tsx,blob,SOURCE_PATH_OBSERVED_AUTHORITY_NOT_ASSESSED,apps/storybook/stories/separator.stories.tsx,apps/storybook/stories/separator.stories.tsx,,,main,f189de79ceef7c1ef69f61f12e272f99b4cdb699,CORPUS_DIRECT,,,KEEP_PENDING_RECONCILIATION,"Reconcile ID, authority and final target against corpus"
Sas-Executar/next-forge,GAP,GAP,sheet.stories.tsx,blob,SOURCE_PATH_OBSERVED_AUTHORITY_NOT_ASSESSED,apps/storybook/stories/sheet.stories.tsx,apps/storybook/stories/sheet.stories.tsx,,,main,f189de79ceef7c1ef69f61f12e272f99b4cdb699,CORPUS_DIRECT,,,KEEP_PENDING_RECONCILIATION,"Reconcile ID, authority and final target against corpus"
Sas-Executar/next-forge,GAP,GAP,sidebar.stories.tsx,blob,SOURCE_PATH_OBSERVED_AUTHORITY_NOT_ASSESSED,apps/storybook/stories/sidebar.stories.tsx,apps/storybook/stories/sidebar.stories.tsx,,,main,f189de79ceef7c1ef69f61f12e272f99b4cdb699,CORPUS_DIRECT,,,KEEP_PENDING_RECONCILIATION,"Reconcile ID, authority and final target against corpus"
Sas-Executar/next-forge,GAP,GAP,skeleton.stories.tsx,blob,SOURCE_PATH_OBSERVED_AUTHORITY_NOT_ASSESSED,apps/storybook/stories/skeleton.stories.tsx,apps/storybook/stories/skeleton.stories.tsx,,,main,f189de79ceef7c1ef69f61f12e272f99b4cdb699,CORPUS_DIRECT,,,KEEP_PENDING_RECONCILIATION,"Reconcile ID, authority and final target against corpus"
Sas-Executar/next-forge,GAP,GAP,slider.stories.tsx,blob,SOURCE_PATH_OBSERVED_AUTHORITY_NOT_ASSESSED,apps/storybook/stories/slider.stories.tsx,apps/storybook/stories/slider.stories.tsx,,,main,f189de79ceef7c1ef69f61f12e272f99b4cdb699,CORPUS_DIRECT,,,KEEP_PENDING_RECONCILIATION,"Reconcile ID, authority and final target against corpus"
Sas-Executar/next-forge,GAP,GAP,sonner.stories.tsx,blob,SOURCE_PATH_OBSERVED_AUTHORITY_NOT_ASSESSED,apps/storybook/stories/sonner.stories.tsx,apps/storybook/stories/sonner.stories.tsx,,,main,f189de79ceef7c1ef69f61f12e272f99b4cdb699,CORPUS_DIRECT,,,KEEP_PENDING_RECONCILIATION,"Reconcile ID, authority and final target against corpus"
Sas-Executar/next-forge,GAP,GAP,switch.stories.tsx,blob,SOURCE_PATH_OBSERVED_AUTHORITY_NOT_ASSESSED,apps/storybook/stories/switch.stories.tsx,apps/storybook/stories/switch.stories.tsx,,,main,f189de79ceef7c1ef69f61f12e272f99b4cdb699,CORPUS_DIRECT,,,KEEP_PENDING_RECONCILIATION,"Reconcile ID, authority and final target against corpus"
Sas-Executar/next-forge,GAP,GAP,table.stories.tsx,blob,SOURCE_PATH_OBSERVED_AUTHORITY_NOT_ASSESSED,apps/storybook/stories/table.stories.tsx,apps/storybook/stories/table.stories.tsx,,,main,f189de79ceef7c1ef69f61f12e272f99b4cdb699,CORPUS_DIRECT,,,KEEP_PENDING_RECONCILIATION,"Reconcile ID, authority and final target against corpus"
Sas-Executar/next-forge,GAP,GAP,tabs.stories.tsx,blob,SOURCE_PATH_OBSERVED_AUTHORITY_NOT_ASSESSED,apps/storybook/stories/tabs.stories.tsx,apps/storybook/stories/tabs.stories.tsx,,,main,f189de79ceef7c1ef69f61f12e272f99b4cdb699,CORPUS_DIRECT,,,KEEP_PENDING_RECONCILIATION,"Reconcile ID, authority and final target against corpus"
Sas-Executar/next-forge,GAP,GAP,textarea.stories.tsx,blob,SOURCE_PATH_OBSERVED_AUTHORITY_NOT_ASSESSED,apps/storybook/stories/textarea.stories.tsx,apps/storybook/stories/textarea.stories.tsx,,,main,f189de79ceef7c1ef69f61f12e272f99b4cdb699,CORPUS_DIRECT,,,KEEP_PENDING_RECONCILIATION,"Reconcile ID, authority and final target against corpus"
Sas-Executar/next-forge,GAP,GAP,toggle-group.stories.tsx,blob,SOURCE_PATH_OBSERVED_AUTHORITY_NOT_ASSESSED,apps/storybook/stories/toggle-group.stories.tsx,apps/storybook/stories/toggle-group.stories.tsx,,,main,f189de79ceef7c1ef69f61f12e272f99b4cdb699,CORPUS_DIRECT,,,KEEP_PENDING_RECONCILIATION,"Reconcile ID, authority and final target against corpus"
Sas-Executar/next-forge,GAP,GAP,toggle.stories.tsx,blob,SOURCE_PATH_OBSERVED_AUTHORITY_NOT_ASSESSED,apps/storybook/stories/toggle.stories.tsx,apps/storybook/stories/toggle.stories.tsx,,,main,f189de79ceef7c1ef69f61f12e272f99b4cdb699,CORPUS_DIRECT,,,KEEP_PENDING_RECONCILIATION,"Reconcile ID, authority and final target against corpus"
Sas-Executar/next-forge,GAP,GAP,tooltip.stories.tsx,blob,SOURCE_PATH_OBSERVED_AUTHORITY_NOT_ASSESSED,apps/storybook/stories/tooltip.stories.tsx,apps/storybook/stories/tooltip.stories.tsx,,,main,f189de79ceef7c1ef69f61f12e272f99b4cdb699,CORPUS_DIRECT,,,KEEP_PENDING_RECONCILIATION,"Reconcile ID, authority and final target against corpus"
Sas-Executar/next-forge,GAP,GAP,tsconfig.json,blob,SOURCE_PATH_OBSERVED_AUTHORITY_NOT_ASSESSED,apps/storybook/tsconfig.json,apps/storybook/tsconfig.json,,,main,f189de79ceef7c1ef69f61f12e272f99b4cdb699,CORPUS_DIRECT,,,KEEP_PENDING_RECONCILIATION,"Reconcile ID, authority and final target against corpus"
Sas-Executar/next-forge,GAP,GAP,vercel.json,blob,SOURCE_PATH_OBSERVED_AUTHORITY_NOT_ASSESSED,apps/storybook/vercel.json,apps/storybook/vercel.json,,,main,f189de79ceef7c1ef69f61f12e272f99b4cdb699,CORPUS_DIRECT,,,KEEP_PENDING_RECONCILIATION,"Reconcile ID, authority and final target against corpus"
Sas-Executar/next-forge,GAP,GAP,package.json,blob,SOURCE_PATH_OBSERVED_AUTHORITY_NOT_ASSESSED,apps/studio/package.json,apps/studio/package.json,,,main,f189de79ceef7c1ef69f61f12e272f99b4cdb699,CORPUS_DIRECT,,,KEEP_PENDING_RECONCILIATION,"Reconcile ID, authority and final target against corpus"
Sas-Executar/next-forge,GAP,GAP,tsconfig.json,blob,SOURCE_PATH_OBSERVED_AUTHORITY_NOT_ASSESSED,apps/studio/tsconfig.json,apps/studio/tsconfig.json,,,main,f189de79ceef7c1ef69f61f12e272f99b4cdb699,CORPUS_DIRECT,,,KEEP_PENDING_RECONCILIATION,"Reconcile ID, authority and final target against corpus"
Sas-Executar/next-forge,GAP,GAP,.env.example,blob,SOURCE_PATH_OBSERVED_AUTHORITY_NOT_ASSESSED,apps/web/.env.example,apps/web/.env.example,,,main,f189de79ceef7c1ef69f61f12e272f99b4cdb699,CORPUS_DIRECT,,,KEEP_PENDING_RECONCILIATION,"Reconcile ID, authority and final target against corpus"
Sas-Executar/next-forge,GAP,GAP,.gitignore,blob,SOURCE_PATH_OBSERVED_AUTHORITY_NOT_ASSESSED,apps/web/.gitignore,apps/web/.gitignore,,,main,f189de79ceef7c1ef69f61f12e272f99b4cdb699,CORPUS_DIRECT,,,KEEP_PENDING_RECONCILIATION,"Reconcile ID, authority and final target against corpus"
Sas-Executar/next-forge,GAP,GAP,route.ts,blob,SOURCE_PATH_OBSERVED_AUTHORITY_NOT_ASSESSED,apps/web/app/.well-known/vercel/flags/route.ts,apps/web/app/.well-known/vercel/flags/route.ts,,,main,f189de79ceef7c1ef69f61f12e272f99b4cdb699,CORPUS_DIRECT,,,KEEP_PENDING_RECONCILIATION,"Reconcile ID, authority and final target against corpus"
Sas-Executar/next-forge,GAP,GAP,cases.tsx,blob,SOURCE_PATH_OBSERVED_AUTHORITY_NOT_ASSESSED,apps/web/app/[locale]/(home)/components/cases.tsx,apps/web/app/[locale]/(home)/components/cases.tsx,,,main,f189de79ceef7c1ef69f61f12e272f99b4cdb699,CORPUS_DIRECT,,,KEEP_PENDING_RECONCILIATION,"Reconcile ID, authority and final target against corpus"
Sas-Executar/next-forge,GAP,GAP,cta.tsx,blob,SOURCE_PATH_OBSERVED_AUTHORITY_NOT_ASSESSED,apps/web/app/[locale]/(home)/components/cta.tsx,apps/web/app/[locale]/(home)/components/cta.tsx,,,main,f189de79ceef7c1ef69f61f12e272f99b4cdb699,CORPUS_DIRECT,,,KEEP_PENDING_RECONCILIATION,"Reconcile ID, authority and final target against corpus"
Sas-Executar/next-forge,GAP,GAP,faq.tsx,blob,SOURCE_PATH_OBSERVED_AUTHORITY_NOT_ASSESSED,apps/web/app/[locale]/(home)/components/faq.tsx,apps/web/app/[locale]/(home)/components/faq.tsx,,,main,f189de79ceef7c1ef69f61f12e272f99b4cdb699,CORPUS_DIRECT,,,KEEP_PENDING_RECONCILIATION,"Reconcile ID, authority and final target against corpus"
Sas-Executar/next-forge,GAP,GAP,features.tsx,blob,SOURCE_PATH_OBSERVED_AUTHORITY_NOT_ASSESSED,apps/web/app/[locale]/(home)/components/features.tsx,apps/web/app/[locale]/(home)/components/features.tsx,,,main,f189de79ceef7c1ef69f61f12e272f99b4cdb699,CORPUS_DIRECT,,,KEEP_PENDING_RECONCILIATION,"Reconcile ID, authority and final target against corpus"
Sas-Executar/next-forge,GAP,GAP,hero.tsx,blob,SOURCE_PATH_OBSERVED_AUTHORITY_NOT_ASSESSED,apps/web/app/[locale]/(home)/components/hero.tsx,apps/web/app/[locale]/(home)/components/hero.tsx,,,main,f189de79ceef7c1ef69f61f12e272f99b4cdb699,CORPUS_DIRECT,,,KEEP_PENDING_RECONCILIATION,"Reconcile ID, authority and final target against corpus"
Sas-Executar/next-forge,GAP,GAP,stats.tsx,blob,SOURCE_PATH_OBSERVED_AUTHORITY_NOT_ASSESSED,apps/web/app/[locale]/(home)/components/stats.tsx,apps/web/app/[locale]/(home)/components/stats.tsx,,,main,f189de79ceef7c1ef69f61f12e272f99b4cdb699,CORPUS_DIRECT,,,KEEP_PENDING_RECONCILIATION,"Reconcile ID, authority and final target against corpus"
Sas-Executar/next-forge,GAP,GAP,testimonials.tsx,blob,SOURCE_PATH_OBSERVED_AUTHORITY_NOT_ASSESSED,apps/web/app/[locale]/(home)/components/testimonials.tsx,apps/web/app/[locale]/(home)/components/testimonials.tsx,,,main,f189de79ceef7c1ef69f61f12e272f99b4cdb699,CORPUS_DIRECT,,,KEEP_PENDING_RECONCILIATION,"Reconcile ID, authority and final target against corpus"
Sas-Executar/next-forge,GAP,GAP,page.tsx,blob,SOURCE_PATH_OBSERVED_AUTHORITY_NOT_ASSESSED,apps/web/app/[locale]/(home)/page.tsx,apps/web/app/[locale]/(home)/page.tsx,,,main,f189de79ceef7c1ef69f61f12e272f99b4cdb699,CORPUS_DIRECT,,,KEEP_PENDING_RECONCILIATION,"Reconcile ID, authority and final target against corpus"
Sas-Executar/next-forge,GAP,GAP,apple-icon.png,blob,SOURCE_PATH_OBSERVED_AUTHORITY_NOT_ASSESSED,apps/web/app/[locale]/apple-icon.png,apps/web/app/[locale]/apple-icon.png,,,main,f189de79ceef7c1ef69f61f12e272f99b4cdb699,CORPUS_DIRECT,,,KEEP_PENDING_RECONCILIATION,"Reconcile ID, authority and final target against corpus"
Sas-Executar/next-forge,GAP,GAP,page.tsx,blob,SOURCE_PATH_OBSERVED_AUTHORITY_NOT_ASSESSED,apps/web/app/[locale]/blog/[slug]/page.tsx,apps/web/app/[locale]/blog/[slug]/page.tsx,,,main,f189de79ceef7c1ef69f61f12e272f99b4cdb699,CORPUS_DIRECT,,,KEEP_PENDING_RECONCILIATION,"Reconcile ID, authority and final target against corpus"
Sas-Executar/next-forge,GAP,GAP,page.tsx,blob,SOURCE_PATH_OBSERVED_AUTHORITY_NOT_ASSESSED,apps/web/app/[locale]/blog/page.tsx,apps/web/app/[locale]/blog/page.tsx,,,main,f189de79ceef7c1ef69f61f12e272f99b4cdb699,CORPUS_DIRECT,,,KEEP_PENDING_RECONCILIATION,"Reconcile ID, authority and final target against corpus"
Sas-Executar/next-forge,GAP,GAP,footer.tsx,blob,SOURCE_PATH_OBSERVED_AUTHORITY_NOT_ASSESSED,apps/web/app/[locale]/components/footer.tsx,apps/web/app/[locale]/components/footer.tsx,,,main,f189de79ceef7c1ef69f61f12e272f99b4cdb699,CORPUS_DIRECT,,,KEEP_PENDING_RECONCILIATION,"Reconcile ID, authority and final target against corpus"
Sas-Executar/next-forge,GAP,GAP,index.tsx,blob,SOURCE_PATH_OBSERVED_AUTHORITY_NOT_ASSESSED,apps/web/app/[locale]/components/header/index.tsx,apps/web/app/[locale]/components/header/index.tsx,,,main,f189de79ceef7c1ef69f61f12e272f99b4cdb699,CORPUS_DIRECT,,,KEEP_PENDING_RECONCILIATION,"Reconcile ID, authority and final target against corpus"
Sas-Executar/next-forge,GAP,GAP,language-switcher.tsx,blob,SOURCE_PATH_OBSERVED_AUTHORITY_NOT_ASSESSED,apps/web/app/[locale]/components/header/language-switcher.tsx,apps/web/app/[locale]/components/header/language-switcher.tsx,,,main,f189de79ceef7c1ef69f61f12e272f99b4cdb699,CORPUS_DIRECT,,,KEEP_PENDING_RECONCILIATION,"Reconcile ID, authority and final target against corpus"
Sas-Executar/next-forge,GAP,GAP,contact.tsx,blob,SOURCE_PATH_OBSERVED_AUTHORITY_NOT_ASSESSED,apps/web/app/[locale]/contact/actions/contact.tsx,apps/web/app/[locale]/contact/actions/contact.tsx,,,main,f189de79ceef7c1ef69f61f12e272f99b4cdb699,CORPUS_DIRECT,,,KEEP_PENDING_RECONCILIATION,"Reconcile ID, authority and final target against corpus"
Sas-Executar/next-forge,GAP,GAP,contact-form.tsx,blob,SOURCE_PATH_OBSERVED_AUTHORITY_NOT_ASSESSED,apps/web/app/[locale]/contact/components/contact-form.tsx,apps/web/app/[locale]/contact/components/contact-form.tsx,,,main,f189de79ceef7c1ef69f61f12e272f99b4cdb699,CORPUS_DIRECT,,,KEEP_PENDING_RECONCILIATION,"Reconcile ID, authority and final target against corpus"
Sas-Executar/next-forge,GAP,GAP,page.tsx,blob,SOURCE_PATH_OBSERVED_AUTHORITY_NOT_ASSESSED,apps/web/app/[locale]/contact/page.tsx,apps/web/app/[locale]/contact/page.tsx,,,main,f189de79ceef7c1ef69f61f12e272f99b4cdb699,CORPUS_DIRECT,,,KEEP_PENDING_RECONCILIATION,"Reconcile ID, authority and final target against corpus"
Sas-Executar/next-forge,GAP,GAP,global-error.tsx,blob,SOURCE_PATH_OBSERVED_AUTHORITY_NOT_ASSESSED,apps/web/app/[locale]/global-error.tsx,apps/web/app/[locale]/global-error.tsx,,,main,f189de79ceef7c1ef69f61f12e272f99b4cdb699,CORPUS_DIRECT,,,KEEP_PENDING_RECONCILIATION,"Reconcile ID, authority and final target against corpus"
Sas-Executar/next-forge,GAP,GAP,icon.png,blob,SOURCE_PATH_OBSERVED_AUTHORITY_NOT_ASSESSED,apps/web/app/[locale]/icon.png,apps/web/app/[locale]/icon.png,,,main,f189de79ceef7c1ef69f61f12e272f99b4cdb699,CORPUS_DIRECT,,,KEEP_PENDING_RECONCILIATION,"Reconcile ID, authority and final target against corpus"
Sas-Executar/next-forge,GAP,GAP,layout.tsx,blob,SOURCE_PATH_OBSERVED_AUTHORITY_NOT_ASSESSED,apps/web/app/[locale]/layout.tsx,apps/web/app/[locale]/layout.tsx,,,main,f189de79ceef7c1ef69f61f12e272f99b4cdb699,CORPUS_DIRECT,,,KEEP_PENDING_RECONCILIATION,"Reconcile ID, authority and final target against corpus"
Sas-Executar/next-forge,GAP,GAP,page.tsx,blob,SOURCE_PATH_OBSERVED_AUTHORITY_NOT_ASSESSED,apps/web/app/[locale]/legal/[slug]/page.tsx,apps/web/app/[locale]/legal/[slug]/page.tsx,,,main,f189de79ceef7c1ef69f61f12e272f99b4cdb699,CORPUS_DIRECT,,,KEEP_PENDING_RECONCILIATION,"Reconcile ID, authority and final target against corpus"
Sas-Executar/next-forge,GAP,GAP,layout.tsx,blob,SOURCE_PATH_OBSERVED_AUTHORITY_NOT_ASSESSED,apps/web/app/[locale]/legal/layout.tsx,apps/web/app/[locale]/legal/layout.tsx,,,main,f189de79ceef7c1ef69f61f12e272f99b4cdb699,CORPUS_DIRECT,,,KEEP_PENDING_RECONCILIATION,"Reconcile ID, authority and final target against corpus"
Sas-Executar/next-forge,GAP,GAP,opengraph-image.png,blob,SOURCE_PATH_OBSERVED_AUTHORITY_NOT_ASSESSED,apps/web/app/[locale]/opengraph-image.png,apps/web/app/[locale]/opengraph-image.png,,,main,f189de79ceef7c1ef69f61f12e272f99b4cdb699,CORPUS_DIRECT,,,KEEP_PENDING_RECONCILIATION,"Reconcile ID, authority and final target against corpus"
Sas-Executar/next-forge,GAP,GAP,page.tsx,blob,SOURCE_PATH_OBSERVED_AUTHORITY_NOT_ASSESSED,apps/web/app/[locale]/pricing/page.tsx,apps/web/app/[locale]/pricing/page.tsx,,,main,f189de79ceef7c1ef69f61f12e272f99b4cdb699,CORPUS_DIRECT,,,KEEP_PENDING_RECONCILIATION,"Reconcile ID, authority and final target against corpus"
Sas-Executar/next-forge,GAP,GAP,robots.ts,blob,SOURCE_PATH_OBSERVED_AUTHORITY_NOT_ASSESSED,apps/web/app/[locale]/robots.ts,apps/web/app/[locale]/robots.ts,,,main,f189de79ceef7c1ef69f61f12e272f99b4cdb699,CORPUS_DIRECT,,,KEEP_PENDING_RECONCILIATION,"Reconcile ID, authority and final target against corpus"
Sas-Executar/next-forge,GAP,GAP,sitemap.ts,blob,SOURCE_PATH_OBSERVED_AUTHORITY_NOT_ASSESSED,apps/web/app/[locale]/sitemap.ts,apps/web/app/[locale]/sitemap.ts,,,main,f189de79ceef7c1ef69f61f12e272f99b4cdb699,CORPUS_DIRECT,,,KEEP_PENDING_RECONCILIATION,"Reconcile ID, authority and final target against corpus"
Sas-Executar/next-forge,GAP,GAP,styles.css,blob,SOURCE_PATH_OBSERVED_AUTHORITY_NOT_ASSESSED,apps/web/app/[locale]/styles.css,apps/web/app/[locale]/styles.css,,,main,f189de79ceef7c1ef69f61f12e272f99b4cdb699,CORPUS_DIRECT,,,KEEP_PENDING_RECONCILIATION,"Reconcile ID, authority and final target against corpus"
Sas-Executar/next-forge,GAP,GAP,sidebar.tsx,blob,SOURCE_PATH_OBSERVED_AUTHORITY_NOT_ASSESSED,apps/web/components/sidebar.tsx,apps/web/components/sidebar.tsx,,,main,f189de79ceef7c1ef69f61f12e272f99b4cdb699,CORPUS_DIRECT,,,KEEP_PENDING_RECONCILIATION,"Reconcile ID, authority and final target against corpus"
Sas-Executar/next-forge,GAP,GAP,env.ts,blob,SOURCE_PATH_OBSERVED_AUTHORITY_NOT_ASSESSED,apps/web/env.ts,apps/web/env.ts,,,main,f189de79ceef7c1ef69f61f12e272f99b4cdb699,CORPUS_DIRECT,,,KEEP_PENDING_RECONCILIATION,"Reconcile ID, authority and final target against corpus"
Sas-Executar/next-forge,GAP,GAP,instrumentation-client.ts,blob,SOURCE_PATH_OBSERVED_AUTHORITY_NOT_ASSESSED,apps/web/instrumentation-client.ts,apps/web/instrumentation-client.ts,,,main,f189de79ceef7c1ef69f61f12e272f99b4cdb699,CORPUS_DIRECT,,,KEEP_PENDING_RECONCILIATION,"Reconcile ID, authority and final target against corpus"
Sas-Executar/next-forge,GAP,GAP,instrumentation.ts,blob,SOURCE_PATH_OBSERVED_AUTHORITY_NOT_ASSESSED,apps/web/instrumentation.ts,apps/web/instrumentation.ts,,,main,f189de79ceef7c1ef69f61f12e272f99b4cdb699,CORPUS_DIRECT,,,KEEP_PENDING_RECONCILIATION,"Reconcile ID, authority and final target against corpus"
Sas-Executar/next-forge,GAP,GAP,next.config.ts,blob,SOURCE_PATH_OBSERVED_AUTHORITY_NOT_ASSESSED,apps/web/next.config.ts,apps/web/next.config.ts,,,main,f189de79ceef7c1ef69f61f12e272f99b4cdb699,CORPUS_DIRECT,,,KEEP_PENDING_RECONCILIATION,"Reconcile ID, authority and final target against corpus"
Sas-Executar/next-forge,GAP,GAP,package.json,blob,SOURCE_PATH_OBSERVED_AUTHORITY_NOT_ASSESSED,apps/web/package.json,apps/web/package.json,,,main,f189de79ceef7c1ef69f61f12e272f99b4cdb699,CORPUS_DIRECT,,,KEEP_PENDING_RECONCILIATION,"Reconcile ID, authority and final target against corpus"
Sas-Executar/next-forge,GAP,GAP,postcss.config.mjs,blob,SOURCE_PATH_OBSERVED_AUTHORITY_NOT_ASSESSED,apps/web/postcss.config.mjs,apps/web/postcss.config.mjs,,,main,f189de79ceef7c1ef69f61f12e272f99b4cdb699,CORPUS_DIRECT,,,KEEP_PENDING_RECONCILIATION,"Reconcile ID, authority and final target against corpus"
Sas-Executar/next-forge,GAP,GAP,proxy.ts,blob,SOURCE_PATH_OBSERVED_AUTHORITY_NOT_ASSESSED,apps/web/proxy.ts,apps/web/proxy.ts,,,main,f189de79ceef7c1ef69f61f12e272f99b4cdb699,CORPUS_DIRECT,,,KEEP_PENDING_RECONCILIATION,"Reconcile ID, authority and final target against corpus"
Sas-Executar/next-forge,GAP,GAP,skip-ci.js,blob,SOURCE_PATH_OBSERVED_AUTHORITY_NOT_ASSESSED,apps/web/scripts/skip-ci.js,apps/web/scripts/skip-ci.js,,,main,f189de79ceef7c1ef69f61f12e272f99b4cdb699,CORPUS_DIRECT,,,KEEP_PENDING_RECONCILIATION,"Reconcile ID, authority and final target against corpus"
Sas-Executar/next-forge,GAP,GAP,sentry.edge.config.ts,blob,SOURCE_PATH_OBSERVED_AUTHORITY_NOT_ASSESSED,apps/web/sentry.edge.config.ts,apps/web/sentry.edge.config.ts,,,main,f189de79ceef7c1ef69f61f12e272f99b4cdb699,CORPUS_DIRECT,,,KEEP_PENDING_RECONCILIATION,"Reconcile ID, authority and final target against corpus"
Sas-Executar/next-forge,GAP,GAP,sentry.server.config.ts,blob,SOURCE_PATH_OBSERVED_AUTHORITY_NOT_ASSESSED,apps/web/sentry.server.config.ts,apps/web/sentry.server.config.ts,,,main,f189de79ceef7c1ef69f61f12e272f99b4cdb699,CORPUS_DIRECT,,,KEEP_PENDING_RECONCILIATION,"Reconcile ID, authority and final target against corpus"
Sas-Executar/next-forge,GAP,GAP,tsconfig.json,blob,SOURCE_PATH_OBSERVED_AUTHORITY_NOT_ASSESSED,apps/web/tsconfig.json,apps/web/tsconfig.json,,,main,f189de79ceef7c1ef69f61f12e272f99b4cdb699,CORPUS_DIRECT,,,KEEP_PENDING_RECONCILIATION,"Reconcile ID, authority and final target against corpus"
Sas-Executar/next-forge,GAP,GAP,vercel.json,blob,SOURCE_PATH_OBSERVED_AUTHORITY_NOT_ASSESSED,apps/web/vercel.json,apps/web/vercel.json,,,main,f189de79ceef7c1ef69f61f12e272f99b4cdb699,CORPUS_DIRECT,,,KEEP_PENDING_RECONCILIATION,"Reconcile ID, authority and final target against corpus"
Sas-Executar/next-forge,GAP,GAP,biome.jsonc,blob,SOURCE_PATH_OBSERVED_AUTHORITY_NOT_ASSESSED,biome.jsonc,biome.jsonc,,,main,f189de79ceef7c1ef69f61f12e272f99b4cdb699,CORPUS_DIRECT,,,KEEP_PENDING_RECONCILIATION,"Reconcile ID, authority and final target against corpus"
Sas-Executar/next-forge,GAP,GAP,bun.lock,blob,SOURCE_PATH_OBSERVED_AUTHORITY_NOT_ASSESSED,bun.lock,bun.lock,,,main,f189de79ceef7c1ef69f61f12e272f99b4cdb699,CORPUS_DIRECT,,,KEEP_PENDING_RECONCILIATION,"Reconcile ID, authority and final target against corpus"
Sas-Executar/next-forge,GAP,GAP,.env.example,blob,SOURCE_PATH_OBSERVED_AUTHORITY_NOT_ASSESSED,docs/.env.example,docs/.env.example,,,main,f189de79ceef7c1ef69f61f12e272f99b4cdb699,CORPUS_DIRECT,,,KEEP_PENDING_RECONCILIATION,"Reconcile ID, authority and final target against corpus"
Sas-Executar/next-forge,GAP,GAP,.gitignore,blob,SOURCE_PATH_OBSERVED_AUTHORITY_NOT_ASSESSED,docs/.gitignore,docs/.gitignore,,,main,f189de79ceef7c1ef69f61f12e272f99b4cdb699,CORPUS_DIRECT,,,KEEP_PENDING_RECONCILIATION,"Reconcile ID, authority and final target against corpus"
Sas-Executar/next-forge,GAP,GAP,README.md,blob,SOURCE_PATH_OBSERVED_AUTHORITY_NOT_ASSESSED,docs/README.md,docs/README.md,,,main,f189de79ceef7c1ef69f61f12e272f99b4cdb699,CORPUS_DIRECT,,,KEEP_PENDING_RECONCILIATION,"Reconcile ID, authority and final target against corpus"
Sas-Executar/next-forge,GAP,GAP,api.png,blob,SOURCE_PATH_OBSERVED_AUTHORITY_NOT_ASSESSED,docs/app/[lang]/(home)/components/apps/api.png,docs/app/[lang]/(home)/components/apps/api.png,,,main,f189de79ceef7c1ef69f61f12e272f99b4cdb699,CORPUS_DIRECT,,,KEEP_PENDING_RECONCILIATION,"Reconcile ID, authority and final target against corpus"
Sas-Executar/next-forge,GAP,GAP,app.png,blob,SOURCE_PATH_OBSERVED_AUTHORITY_NOT_ASSESSED,docs/app/[lang]/(home)/components/apps/app.png,docs/app/[lang]/(home)/components/apps/app.png,,,main,f189de79ceef7c1ef69f61f12e272f99b4cdb699,CORPUS_DIRECT,,,KEEP_PENDING_RECONCILIATION,"Reconcile ID, authority and final target against corpus"
Sas-Executar/next-forge,GAP,GAP,docs.png,blob,SOURCE_PATH_OBSERVED_AUTHORITY_NOT_ASSESSED,docs/app/[lang]/(home)/components/apps/docs.png,docs/app/[lang]/(home)/components/apps/docs.png,,,main,f189de79ceef7c1ef69f61f12e272f99b4cdb699,CORPUS_DIRECT,,,KEEP_PENDING_RECONCILIATION,"Reconcile ID, authority and final target against corpus"
Sas-Executar/next-forge,GAP,GAP,email.png,blob,SOURCE_PATH_OBSERVED_AUTHORITY_NOT_ASSESSED,docs/app/[lang]/(home)/components/apps/email.png,docs/app/[lang]/(home)/components/apps/email.png,,,main,f189de79ceef7c1ef69f61f12e272f99b4cdb699,CORPUS_DIRECT,,,KEEP_PENDING_RECONCILIATION,"Reconcile ID, authority and final target against corpus"
Sas-Executar/next-forge,GAP,GAP,index.tsx,blob,SOURCE_PATH_OBSERVED_AUTHORITY_NOT_ASSESSED,docs/app/[lang]/(home)/components/apps/index.tsx,docs/app/[lang]/(home)/components/apps/index.tsx,,,main,f189de79ceef7c1ef69f61f12e272f99b4cdb699,CORPUS_DIRECT,,,KEEP_PENDING_RECONCILIATION,"Reconcile ID, authority and final target against corpus"
Sas-Executar/next-forge,GAP,GAP,storybook.png,blob,SOURCE_PATH_OBSERVED_AUTHORITY_NOT_ASSESSED,docs/app/[lang]/(home)/components/apps/storybook.png,docs/app/[lang]/(home)/components/apps/storybook.png,,,main,f189de79ceef7c1ef69f61f12e272f99b4cdb699,CORPUS_DIRECT,,,KEEP_PENDING_RECONCILIATION,"Reconcile ID, authority and final target against corpus"
Sas-Executar/next-forge,GAP,GAP,studio.png,blob,SOURCE_PATH_OBSERVED_AUTHORITY_NOT_ASSESSED,docs/app/[lang]/(home)/components/apps/studio.png,docs/app/[lang]/(home)/components/apps/studio.png,,,main,f189de79ceef7c1ef69f61f12e272f99b4cdb699,CORPUS_DIRECT,,,KEEP_PENDING_RECONCILIATION,"Reconcile ID, authority and final target against corpus"
Sas-Executar/next-forge,GAP,GAP,web.png,blob,SOURCE_PATH_OBSERVED_AUTHORITY_NOT_ASSESSED,docs/app/[lang]/(home)/components/apps/web.png,docs/app/[lang]/(home)/components/apps/web.png,,,main,f189de79ceef7c1ef69f61f12e272f99b4cdb699,CORPUS_DIRECT,,,KEEP_PENDING_RECONCILIATION,"Reconcile ID, authority and final target against corpus"
Sas-Executar/next-forge,GAP,GAP,cta.tsx,blob,SOURCE_PATH_OBSERVED_AUTHORITY_NOT_ASSESSED,docs/app/[lang]/(home)/components/cta.tsx,docs/app/[lang]/(home)/components/cta.tsx,,,main,f189de79ceef7c1ef69f61f12e272f99b4cdb699,CORPUS_DIRECT,,,KEEP_PENDING_RECONCILIATION,"Reconcile ID, authority and final target against corpus"
Sas-Executar/next-forge,GAP,GAP,demo.tsx,blob,SOURCE_PATH_OBSERVED_AUTHORITY_NOT_ASSESSED,docs/app/[lang]/(home)/components/demo.tsx,docs/app/[lang]/(home)/components/demo.tsx,,,main,f189de79ceef7c1ef69f61f12e272f99b4cdb699,CORPUS_DIRECT,,,KEEP_PENDING_RECONCILIATION,"Reconcile ID, authority and final target against corpus"
Sas-Executar/next-forge,GAP,GAP,arcjet.svg,blob,SOURCE_PATH_OBSERVED_AUTHORITY_NOT_ASSESSED,docs/app/[lang]/(home)/components/features/arcjet.svg,docs/app/[lang]/(home)/components/features/arcjet.svg,,,main,f189de79ceef7c1ef69f61f12e272f99b4cdb699,CORPUS_DIRECT,,,KEEP_PENDING_RECONCILIATION,"Reconcile ID, authority and final target against corpus"
Sas-Executar/next-forge,GAP,GAP,basehub.svg,blob,SOURCE_PATH_OBSERVED_AUTHORITY_NOT_ASSESSED,docs/app/[lang]/(home)/components/features/basehub.svg,docs/app/[lang]/(home)/components/features/basehub.svg,,,main,f189de79ceef7c1ef69f61f12e272f99b4cdb699,CORPUS_DIRECT,,,KEEP_PENDING_RECONCILIATION,"Reconcile ID, authority and final target against corpus"
Sas-Executar/next-forge,GAP,GAP,better-stack.svg,blob,SOURCE_PATH_OBSERVED_AUTHORITY_NOT_ASSESSED,docs/app/[lang]/(home)/components/features/better-stack.svg,docs/app/[lang]/(home)/components/features/better-stack.svg,,,main,f189de79ceef7c1ef69f61f12e272f99b4cdb699,CORPUS_DIRECT,,,KEEP_PENDING_RECONCILIATION,"Reconcile ID, authority and final target against corpus"
Sas-Executar/next-forge,GAP,GAP,clerk.svg,blob,SOURCE_PATH_OBSERVED_AUTHORITY_NOT_ASSESSED,docs/app/[lang]/(home)/components/features/clerk.svg,docs/app/[lang]/(home)/components/features/clerk.svg,,,main,f189de79ceef7c1ef69f61f12e272f99b4cdb699,CORPUS_DIRECT,,,KEEP_PENDING_RECONCILIATION,"Reconcile ID, authority and final target against corpus"
Sas-Executar/next-forge,GAP,GAP,cmdk.svg,blob,SOURCE_PATH_OBSERVED_AUTHORITY_NOT_ASSESSED,docs/app/[lang]/(home)/components/features/cmdk.svg,docs/app/[lang]/(home)/components/features/cmdk.svg,,,main,f189de79ceef7c1ef69f61f12e272f99b4cdb699,CORPUS_DIRECT,,,KEEP_PENDING_RECONCILIATION,"Reconcile ID, authority and final target against corpus"
Sas-Executar/next-forge,GAP,GAP,google-analytics.svg,blob,SOURCE_PATH_OBSERVED_AUTHORITY_NOT_ASSESSED,docs/app/[lang]/(home)/components/features/google-analytics.svg,docs/app/[lang]/(home)/components/features/google-analytics.svg,,,main,f189de79ceef7c1ef69f61f12e272f99b4cdb699,CORPUS_DIRECT,,,KEEP_PENDING_RECONCILIATION,"Reconcile ID, authority and final target against corpus"
Sas-Executar/next-forge,GAP,GAP,index.tsx,blob,SOURCE_PATH_OBSERVED_AUTHORITY_NOT_ASSESSED,docs/app/[lang]/(home)/components/features/index.tsx,docs/app/[lang]/(home)/components/features/index.tsx,,,main,f189de79ceef7c1ef69f61f12e272f99b4cdb699,CORPUS_DIRECT,,,KEEP_PENDING_RECONCILIATION,"Reconcile ID, authority and final target against corpus"
Sas-Executar/next-forge,GAP,GAP,liveblocks.svg,blob,SOURCE_PATH_OBSERVED_AUTHORITY_NOT_ASSESSED,docs/app/[lang]/(home)/components/features/liveblocks.svg,docs/app/[lang]/(home)/components/features/liveblocks.svg,,,main,f189de79ceef7c1ef69f61f12e272f99b4cdb699,CORPUS_DIRECT,,,KEEP_PENDING_RECONCILIATION,"Reconcile ID, authority and final target against corpus"
Sas-Executar/next-forge,GAP,GAP,lucide.svg,blob,SOURCE_PATH_OBSERVED_AUTHORITY_NOT_ASSESSED,docs/app/[lang]/(home)/components/features/lucide.svg,docs/app/[lang]/(home)/components/features/lucide.svg,,,main,f189de79ceef7c1ef69f61f12e272f99b4cdb699,CORPUS_DIRECT,,,KEEP_PENDING_RECONCILIATION,"Reconcile ID, authority and final target against corpus"
Sas-Executar/next-forge,GAP,GAP,neon.svg,blob,SOURCE_PATH_OBSERVED_AUTHORITY_NOT_ASSESSED,docs/app/[lang]/(home)/components/features/neon.svg,docs/app/[lang]/(home)/components/features/neon.svg,,,main,f189de79ceef7c1ef69f61f12e272f99b4cdb699,CORPUS_DIRECT,,,KEEP_PENDING_RECONCILIATION,"Reconcile ID, authority and final target against corpus"
Sas-Executar/next-forge,GAP,GAP,posthog.svg,blob,SOURCE_PATH_OBSERVED_AUTHORITY_NOT_ASSESSED,docs/app/[lang]/(home)/components/features/posthog.svg,docs/app/[lang]/(home)/components/features/posthog.svg,,,main,f189de79ceef7c1ef69f61f12e272f99b4cdb699,CORPUS_DIRECT,,,KEEP_PENDING_RECONCILIATION,"Reconcile ID, authority and final target against corpus"
Sas-Executar/next-forge,GAP,GAP,prisma.svg,blob,SOURCE_PATH_OBSERVED_AUTHORITY_NOT_ASSESSED,docs/app/[lang]/(home)/components/features/prisma.svg,docs/app/[lang]/(home)/components/features/prisma.svg,,,main,f189de79ceef7c1ef69f61f12e272f99b4cdb699,CORPUS_DIRECT,,,KEEP_PENDING_RECONCILIATION,"Reconcile ID, authority and final target against corpus"
Sas-Executar/next-forge,GAP,GAP,radix.svg,blob,SOURCE_PATH_OBSERVED_AUTHORITY_NOT_ASSESSED,docs/app/[lang]/(home)/components/features/radix.svg,docs/app/[lang]/(home)/components/features/radix.svg,,,main,f189de79ceef7c1ef69f61f12e272f99b4cdb699,CORPUS_DIRECT,,,KEEP_PENDING_RECONCILIATION,"Reconcile ID, authority and final target against corpus"
Sas-Executar/next-forge,GAP,GAP,react-email.svg,blob,SOURCE_PATH_OBSERVED_AUTHORITY_NOT_ASSESSED,docs/app/[lang]/(home)/components/features/react-email.svg,docs/app/[lang]/(home)/components/features/react-email.svg,,,main,f189de79ceef7c1ef69f61f12e272f99b4cdb699,CORPUS_DIRECT,,,KEEP_PENDING_RECONCILIATION,"Reconcile ID, authority and final target against corpus"
Sas-Executar/next-forge,GAP,GAP,react.svg,blob,SOURCE_PATH_OBSERVED_AUTHORITY_NOT_ASSESSED,docs/app/[lang]/(home)/components/features/react.svg,docs/app/[lang]/(home)/components/features/react.svg,,,main,f189de79ceef7c1ef69f61f12e272f99b4cdb699,CORPUS_DIRECT,,,KEEP_PENDING_RECONCILIATION,"Reconcile ID, authority and final target against corpus"
Sas-Executar/next-forge,GAP,GAP,recharts.svg,blob,SOURCE_PATH_OBSERVED_AUTHORITY_NOT_ASSESSED,docs/app/[lang]/(home)/components/features/recharts.svg,docs/app/[lang]/(home)/components/features/recharts.svg,,,main,f189de79ceef7c1ef69f61f12e272f99b4cdb699,CORPUS_DIRECT,,,KEEP_PENDING_RECONCILIATION,"Reconcile ID, authority and final target against corpus"
Sas-Executar/next-forge,GAP,GAP,resend.svg,blob,SOURCE_PATH_OBSERVED_AUTHORITY_NOT_ASSESSED,docs/app/[lang]/(home)/components/features/resend.svg,docs/app/[lang]/(home)/components/features/resend.svg,,,main,f189de79ceef7c1ef69f61f12e272f99b4cdb699,CORPUS_DIRECT,,,KEEP_PENDING_RECONCILIATION,"Reconcile ID, authority and final target against corpus"
Sas-Executar/next-forge,GAP,GAP,sentry.svg,blob,SOURCE_PATH_OBSERVED_AUTHORITY_NOT_ASSESSED,docs/app/[lang]/(home)/components/features/sentry.svg,docs/app/[lang]/(home)/components/features/sentry.svg,,,main,f189de79ceef7c1ef69f61f12e272f99b4cdb699,CORPUS_DIRECT,,,KEEP_PENDING_RECONCILIATION,"Reconcile ID, authority and final target against corpus"
Sas-Executar/next-forge,GAP,GAP,stripe.svg,blob,SOURCE_PATH_OBSERVED_AUTHORITY_NOT_ASSESSED,docs/app/[lang]/(home)/components/features/stripe.svg,docs/app/[lang]/(home)/components/features/stripe.svg,,,main,f189de79ceef7c1ef69f61f12e272f99b4cdb699,CORPUS_DIRECT,,,KEEP_PENDING_RECONCILIATION,"Reconcile ID, authority and final target against corpus"
Sas-Executar/next-forge,GAP,GAP,svix.svg,blob,SOURCE_PATH_OBSERVED_AUTHORITY_NOT_ASSESSED,docs/app/[lang]/(home)/components/features/svix.svg,docs/app/[lang]/(home)/components/features/svix.svg,,,main,f189de79ceef7c1ef69f61f12e272f99b4cdb699,CORPUS_DIRECT,,,KEEP_PENDING_RECONCILIATION,"Reconcile ID, authority and final target against corpus"
Sas-Executar/next-forge,GAP,GAP,tailwind.svg,blob,SOURCE_PATH_OBSERVED_AUTHORITY_NOT_ASSESSED,docs/app/[lang]/(home)/components/features/tailwind.svg,docs/app/[lang]/(home)/components/features/tailwind.svg,,,main,f189de79ceef7c1ef69f61f12e272f99b4cdb699,CORPUS_DIRECT,,,KEEP_PENDING_RECONCILIATION,"Reconcile ID, authority and final target against corpus"
Sas-Executar/next-forge,GAP,GAP,typescript.svg,blob,SOURCE_PATH_OBSERVED_AUTHORITY_NOT_ASSESSED,docs/app/[lang]/(home)/components/features/typescript.svg,docs/app/[lang]/(home)/components/features/typescript.svg,,,main,f189de79ceef7c1ef69f61f12e272f99b4cdb699,CORPUS_DIRECT,,,KEEP_PENDING_RECONCILIATION,"Reconcile ID, authority and final target against corpus"
Sas-Executar/next-forge,GAP,GAP,ultracite.svg,blob,SOURCE_PATH_OBSERVED_AUTHORITY_NOT_ASSESSED,docs/app/[lang]/(home)/components/features/ultracite.svg,docs/app/[lang]/(home)/components/features/ultracite.svg,,,main,f189de79ceef7c1ef69f61f12e272f99b4cdb699,CORPUS_DIRECT,,,KEEP_PENDING_RECONCILIATION,"Reconcile ID, authority and final target against corpus"
Sas-Executar/next-forge,GAP,GAP,vercel.svg,blob,SOURCE_PATH_OBSERVED_AUTHORITY_NOT_ASSESSED,docs/app/[lang]/(home)/components/features/vercel.svg,docs/app/[lang]/(home)/components/features/vercel.svg,,,main,f189de79ceef7c1ef69f61f12e272f99b4cdb699,CORPUS_DIRECT,,,KEEP_PENDING_RECONCILIATION,"Reconcile ID, authority and final target against corpus"
Sas-Executar/next-forge,GAP,GAP,zod.svg,blob,SOURCE_PATH_OBSERVED_AUTHORITY_NOT_ASSESSED,docs/app/[lang]/(home)/components/features/zod.svg,docs/app/[lang]/(home)/components/features/zod.svg,,,main,f189de79ceef7c1ef69f61f12e272f99b4cdb699,CORPUS_DIRECT,,,KEEP_PENDING_RECONCILIATION,"Reconcile ID, authority and final target against corpus"
Sas-Executar/next-forge,GAP,GAP,hero.tsx,blob,SOURCE_PATH_OBSERVED_AUTHORITY_NOT_ASSESSED,docs/app/[lang]/(home)/components/hero.tsx,docs/app/[lang]/(home)/components/hero.tsx,,,main,f189de79ceef7c1ef69f61f12e272f99b4cdb699,CORPUS_DIRECT,,,KEEP_PENDING_RECONCILIATION,"Reconcile ID, authority and final target against corpus"
Sas-Executar/next-forge,GAP,GAP,installer.tsx,blob,SOURCE_PATH_OBSERVED_AUTHORITY_NOT_ASSESSED,docs/app/[lang]/(home)/components/installer.tsx,docs/app/[lang]/(home)/components/installer.tsx,,,main,f189de79ceef7c1ef69f61f12e272f99b4cdb699,CORPUS_DIRECT,,,KEEP_PENDING_RECONCILIATION,"Reconcile ID, authority and final target against corpus"
Sas-Executar/next-forge,GAP,GAP,video.tsx,blob,SOURCE_PATH_OBSERVED_AUTHORITY_NOT_ASSESSED,docs/app/[lang]/(home)/components/video.tsx,docs/app/[lang]/(home)/components/video.tsx,,,main,f189de79ceef7c1ef69f61f12e272f99b4cdb699,CORPUS_DIRECT,,,KEEP_PENDING_RECONCILIATION,"Reconcile ID, authority and final target against corpus"
Sas-Executar/next-forge,GAP,GAP,layout.tsx,blob,SOURCE_PATH_OBSERVED_AUTHORITY_NOT_ASSESSED,docs/app/[lang]/(home)/layout.tsx,docs/app/[lang]/(home)/layout.tsx,,,main,f189de79ceef7c1ef69f61f12e272f99b4cdb699,CORPUS_DIRECT,,,KEEP_PENDING_RECONCILIATION,"Reconcile ID, authority and final target against corpus"
Sas-Executar/next-forge,GAP,GAP,page.tsx,blob,SOURCE_PATH_OBSERVED_AUTHORITY_NOT_ASSESSED,docs/app/[lang]/(home)/page.tsx,docs/app/[lang]/(home)/page.tsx,,,main,f189de79ceef7c1ef69f61f12e272f99b4cdb699,CORPUS_DIRECT,,,KEEP_PENDING_RECONCILIATION,"Reconcile ID, authority and final target against corpus"
Sas-Executar/next-forge,GAP,GAP,page.tsx,blob,SOURCE_PATH_OBSERVED_AUTHORITY_NOT_ASSESSED,docs/app/[lang]/docs/[[...slug]]/page.tsx,docs/app/[lang]/docs/[[...slug]]/page.tsx,,,main,f189de79ceef7c1ef69f61f12e272f99b4cdb699,CORPUS_DIRECT,,,KEEP_PENDING_RECONCILIATION,"Reconcile ID, authority and final target against corpus"
Sas-Executar/next-forge,GAP,GAP,layout.tsx,blob,SOURCE_PATH_OBSERVED_AUTHORITY_NOT_ASSESSED,docs/app/[lang]/docs/layout.tsx,docs/app/[lang]/docs/layout.tsx,,,main,f189de79ceef7c1ef69f61f12e272f99b4cdb699,CORPUS_DIRECT,,,KEEP_PENDING_RECONCILIATION,"Reconcile ID, authority and final target against corpus"
Sas-Executar/next-forge,GAP,GAP,layout.tsx,blob,SOURCE_PATH_OBSERVED_AUTHORITY_NOT_ASSESSED,docs/app/[lang]/layout.tsx,docs/app/[lang]/layout.tsx,,,main,f189de79ceef7c1ef69f61f12e272f99b4cdb699,CORPUS_DIRECT,,,KEEP_PENDING_RECONCILIATION,"Reconcile ID, authority and final target against corpus"
Sas-Executar/next-forge,GAP,GAP,route.ts,blob,SOURCE_PATH_OBSERVED_AUTHORITY_NOT_ASSESSED,docs/app/[lang]/llms.mdx/[[...slug]]/route.ts,docs/app/[lang]/llms.mdx/[[...slug]]/route.ts,,,main,f189de79ceef7c1ef69f61f12e272f99b4cdb699,CORPUS_DIRECT,,,KEEP_PENDING_RECONCILIATION,"Reconcile ID, authority and final target against corpus"
Sas-Executar/next-forge,GAP,GAP,route.ts,blob,SOURCE_PATH_OBSERVED_AUTHORITY_NOT_ASSESSED,docs/app/[lang]/llms.txt/route.ts,docs/app/[lang]/llms.txt/route.ts,,,main,f189de79ceef7c1ef69f61f12e272f99b4cdb699,CORPUS_DIRECT,,,KEEP_PENDING_RECONCILIATION,"Reconcile ID, authority and final target against corpus"
Sas-Executar/next-forge,GAP,GAP,background.png,blob,SOURCE_PATH_OBSERVED_AUTHORITY_NOT_ASSESSED,docs/app/[lang]/og/[...slug]/background.png,docs/app/[lang]/og/[...slug]/background.png,,,main,f189de79ceef7c1ef69f61f12e272f99b4cdb699,CORPUS_DIRECT,,,KEEP_PENDING_RECONCILIATION,"Reconcile ID, authority and final target against corpus"
Sas-Executar/next-forge,GAP,GAP,geist-sans-regular.ttf,blob,SOURCE_PATH_OBSERVED_AUTHORITY_NOT_ASSESSED,docs/app/[lang]/og/[...slug]/geist-sans-regular.ttf,docs/app/[lang]/og/[...slug]/geist-sans-regular.ttf,,,main,f189de79ceef7c1ef69f61f12e272f99b4cdb699,CORPUS_DIRECT,,,KEEP_PENDING_RECONCILIATION,"Reconcile ID, authority and final target against corpus"
Sas-Executar/next-forge,GAP,GAP,geist-sans-semibold.ttf,blob,SOURCE_PATH_OBSERVED_AUTHORITY_NOT_ASSESSED,docs/app/[lang]/og/[...slug]/geist-sans-semibold.ttf,docs/app/[lang]/og/[...slug]/geist-sans-semibold.ttf,,,main,f189de79ceef7c1ef69f61f12e272f99b4cdb699,CORPUS_DIRECT,,,KEEP_PENDING_RECONCILIATION,"Reconcile ID, authority and final target against corpus"
Sas-Executar/next-forge,GAP,GAP,route.tsx,blob,SOURCE_PATH_OBSERVED_AUTHORITY_NOT_ASSESSED,docs/app/[lang]/og/[...slug]/route.tsx,docs/app/[lang]/og/[...slug]/route.tsx,,,main,f189de79ceef7c1ef69f61f12e272f99b4cdb699,CORPUS_DIRECT,,,KEEP_PENDING_RECONCILIATION,"Reconcile ID, authority and final target against corpus"
Sas-Executar/next-forge,GAP,GAP,route.ts,blob,SOURCE_PATH_OBSERVED_AUTHORITY_NOT_ASSESSED,docs/app/[lang]/rss.xml/route.ts,docs/app/[lang]/rss.xml/route.ts,,,main,f189de79ceef7c1ef69f61f12e272f99b4cdb699,CORPUS_DIRECT,,,KEEP_PENDING_RECONCILIATION,"Reconcile ID, authority and final target against corpus"
Sas-Executar/next-forge,GAP,GAP,route.ts,blob,SOURCE_PATH_OBSERVED_AUTHORITY_NOT_ASSESSED,docs/app/[lang]/sitemap.md/route.ts,docs/app/[lang]/sitemap.md/route.ts,,,main,f189de79ceef7c1ef69f61f12e272f99b4cdb699,CORPUS_DIRECT,,,KEEP_PENDING_RECONCILIATION,"Reconcile ID, authority and final target against corpus"
Sas-Executar/next-forge,GAP,GAP,emotions.ts,blob,SOURCE_PATH_OBSERVED_AUTHORITY_NOT_ASSESSED,docs/app/actions/feedback/emotions.ts,docs/app/actions/feedback/emotions.ts,,,main,f189de79ceef7c1ef69f61f12e272f99b4cdb699,CORPUS_DIRECT,,,KEEP_PENDING_RECONCILIATION,"Reconcile ID, authority and final target against corpus"
Sas-Executar/next-forge,GAP,GAP,index.ts,blob,SOURCE_PATH_OBSERVED_AUTHORITY_NOT_ASSESSED,docs/app/actions/feedback/index.ts,docs/app/actions/feedback/index.ts,,,main,f189de79ceef7c1ef69f61f12e272f99b4cdb699,CORPUS_DIRECT,,,KEEP_PENDING_RECONCILIATION,"Reconcile ID, authority and final target against corpus"
Sas-Executar/next-forge,GAP,GAP,route.ts,blob,SOURCE_PATH_OBSERVED_AUTHORITY_NOT_ASSESSED,docs/app/api/chat/route.ts,docs/app/api/chat/route.ts,,,main,f189de79ceef7c1ef69f61f12e272f99b4cdb699,CORPUS_DIRECT,,,KEEP_PENDING_RECONCILIATION,"Reconcile ID, authority and final target against corpus"
Sas-Executar/next-forge,GAP,GAP,tools.ts,blob,SOURCE_PATH_OBSERVED_AUTHORITY_NOT_ASSESSED,docs/app/api/chat/tools.ts,docs/app/api/chat/tools.ts,,,main,f189de79ceef7c1ef69f61f12e272f99b4cdb699,CORPUS_DIRECT,,,KEEP_PENDING_RECONCILIATION,"Reconcile ID, authority and final target against corpus"
Sas-Executar/next-forge,GAP,GAP,types.ts,blob,SOURCE_PATH_OBSERVED_AUTHORITY_NOT_ASSESSED,docs/app/api/chat/types.ts,docs/app/api/chat/types.ts,,,main,f189de79ceef7c1ef69f61f12e272f99b4cdb699,CORPUS_DIRECT,,,KEEP_PENDING_RECONCILIATION,"Reconcile ID, authority and final target against corpus"
Sas-Executar/next-forge,GAP,GAP,utils.ts,blob,SOURCE_PATH_OBSERVED_AUTHORITY_NOT_ASSESSED,docs/app/api/chat/utils.ts,docs/app/api/chat/utils.ts,,,main,f189de79ceef7c1ef69f61f12e272f99b4cdb699,CORPUS_DIRECT,,,KEEP_PENDING_RECONCILIATION,"Reconcile ID, authority and final target against corpus"
Sas-Executar/next-forge,GAP,GAP,route.ts,blob,SOURCE_PATH_OBSERVED_AUTHORITY_NOT_ASSESSED,docs/app/api/search/route.ts,docs/app/api/search/route.ts,,,main,f189de79ceef7c1ef69f61f12e272f99b4cdb699,CORPUS_DIRECT,,,KEEP_PENDING_RECONCILIATION,"Reconcile ID, authority and final target against corpus"
Sas-Executar/next-forge,GAP,GAP,favicon.ico,blob,SOURCE_PATH_OBSERVED_AUTHORITY_NOT_ASSESSED,docs/app/favicon.ico,docs/app/favicon.ico,,,main,f189de79ceef7c1ef69f61f12e272f99b4cdb699,CORPUS_DIRECT,,,KEEP_PENDING_RECONCILIATION,"Reconcile ID, authority and final target against corpus"
Sas-Executar/next-forge,GAP,GAP,global.css,blob,SOURCE_PATH_OBSERVED_AUTHORITY_NOT_ASSESSED,docs/app/global.css,docs/app/global.css,,,main,f189de79ceef7c1ef69f61f12e272f99b4cdb699,CORPUS_DIRECT,,,KEEP_PENDING_RECONCILIATION,"Reconcile ID, authority and final target against corpus"
Sas-Executar/next-forge,GAP,GAP,opengraph-image.png,blob,SOURCE_PATH_OBSERVED_AUTHORITY_NOT_ASSESSED,docs/app/opengraph-image.png,docs/app/opengraph-image.png,,,main,f189de79ceef7c1ef69f61f12e272f99b4cdb699,CORPUS_DIRECT,,,KEEP_PENDING_RECONCILIATION,"Reconcile ID, authority and final target against corpus"
Sas-Executar/next-forge,GAP,GAP,robots.ts,blob,SOURCE_PATH_OBSERVED_AUTHORITY_NOT_ASSESSED,docs/app/robots.ts,docs/app/robots.ts,,,main,f189de79ceef7c1ef69f61f12e272f99b4cdb699,CORPUS_DIRECT,,,KEEP_PENDING_RECONCILIATION,"Reconcile ID, authority and final target against corpus"
Sas-Executar/next-forge,GAP,GAP,sitemap.ts,blob,SOURCE_PATH_OBSERVED_AUTHORITY_NOT_ASSESSED,docs/app/sitemap.ts,docs/app/sitemap.ts,,,main,f189de79ceef7c1ef69f61f12e272f99b4cdb699,CORPUS_DIRECT,,,KEEP_PENDING_RECONCILIATION,"Reconcile ID, authority and final target against corpus"
Sas-Executar/next-forge,GAP,GAP,geistdocs.css,blob,SOURCE_PATH_OBSERVED_AUTHORITY_NOT_ASSESSED,docs/app/styles/geistdocs.css,docs/app/styles/geistdocs.css,,,main,f189de79ceef7c1ef69f61f12e272f99b4cdb699,CORPUS_DIRECT,,,KEEP_PENDING_RECONCILIATION,"Reconcile ID, authority and final target against corpus"
Sas-Executar/next-forge,GAP,GAP,bun.lock,blob,SOURCE_PATH_OBSERVED_AUTHORITY_NOT_ASSESSED,docs/bun.lock,docs/bun.lock,,,main,f189de79ceef7c1ef69f61f12e272f99b4cdb699,CORPUS_DIRECT,,,KEEP_PENDING_RECONCILIATION,"Reconcile ID, authority and final target against corpus"
Sas-Executar/next-forge,GAP,GAP,components.json,blob,SOURCE_PATH_OBSERVED_AUTHORITY_NOT_ASSESSED,docs/components.json,docs/components.json,,,main,f189de79ceef7c1ef69f61f12e272f99b4cdb699,CORPUS_DIRECT,,,KEEP_PENDING_RECONCILIATION,"Reconcile ID, authority and final target against corpus"
Sas-Executar/next-forge,GAP,GAP,code-block.tsx,blob,SOURCE_PATH_OBSERVED_AUTHORITY_NOT_ASSESSED,docs/components/ai-elements/code-block.tsx,docs/components/ai-elements/code-block.tsx,,,main,f189de79ceef7c1ef69f61f12e272f99b4cdb699,CORPUS_DIRECT,,,KEEP_PENDING_RECONCILIATION,"Reconcile ID, authority and final target against corpus"
Sas-Executar/next-forge,GAP,GAP,conversation.tsx,blob,SOURCE_PATH_OBSERVED_AUTHORITY_NOT_ASSESSED,docs/components/ai-elements/conversation.tsx,docs/components/ai-elements/conversation.tsx,,,main,f189de79ceef7c1ef69f61f12e272f99b4cdb699,CORPUS_DIRECT,,,KEEP_PENDING_RECONCILIATION,"Reconcile ID, authority and final target against corpus"
Sas-Executar/next-forge,GAP,GAP,message.tsx,blob,SOURCE_PATH_OBSERVED_AUTHORITY_NOT_ASSESSED,docs/components/ai-elements/message.tsx,docs/components/ai-elements/message.tsx,,,main,f189de79ceef7c1ef69f61f12e272f99b4cdb699,CORPUS_DIRECT,,,KEEP_PENDING_RECONCILIATION,"Reconcile ID, authority and final target against corpus"
Sas-Executar/next-forge,GAP,GAP,open-in-chat.tsx,blob,SOURCE_PATH_OBSERVED_AUTHORITY_NOT_ASSESSED,docs/components/ai-elements/open-in-chat.tsx,docs/components/ai-elements/open-in-chat.tsx,,,main,f189de79ceef7c1ef69f61f12e272f99b4cdb699,CORPUS_DIRECT,,,KEEP_PENDING_RECONCILIATION,"Reconcile ID, authority and final target against corpus"
Sas-Executar/next-forge,GAP,GAP,prompt-input.tsx,blob,SOURCE_PATH_OBSERVED_AUTHORITY_NOT_ASSESSED,docs/components/ai-elements/prompt-input.tsx,docs/components/ai-elements/prompt-input.tsx,,,main,f189de79ceef7c1ef69f61f12e272f99b4cdb699,CORPUS_DIRECT,,,KEEP_PENDING_RECONCILIATION,"Reconcile ID, authority and final target against corpus"
Sas-Executar/next-forge,GAP,GAP,shimmer.tsx,blob,SOURCE_PATH_OBSERVED_AUTHORITY_NOT_ASSESSED,docs/components/ai-elements/shimmer.tsx,docs/components/ai-elements/shimmer.tsx,,,main,f189de79ceef7c1ef69f61f12e272f99b4cdb699,CORPUS_DIRECT,,,KEEP_PENDING_RECONCILIATION,"Reconcile ID, authority and final target against corpus"
Sas-Executar/next-forge,GAP,GAP,sources.tsx,blob,SOURCE_PATH_OBSERVED_AUTHORITY_NOT_ASSESSED,docs/components/ai-elements/sources.tsx,docs/components/ai-elements/sources.tsx,,,main,f189de79ceef7c1ef69f61f12e272f99b4cdb699,CORPUS_DIRECT,,,KEEP_PENDING_RECONCILIATION,"Reconcile ID, authority and final target against corpus"
Sas-Executar/next-forge,GAP,GAP,suggestion.tsx,blob,SOURCE_PATH_OBSERVED_AUTHORITY_NOT_ASSESSED,docs/components/ai-elements/suggestion.tsx,docs/components/ai-elements/suggestion.tsx,,,main,f189de79ceef7c1ef69f61f12e272f99b4cdb699,CORPUS_DIRECT,,,KEEP_PENDING_RECONCILIATION,"Reconcile ID, authority and final target against corpus"
Sas-Executar/next-forge,GAP,GAP,ask-ai.tsx,blob,SOURCE_PATH_OBSERVED_AUTHORITY_NOT_ASSESSED,docs/components/geistdocs/ask-ai.tsx,docs/components/geistdocs/ask-ai.tsx,,,main,f189de79ceef7c1ef69f61f12e272f99b4cdb699,CORPUS_DIRECT,,,KEEP_PENDING_RECONCILIATION,"Reconcile ID, authority and final target against corpus"
Sas-Executar/next-forge,GAP,GAP,callout.tsx,blob,SOURCE_PATH_OBSERVED_AUTHORITY_NOT_ASSESSED,docs/components/geistdocs/callout.tsx,docs/components/geistdocs/callout.tsx,,,main,f189de79ceef7c1ef69f61f12e272f99b4cdb699,CORPUS_DIRECT,,,KEEP_PENDING_RECONCILIATION,"Reconcile ID, authority and final target against corpus"
Sas-Executar/next-forge,GAP,GAP,chat.tsx,blob,SOURCE_PATH_OBSERVED_AUTHORITY_NOT_ASSESSED,docs/components/geistdocs/chat.tsx,docs/components/geistdocs/chat.tsx,,,main,f189de79ceef7c1ef69f61f12e272f99b4cdb699,CORPUS_DIRECT,,,KEEP_PENDING_RECONCILIATION,"Reconcile ID, authority and final target against corpus"
Sas-Executar/next-forge,GAP,GAP,code-block-tabs.tsx,blob,SOURCE_PATH_OBSERVED_AUTHORITY_NOT_ASSESSED,docs/components/geistdocs/code-block-tabs.tsx,docs/components/geistdocs/code-block-tabs.tsx,,,main,f189de79ceef7c1ef69f61f12e272f99b4cdb699,CORPUS_DIRECT,,,KEEP_PENDING_RECONCILIATION,"Reconcile ID, authority and final target against corpus"
Sas-Executar/next-forge,GAP,GAP,code-block.tsx,blob,SOURCE_PATH_OBSERVED_AUTHORITY_NOT_ASSESSED,docs/components/geistdocs/code-block.tsx,docs/components/geistdocs/code-block.tsx,,,main,f189de79ceef7c1ef69f61f12e272f99b4cdb699,CORPUS_DIRECT,,,KEEP_PENDING_RECONCILIATION,"Reconcile ID, authority and final target against corpus"
Sas-Executar/next-forge,GAP,GAP,copy-chat.tsx,blob,SOURCE_PATH_OBSERVED_AUTHORITY_NOT_ASSESSED,docs/components/geistdocs/copy-chat.tsx,docs/components/geistdocs/copy-chat.tsx,,,main,f189de79ceef7c1ef69f61f12e272f99b4cdb699,CORPUS_DIRECT,,,KEEP_PENDING_RECONCILIATION,"Reconcile ID, authority and final target against corpus"
Sas-Executar/next-forge,GAP,GAP,copy-page.tsx,blob,SOURCE_PATH_OBSERVED_AUTHORITY_NOT_ASSESSED,docs/components/geistdocs/copy-page.tsx,docs/components/geistdocs/copy-page.tsx,,,main,f189de79ceef7c1ef69f61f12e272f99b4cdb699,CORPUS_DIRECT,,,KEEP_PENDING_RECONCILIATION,"Reconcile ID, authority and final target against corpus"
Sas-Executar/next-forge,GAP,GAP,desktop-menu.tsx,blob,SOURCE_PATH_OBSERVED_AUTHORITY_NOT_ASSESSED,docs/components/geistdocs/desktop-menu.tsx,docs/components/geistdocs/desktop-menu.tsx,,,main,f189de79ceef7c1ef69f61f12e272f99b4cdb699,CORPUS_DIRECT,,,KEEP_PENDING_RECONCILIATION,"Reconcile ID, authority and final target against corpus"
Sas-Executar/next-forge,GAP,GAP,docs-layout.tsx,blob,SOURCE_PATH_OBSERVED_AUTHORITY_NOT_ASSESSED,docs/components/geistdocs/docs-layout.tsx,docs/components/geistdocs/docs-layout.tsx,,,main,f189de79ceef7c1ef69f61f12e272f99b4cdb699,CORPUS_DIRECT,,,KEEP_PENDING_RECONCILIATION,"Reconcile ID, authority and final target against corpus"
Sas-Executar/next-forge,GAP,GAP,docs-page.tsx,blob,SOURCE_PATH_OBSERVED_AUTHORITY_NOT_ASSESSED,docs/components/geistdocs/docs-page.tsx,docs/components/geistdocs/docs-page.tsx,,,main,f189de79ceef7c1ef69f61f12e272f99b4cdb699,CORPUS_DIRECT,,,KEEP_PENDING_RECONCILIATION,"Reconcile ID, authority and final target against corpus"
Sas-Executar/next-forge,GAP,GAP,edit-source.tsx,blob,SOURCE_PATH_OBSERVED_AUTHORITY_NOT_ASSESSED,docs/components/geistdocs/edit-source.tsx,docs/components/geistdocs/edit-source.tsx,,,main,f189de79ceef7c1ef69f61f12e272f99b4cdb699,CORPUS_DIRECT,,,KEEP_PENDING_RECONCILIATION,"Reconcile ID, authority and final target against corpus"
Sas-Executar/next-forge,GAP,GAP,feedback.tsx,blob,SOURCE_PATH_OBSERVED_AUTHORITY_NOT_ASSESSED,docs/components/geistdocs/feedback.tsx,docs/components/geistdocs/feedback.tsx,,,main,f189de79ceef7c1ef69f61f12e272f99b4cdb699,CORPUS_DIRECT,,,KEEP_PENDING_RECONCILIATION,"Reconcile ID, authority and final target against corpus"
Sas-Executar/next-forge,GAP,GAP,footer.tsx,blob,SOURCE_PATH_OBSERVED_AUTHORITY_NOT_ASSESSED,docs/components/geistdocs/footer.tsx,docs/components/geistdocs/footer.tsx,,,main,f189de79ceef7c1ef69f61f12e272f99b4cdb699,CORPUS_DIRECT,,,KEEP_PENDING_RECONCILIATION,"Reconcile ID, authority and final target against corpus"
Sas-Executar/next-forge,GAP,GAP,github-button.tsx,blob,SOURCE_PATH_OBSERVED_AUTHORITY_NOT_ASSESSED,docs/components/geistdocs/github-button.tsx,docs/components/geistdocs/github-button.tsx,,,main,f189de79ceef7c1ef69f61f12e272f99b4cdb699,CORPUS_DIRECT,,,KEEP_PENDING_RECONCILIATION,"Reconcile ID, authority and final target against corpus"
Sas-Executar/next-forge,GAP,GAP,home-layout.tsx,blob,SOURCE_PATH_OBSERVED_AUTHORITY_NOT_ASSESSED,docs/components/geistdocs/home-layout.tsx,docs/components/geistdocs/home-layout.tsx,,,main,f189de79ceef7c1ef69f61f12e272f99b4cdb699,CORPUS_DIRECT,,,KEEP_PENDING_RECONCILIATION,"Reconcile ID, authority and final target against corpus"
Sas-Executar/next-forge,GAP,GAP,icons.tsx,blob,SOURCE_PATH_OBSERVED_AUTHORITY_NOT_ASSESSED,docs/components/geistdocs/icons.tsx,docs/components/geistdocs/icons.tsx,,,main,f189de79ceef7c1ef69f61f12e272f99b4cdb699,CORPUS_DIRECT,,,KEEP_PENDING_RECONCILIATION,"Reconcile ID, authority and final target against corpus"
Sas-Executar/next-forge,GAP,GAP,installer.tsx,blob,SOURCE_PATH_OBSERVED_AUTHORITY_NOT_ASSESSED,docs/components/geistdocs/installer.tsx,docs/components/geistdocs/installer.tsx,,,main,f189de79ceef7c1ef69f61f12e272f99b4cdb699,CORPUS_DIRECT,,,KEEP_PENDING_RECONCILIATION,"Reconcile ID, authority and final target against corpus"
Sas-Executar/next-forge,GAP,GAP,language-selector.tsx,blob,SOURCE_PATH_OBSERVED_AUTHORITY_NOT_ASSESSED,docs/components/geistdocs/language-selector.tsx,docs/components/geistdocs/language-selector.tsx,,,main,f189de79ceef7c1ef69f61f12e272f99b4cdb699,CORPUS_DIRECT,,,KEEP_PENDING_RECONCILIATION,"Reconcile ID, authority and final target against corpus"
Sas-Executar/next-forge,GAP,GAP,mdx-components.tsx,blob,SOURCE_PATH_OBSERVED_AUTHORITY_NOT_ASSESSED,docs/components/geistdocs/mdx-components.tsx,docs/components/geistdocs/mdx-components.tsx,,,main,f189de79ceef7c1ef69f61f12e272f99b4cdb699,CORPUS_DIRECT,,,KEEP_PENDING_RECONCILIATION,"Reconcile ID, authority and final target against corpus"
Sas-Executar/next-forge,GAP,GAP,mermaid.tsx,blob,SOURCE_PATH_OBSERVED_AUTHORITY_NOT_ASSESSED,docs/components/geistdocs/mermaid.tsx,docs/components/geistdocs/mermaid.tsx,,,main,f189de79ceef7c1ef69f61f12e272f99b4cdb699,CORPUS_DIRECT,,,KEEP_PENDING_RECONCILIATION,"Reconcile ID, authority and final target against corpus"
Sas-Executar/next-forge,GAP,GAP,message-metadata.tsx,blob,SOURCE_PATH_OBSERVED_AUTHORITY_NOT_ASSESSED,docs/components/geistdocs/message-metadata.tsx,docs/components/geistdocs/message-metadata.tsx,,,main,f189de79ceef7c1ef69f61f12e272f99b4cdb699,CORPUS_DIRECT,,,KEEP_PENDING_RECONCILIATION,"Reconcile ID, authority and final target against corpus"
Sas-Executar/next-forge,GAP,GAP,mobile-menu.tsx,blob,SOURCE_PATH_OBSERVED_AUTHORITY_NOT_ASSESSED,docs/components/geistdocs/mobile-menu.tsx,docs/components/geistdocs/mobile-menu.tsx,,,main,f189de79ceef7c1ef69f61f12e272f99b4cdb699,CORPUS_DIRECT,,,KEEP_PENDING_RECONCILIATION,"Reconcile ID, authority and final target against corpus"
Sas-Executar/next-forge,GAP,GAP,navbar.tsx,blob,SOURCE_PATH_OBSERVED_AUTHORITY_NOT_ASSESSED,docs/components/geistdocs/navbar.tsx,docs/components/geistdocs/navbar.tsx,,,main,f189de79ceef7c1ef69f61f12e272f99b4cdb699,CORPUS_DIRECT,,,KEEP_PENDING_RECONCILIATION,"Reconcile ID, authority and final target against corpus"
Sas-Executar/next-forge,GAP,GAP,open-in-chat.tsx,blob,SOURCE_PATH_OBSERVED_AUTHORITY_NOT_ASSESSED,docs/components/geistdocs/open-in-chat.tsx,docs/components/geistdocs/open-in-chat.tsx,,,main,f189de79ceef7c1ef69f61f12e272f99b4cdb699,CORPUS_DIRECT,,,KEEP_PENDING_RECONCILIATION,"Reconcile ID, authority and final target against corpus"
Sas-Executar/next-forge,GAP,GAP,provider.tsx,blob,SOURCE_PATH_OBSERVED_AUTHORITY_NOT_ASSESSED,docs/components/geistdocs/provider.tsx,docs/components/geistdocs/provider.tsx,,,main,f189de79ceef7c1ef69f61f12e272f99b4cdb699,CORPUS_DIRECT,,,KEEP_PENDING_RECONCILIATION,"Reconcile ID, authority and final target against corpus"
Sas-Executar/next-forge,GAP,GAP,rss-button.tsx,blob,SOURCE_PATH_OBSERVED_AUTHORITY_NOT_ASSESSED,docs/components/geistdocs/rss-button.tsx,docs/components/geistdocs/rss-button.tsx,,,main,f189de79ceef7c1ef69f61f12e272f99b4cdb699,CORPUS_DIRECT,,,KEEP_PENDING_RECONCILIATION,"Reconcile ID, authority and final target against corpus"
Sas-Executar/next-forge,GAP,GAP,scroll-top.tsx,blob,SOURCE_PATH_OBSERVED_AUTHORITY_NOT_ASSESSED,docs/components/geistdocs/scroll-top.tsx,docs/components/geistdocs/scroll-top.tsx,,,main,f189de79ceef7c1ef69f61f12e272f99b4cdb699,CORPUS_DIRECT,,,KEEP_PENDING_RECONCILIATION,"Reconcile ID, authority and final target against corpus"
Sas-Executar/next-forge,GAP,GAP,search.tsx,blob,SOURCE_PATH_OBSERVED_AUTHORITY_NOT_ASSESSED,docs/components/geistdocs/search.tsx,docs/components/geistdocs/search.tsx,,,main,f189de79ceef7c1ef69f61f12e272f99b4cdb699,CORPUS_DIRECT,,,KEEP_PENDING_RECONCILIATION,"Reconcile ID, authority and final target against corpus"
Sas-Executar/next-forge,GAP,GAP,sidebar.tsx,blob,SOURCE_PATH_OBSERVED_AUTHORITY_NOT_ASSESSED,docs/components/geistdocs/sidebar.tsx,docs/components/geistdocs/sidebar.tsx,,,main,f189de79ceef7c1ef69f61f12e272f99b4cdb699,CORPUS_DIRECT,,,KEEP_PENDING_RECONCILIATION,"Reconcile ID, authority and final target against corpus"
Sas-Executar/next-forge,GAP,GAP,theme-toggle.tsx,blob,SOURCE_PATH_OBSERVED_AUTHORITY_NOT_ASSESSED,docs/components/geistdocs/theme-toggle.tsx,docs/components/geistdocs/theme-toggle.tsx,,,main,f189de79ceef7c1ef69f61f12e272f99b4cdb699,CORPUS_DIRECT,,,KEEP_PENDING_RECONCILIATION,"Reconcile ID, authority and final target against corpus"
Sas-Executar/next-forge,GAP,GAP,video.tsx,blob,SOURCE_PATH_OBSERVED_AUTHORITY_NOT_ASSESSED,docs/components/geistdocs/video.tsx,docs/components/geistdocs/video.tsx,,,main,f189de79ceef7c1ef69f61f12e272f99b4cdb699,CORPUS_DIRECT,,,KEEP_PENDING_RECONCILIATION,"Reconcile ID, authority and final target against corpus"
Sas-Executar/next-forge,GAP,GAP,badge.tsx,blob,SOURCE_PATH_OBSERVED_AUTHORITY_NOT_ASSESSED,docs/components/ui/badge.tsx,docs/components/ui/badge.tsx,,,main,f189de79ceef7c1ef69f61f12e272f99b4cdb699,CORPUS_DIRECT,,,KEEP_PENDING_RECONCILIATION,"Reconcile ID, authority and final target against corpus"
Sas-Executar/next-forge,GAP,GAP,button-group.tsx,blob,SOURCE_PATH_OBSERVED_AUTHORITY_NOT_ASSESSED,docs/components/ui/button-group.tsx,docs/components/ui/button-group.tsx,,,main,f189de79ceef7c1ef69f61f12e272f99b4cdb699,CORPUS_DIRECT,,,KEEP_PENDING_RECONCILIATION,"Reconcile ID, authority and final target against corpus"
Sas-Executar/next-forge,GAP,GAP,button.tsx,blob,SOURCE_PATH_OBSERVED_AUTHORITY_NOT_ASSESSED,docs/components/ui/button.tsx,docs/components/ui/button.tsx,,,main,f189de79ceef7c1ef69f61f12e272f99b4cdb699,CORPUS_DIRECT,,,KEEP_PENDING_RECONCILIATION,"Reconcile ID, authority and final target against corpus"
Sas-Executar/next-forge,GAP,GAP,card.tsx,blob,SOURCE_PATH_OBSERVED_AUTHORITY_NOT_ASSESSED,docs/components/ui/card.tsx,docs/components/ui/card.tsx,,,main,f189de79ceef7c1ef69f61f12e272f99b4cdb699,CORPUS_DIRECT,,,KEEP_PENDING_RECONCILIATION,"Reconcile ID, authority and final target against corpus"
Sas-Executar/next-forge,GAP,GAP,collapsible.tsx,blob,SOURCE_PATH_OBSERVED_AUTHORITY_NOT_ASSESSED,docs/components/ui/collapsible.tsx,docs/components/ui/collapsible.tsx,,,main,f189de79ceef7c1ef69f61f12e272f99b4cdb699,CORPUS_DIRECT,,,KEEP_PENDING_RECONCILIATION,"Reconcile ID, authority and final target against corpus"
Sas-Executar/next-forge,GAP,GAP,command.tsx,blob,SOURCE_PATH_OBSERVED_AUTHORITY_NOT_ASSESSED,docs/components/ui/command.tsx,docs/components/ui/command.tsx,,,main,f189de79ceef7c1ef69f61f12e272f99b4cdb699,CORPUS_DIRECT,,,KEEP_PENDING_RECONCILIATION,"Reconcile ID, authority and final target against corpus"
Sas-Executar/next-forge,GAP,GAP,dialog.tsx,blob,SOURCE_PATH_OBSERVED_AUTHORITY_NOT_ASSESSED,docs/components/ui/dialog.tsx,docs/components/ui/dialog.tsx,,,main,f189de79ceef7c1ef69f61f12e272f99b4cdb699,CORPUS_DIRECT,,,KEEP_PENDING_RECONCILIATION,"Reconcile ID, authority and final target against corpus"
Sas-Executar/next-forge,GAP,GAP,drawer.tsx,blob,SOURCE_PATH_OBSERVED_AUTHORITY_NOT_ASSESSED,docs/components/ui/drawer.tsx,docs/components/ui/drawer.tsx,,,main,f189de79ceef7c1ef69f61f12e272f99b4cdb699,CORPUS_DIRECT,,,KEEP_PENDING_RECONCILIATION,"Reconcile ID, authority and final target against corpus"
Sas-Executar/next-forge,GAP,GAP,dropdown-menu.tsx,blob,SOURCE_PATH_OBSERVED_AUTHORITY_NOT_ASSESSED,docs/components/ui/dropdown-menu.tsx,docs/components/ui/dropdown-menu.tsx,,,main,f189de79ceef7c1ef69f61f12e272f99b4cdb699,CORPUS_DIRECT,,,KEEP_PENDING_RECONCILIATION,"Reconcile ID, authority and final target against corpus"
Sas-Executar/next-forge,GAP,GAP,hover-card.tsx,blob,SOURCE_PATH_OBSERVED_AUTHORITY_NOT_ASSESSED,docs/components/ui/hover-card.tsx,docs/components/ui/hover-card.tsx,,,main,f189de79ceef7c1ef69f61f12e272f99b4cdb699,CORPUS_DIRECT,,,KEEP_PENDING_RECONCILIATION,"Reconcile ID, authority and final target against corpus"
Sas-Executar/next-forge,GAP,GAP,input-group.tsx,blob,SOURCE_PATH_OBSERVED_AUTHORITY_NOT_ASSESSED,docs/components/ui/input-group.tsx,docs/components/ui/input-group.tsx,,,main,f189de79ceef7c1ef69f61f12e272f99b4cdb699,CORPUS_DIRECT,,,KEEP_PENDING_RECONCILIATION,"Reconcile ID, authority and final target against corpus"
Sas-Executar/next-forge,GAP,GAP,input.tsx,blob,SOURCE_PATH_OBSERVED_AUTHORITY_NOT_ASSESSED,docs/components/ui/input.tsx,docs/components/ui/input.tsx,,,main,f189de79ceef7c1ef69f61f12e272f99b4cdb699,CORPUS_DIRECT,,,KEEP_PENDING_RECONCILIATION,"Reconcile ID, authority and final target against corpus"
Sas-Executar/next-forge,GAP,GAP,kbd.tsx,blob,SOURCE_PATH_OBSERVED_AUTHORITY_NOT_ASSESSED,docs/components/ui/kbd.tsx,docs/components/ui/kbd.tsx,,,main,f189de79ceef7c1ef69f61f12e272f99b4cdb699,CORPUS_DIRECT,,,KEEP_PENDING_RECONCILIATION,"Reconcile ID, authority and final target against corpus"
Sas-Executar/next-forge,GAP,GAP,navigation-menu.tsx,blob,SOURCE_PATH_OBSERVED_AUTHORITY_NOT_ASSESSED,docs/components/ui/navigation-menu.tsx,docs/components/ui/navigation-menu.tsx,,,main,f189de79ceef7c1ef69f61f12e272f99b4cdb699,CORPUS_DIRECT,,,KEEP_PENDING_RECONCILIATION,"Reconcile ID, authority and final target against corpus"
Sas-Executar/next-forge,GAP,GAP,popover.tsx,blob,SOURCE_PATH_OBSERVED_AUTHORITY_NOT_ASSESSED,docs/components/ui/popover.tsx,docs/components/ui/popover.tsx,,,main,f189de79ceef7c1ef69f61f12e272f99b4cdb699,CORPUS_DIRECT,,,KEEP_PENDING_RECONCILIATION,"Reconcile ID, authority and final target against corpus"
Sas-Executar/next-forge,GAP,GAP,scroll-area.tsx,blob,SOURCE_PATH_OBSERVED_AUTHORITY_NOT_ASSESSED,docs/components/ui/scroll-area.tsx,docs/components/ui/scroll-area.tsx,,,main,f189de79ceef7c1ef69f61f12e272f99b4cdb699,CORPUS_DIRECT,,,KEEP_PENDING_RECONCILIATION,"Reconcile ID, authority and final target against corpus"
Sas-Executar/next-forge,GAP,GAP,select.tsx,blob,SOURCE_PATH_OBSERVED_AUTHORITY_NOT_ASSESSED,docs/components/ui/select.tsx,docs/components/ui/select.tsx,,,main,f189de79ceef7c1ef69f61f12e272f99b4cdb699,CORPUS_DIRECT,,,KEEP_PENDING_RECONCILIATION,"Reconcile ID, authority and final target against corpus"
Sas-Executar/next-forge,GAP,GAP,separator.tsx,blob,SOURCE_PATH_OBSERVED_AUTHORITY_NOT_ASSESSED,docs/components/ui/separator.tsx,docs/components/ui/separator.tsx,,,main,f189de79ceef7c1ef69f61f12e272f99b4cdb699,CORPUS_DIRECT,,,KEEP_PENDING_RECONCILIATION,"Reconcile ID, authority and final target against corpus"
Sas-Executar/next-forge,GAP,GAP,sheet.tsx,blob,SOURCE_PATH_OBSERVED_AUTHORITY_NOT_ASSESSED,docs/components/ui/sheet.tsx,docs/components/ui/sheet.tsx,,,main,f189de79ceef7c1ef69f61f12e272f99b4cdb699,CORPUS_DIRECT,,,KEEP_PENDING_RECONCILIATION,"Reconcile ID, authority and final target against corpus"
Sas-Executar/next-forge,GAP,GAP,sonner.tsx,blob,SOURCE_PATH_OBSERVED_AUTHORITY_NOT_ASSESSED,docs/components/ui/sonner.tsx,docs/components/ui/sonner.tsx,,,main,f189de79ceef7c1ef69f61f12e272f99b4cdb699,CORPUS_DIRECT,,,KEEP_PENDING_RECONCILIATION,"Reconcile ID, authority and final target against corpus"
Sas-Executar/next-forge,GAP,GAP,spinner.tsx,blob,SOURCE_PATH_OBSERVED_AUTHORITY_NOT_ASSESSED,docs/components/ui/spinner.tsx,docs/components/ui/spinner.tsx,,,main,f189de79ceef7c1ef69f61f12e272f99b4cdb699,CORPUS_DIRECT,,,KEEP_PENDING_RECONCILIATION,"Reconcile ID, authority and final target against corpus"
Sas-Executar/next-forge,GAP,GAP,textarea.tsx,blob,SOURCE_PATH_OBSERVED_AUTHORITY_NOT_ASSESSED,docs/components/ui/textarea.tsx,docs/components/ui/textarea.tsx,,,main,f189de79ceef7c1ef69f61f12e272f99b4cdb699,CORPUS_DIRECT,,,KEEP_PENDING_RECONCILIATION,"Reconcile ID, authority and final target against corpus"
Sas-Executar/next-forge,GAP,GAP,tooltip.tsx,blob,SOURCE_PATH_OBSERVED_AUTHORITY_NOT_ASSESSED,docs/components/ui/tooltip.tsx,docs/components/ui/tooltip.tsx,,,main,f189de79ceef7c1ef69f61f12e272f99b4cdb699,CORPUS_DIRECT,,,KEEP_PENDING_RECONCILIATION,"Reconcile ID, authority and final target against corpus"
Sas-Executar/next-forge,GAP,GAP,vercel.tsx,blob,SOURCE_PATH_OBSERVED_AUTHORITY_NOT_ASSESSED,docs/components/vercel.tsx,docs/components/vercel.tsx,,,main,f189de79ceef7c1ef69f61f12e272f99b4cdb699,CORPUS_DIRECT,,,KEEP_PENDING_RECONCILIATION,"Reconcile ID, authority and final target against corpus"
Sas-Executar/next-forge,GAP,GAP,c15t.mdx,blob,SOURCE_PATH_OBSERVED_AUTHORITY_NOT_ASSESSED,docs/content/docs/addons/c15t.mdx,docs/content/docs/addons/c15t.mdx,,,main,f189de79ceef7c1ef69f61f12e272f99b4cdb699,CORPUS_DIRECT,,,KEEP_PENDING_RECONCILIATION,"Reconcile ID, authority and final target against corpus"
Sas-Executar/next-forge,GAP,GAP,dub.mdx,blob,SOURCE_PATH_OBSERVED_AUTHORITY_NOT_ASSESSED,docs/content/docs/addons/dub.mdx,docs/content/docs/addons/dub.mdx,,,main,f189de79ceef7c1ef69f61f12e272f99b4cdb699,CORPUS_DIRECT,,,KEEP_PENDING_RECONCILIATION,"Reconcile ID, authority and final target against corpus"
Sas-Executar/next-forge,GAP,GAP,fuse.mdx,blob,SOURCE_PATH_OBSERVED_AUTHORITY_NOT_ASSESSED,docs/content/docs/addons/fuse.mdx,docs/content/docs/addons/fuse.mdx,,,main,f189de79ceef7c1ef69f61f12e272f99b4cdb699,CORPUS_DIRECT,,,KEEP_PENDING_RECONCILIATION,"Reconcile ID, authority and final target against corpus"
Sas-Executar/next-forge,GAP,GAP,joyful.mdx,blob,SOURCE_PATH_OBSERVED_AUTHORITY_NOT_ASSESSED,docs/content/docs/addons/joyful.mdx,docs/content/docs/addons/joyful.mdx,,,main,f189de79ceef7c1ef69f61f12e272f99b4cdb699,CORPUS_DIRECT,,,KEEP_PENDING_RECONCILIATION,"Reconcile ID, authority and final target against corpus"
Sas-Executar/next-forge,GAP,GAP,metabase.mdx,blob,SOURCE_PATH_OBSERVED_AUTHORITY_NOT_ASSESSED,docs/content/docs/addons/metabase.mdx,docs/content/docs/addons/metabase.mdx,,,main,f189de79ceef7c1ef69f61f12e272f99b4cdb699,CORPUS_DIRECT,,,KEEP_PENDING_RECONCILIATION,"Reconcile ID, authority and final target against corpus"
Sas-Executar/next-forge,GAP,GAP,motion.mdx,blob,SOURCE_PATH_OBSERVED_AUTHORITY_NOT_ASSESSED,docs/content/docs/addons/motion.mdx,docs/content/docs/addons/motion.mdx,,,main,f189de79ceef7c1ef69f61f12e272f99b4cdb699,CORPUS_DIRECT,,,KEEP_PENDING_RECONCILIATION,"Reconcile ID, authority and final target against corpus"
Sas-Executar/next-forge,GAP,GAP,next-safe-action.mdx,blob,SOURCE_PATH_OBSERVED_AUTHORITY_NOT_ASSESSED,docs/content/docs/addons/next-safe-action.mdx,docs/content/docs/addons/next-safe-action.mdx,,,main,f189de79ceef7c1ef69f61f12e272f99b4cdb699,CORPUS_DIRECT,,,KEEP_PENDING_RECONCILIATION,"Reconcile ID, authority and final target against corpus"
Sas-Executar/next-forge,GAP,GAP,nuqs.mdx,blob,SOURCE_PATH_OBSERVED_AUTHORITY_NOT_ASSESSED,docs/content/docs/addons/nuqs.mdx,docs/content/docs/addons/nuqs.mdx,,,main,f189de79ceef7c1ef69f61f12e272f99b4cdb699,CORPUS_DIRECT,,,KEEP_PENDING_RECONCILIATION,"Reconcile ID, authority and final target against corpus"
Sas-Executar/next-forge,GAP,GAP,react-wrap-balancer.mdx,blob,SOURCE_PATH_OBSERVED_AUTHORITY_NOT_ASSESSED,docs/content/docs/addons/react-wrap-balancer.mdx,docs/content/docs/addons/react-wrap-balancer.mdx,,,main,f189de79ceef7c1ef69f61f12e272f99b4cdb699,CORPUS_DIRECT,,,KEEP_PENDING_RECONCILIATION,"Reconcile ID, authority and final target against corpus"
Sas-Executar/next-forge,GAP,GAP,trunk.mdx,blob,SOURCE_PATH_OBSERVED_AUTHORITY_NOT_ASSESSED,docs/content/docs/addons/trunk.mdx,docs/content/docs/addons/trunk.mdx,,,main,f189de79ceef7c1ef69f61f12e272f99b4cdb699,CORPUS_DIRECT,,,KEEP_PENDING_RECONCILIATION,"Reconcile ID, authority and final target against corpus"
Sas-Executar/next-forge,GAP,GAP,zustand.mdx,blob,SOURCE_PATH_OBSERVED_AUTHORITY_NOT_ASSESSED,docs/content/docs/addons/zustand.mdx,docs/content/docs/addons/zustand.mdx,,,main,f189de79ceef7c1ef69f61f12e272f99b4cdb699,CORPUS_DIRECT,,,KEEP_PENDING_RECONCILIATION,"Reconcile ID, authority and final target against corpus"
Sas-Executar/next-forge,GAP,GAP,api.mdx,blob,SOURCE_PATH_OBSERVED_AUTHORITY_NOT_ASSESSED,docs/content/docs/apps/api.mdx,docs/content/docs/apps/api.mdx,,,main,f189de79ceef7c1ef69f61f12e272f99b4cdb699,CORPUS_DIRECT,,,KEEP_PENDING_RECONCILIATION,"Reconcile ID, authority and final target against corpus"
Sas-Executar/next-forge,GAP,GAP,app.mdx,blob,SOURCE_PATH_OBSERVED_AUTHORITY_NOT_ASSESSED,docs/content/docs/apps/app.mdx,docs/content/docs/apps/app.mdx,,,main,f189de79ceef7c1ef69f61f12e272f99b4cdb699,CORPUS_DIRECT,,,KEEP_PENDING_RECONCILIATION,"Reconcile ID, authority and final target against corpus"
Sas-Executar/next-forge,GAP,GAP,docs.mdx,blob,SOURCE_PATH_OBSERVED_AUTHORITY_NOT_ASSESSED,docs/content/docs/apps/docs.mdx,docs/content/docs/apps/docs.mdx,,,main,f189de79ceef7c1ef69f61f12e272f99b4cdb699,CORPUS_DIRECT,,,KEEP_PENDING_RECONCILIATION,"Reconcile ID, authority and final target against corpus"
Sas-Executar/next-forge,GAP,GAP,email.mdx,blob,SOURCE_PATH_OBSERVED_AUTHORITY_NOT_ASSESSED,docs/content/docs/apps/email.mdx,docs/content/docs/apps/email.mdx,,,main,f189de79ceef7c1ef69f61f12e272f99b4cdb699,CORPUS_DIRECT,,,KEEP_PENDING_RECONCILIATION,"Reconcile ID, authority and final target against corpus"
Sas-Executar/next-forge,GAP,GAP,storybook.mdx,blob,SOURCE_PATH_OBSERVED_AUTHORITY_NOT_ASSESSED,docs/content/docs/apps/storybook.mdx,docs/content/docs/apps/storybook.mdx,,,main,f189de79ceef7c1ef69f61f12e272f99b4cdb699,CORPUS_DIRECT,,,KEEP_PENDING_RECONCILIATION,"Reconcile ID, authority and final target against corpus"
Sas-Executar/next-forge,GAP,GAP,studio.mdx,blob,SOURCE_PATH_OBSERVED_AUTHORITY_NOT_ASSESSED,docs/content/docs/apps/studio.mdx,docs/content/docs/apps/studio.mdx,,,main,f189de79ceef7c1ef69f61f12e272f99b4cdb699,CORPUS_DIRECT,,,KEEP_PENDING_RECONCILIATION,"Reconcile ID, authority and final target against corpus"
Sas-Executar/next-forge,GAP,GAP,web.mdx,blob,SOURCE_PATH_OBSERVED_AUTHORITY_NOT_ASSESSED,docs/content/docs/apps/web.mdx,docs/content/docs/apps/web.mdx,,,main,f189de79ceef7c1ef69f61f12e272f99b4cdb699,CORPUS_DIRECT,,,KEEP_PENDING_RECONCILIATION,"Reconcile ID, authority and final target against corpus"
Sas-Executar/next-forge,GAP,GAP,docker.mdx,blob,SOURCE_PATH_OBSERVED_AUTHORITY_NOT_ASSESSED,docs/content/docs/deployment/docker.mdx,docs/content/docs/deployment/docker.mdx,,,main,f189de79ceef7c1ef69f61f12e272f99b4cdb699,CORPUS_DIRECT,,,KEEP_PENDING_RECONCILIATION,"Reconcile ID, authority and final target against corpus"
Sas-Executar/next-forge,GAP,GAP,netlify.mdx,blob,SOURCE_PATH_OBSERVED_AUTHORITY_NOT_ASSESSED,docs/content/docs/deployment/netlify.mdx,docs/content/docs/deployment/netlify.mdx,,,main,f189de79ceef7c1ef69f61f12e272f99b4cdb699,CORPUS_DIRECT,,,KEEP_PENDING_RECONCILIATION,"Reconcile ID, authority and final target against corpus"
Sas-Executar/next-forge,GAP,GAP,vercel.mdx,blob,SOURCE_PATH_OBSERVED_AUTHORITY_NOT_ASSESSED,docs/content/docs/deployment/vercel.mdx,docs/content/docs/deployment/vercel.mdx,,,main,f189de79ceef7c1ef69f61f12e272f99b4cdb699,CORPUS_DIRECT,,,KEEP_PENDING_RECONCILIATION,"Reconcile ID, authority and final target against corpus"
Sas-Executar/next-forge,GAP,GAP,ai-chatbot.mdx,blob,SOURCE_PATH_OBSERVED_AUTHORITY_NOT_ASSESSED,docs/content/docs/examples/ai-chatbot.mdx,docs/content/docs/examples/ai-chatbot.mdx,,,main,f189de79ceef7c1ef69f61f12e272f99b4cdb699,CORPUS_DIRECT,,,KEEP_PENDING_RECONCILIATION,"Reconcile ID, authority and final target against corpus"
Sas-Executar/next-forge,GAP,GAP,faq.mdx,blob,SOURCE_PATH_OBSERVED_AUTHORITY_NOT_ASSESSED,docs/content/docs/faq.mdx,docs/content/docs/faq.mdx,,,main,f189de79ceef7c1ef69f61f12e272f99b4cdb699,CORPUS_DIRECT,,,KEEP_PENDING_RECONCILIATION,"Reconcile ID, authority and final target against corpus"
Sas-Executar/next-forge,GAP,GAP,index.mdx,blob,SOURCE_PATH_OBSERVED_AUTHORITY_NOT_ASSESSED,docs/content/docs/index.mdx,docs/content/docs/index.mdx,,,main,f189de79ceef7c1ef69f61f12e272f99b4cdb699,CORPUS_DIRECT,,,KEEP_PENDING_RECONCILIATION,"Reconcile ID, authority and final target against corpus"
Sas-Executar/next-forge,GAP,GAP,meta.json,blob,SOURCE_PATH_OBSERVED_AUTHORITY_NOT_ASSESSED,docs/content/docs/meta.json,docs/content/docs/meta.json,,,main,f189de79ceef7c1ef69f61f12e272f99b4cdb699,CORPUS_DIRECT,,,KEEP_PENDING_RECONCILIATION,"Reconcile ID, authority and final target against corpus"
Sas-Executar/next-forge,GAP,GAP,appwrite.mdx,blob,SOURCE_PATH_OBSERVED_AUTHORITY_NOT_ASSESSED,docs/content/docs/migrations/authentication/appwrite.mdx,docs/content/docs/migrations/authentication/appwrite.mdx,,,main,f189de79ceef7c1ef69f61f12e272f99b4cdb699,CORPUS_DIRECT,,,KEEP_PENDING_RECONCILIATION,"Reconcile ID, authority and final target against corpus"
Sas-Executar/next-forge,GAP,GAP,authjs.mdx,blob,SOURCE_PATH_OBSERVED_AUTHORITY_NOT_ASSESSED,docs/content/docs/migrations/authentication/authjs.mdx,docs/content/docs/migrations/authentication/authjs.mdx,,,main,f189de79ceef7c1ef69f61f12e272f99b4cdb699,CORPUS_DIRECT,,,KEEP_PENDING_RECONCILIATION,"Reconcile ID, authority and final target against corpus"
Sas-Executar/next-forge,GAP,GAP,better-auth.mdx,blob,SOURCE_PATH_OBSERVED_AUTHORITY_NOT_ASSESSED,docs/content/docs/migrations/authentication/better-auth.mdx,docs/content/docs/migrations/authentication/better-auth.mdx,,,main,f189de79ceef7c1ef69f61f12e272f99b4cdb699,CORPUS_DIRECT,,,KEEP_PENDING_RECONCILIATION,"Reconcile ID, authority and final target against corpus"
Sas-Executar/next-forge,GAP,GAP,supabase.mdx,blob,SOURCE_PATH_OBSERVED_AUTHORITY_NOT_ASSESSED,docs/content/docs/migrations/authentication/supabase.mdx,docs/content/docs/migrations/authentication/supabase.mdx,,,main,f189de79ceef7c1ef69f61f12e272f99b4cdb699,CORPUS_DIRECT,,,KEEP_PENDING_RECONCILIATION,"Reconcile ID, authority and final target against corpus"
Sas-Executar/next-forge,GAP,GAP,content-collections.mdx,blob,SOURCE_PATH_OBSERVED_AUTHORITY_NOT_ASSESSED,docs/content/docs/migrations/cms/content-collections.mdx,docs/content/docs/migrations/cms/content-collections.mdx,,,main,f189de79ceef7c1ef69f61f12e272f99b4cdb699,CORPUS_DIRECT,,,KEEP_PENDING_RECONCILIATION,"Reconcile ID, authority and final target against corpus"
Sas-Executar/next-forge,GAP,GAP,appwrite.mdx,blob,SOURCE_PATH_OBSERVED_AUTHORITY_NOT_ASSESSED,docs/content/docs/migrations/database/appwrite.mdx,docs/content/docs/migrations/database/appwrite.mdx,,,main,f189de79ceef7c1ef69f61f12e272f99b4cdb699,CORPUS_DIRECT,,,KEEP_PENDING_RECONCILIATION,"Reconcile ID, authority and final target against corpus"
Sas-Executar/next-forge,GAP,GAP,convex.mdx,blob,SOURCE_PATH_OBSERVED_AUTHORITY_NOT_ASSESSED,docs/content/docs/migrations/database/convex.mdx,docs/content/docs/migrations/database/convex.mdx,,,main,f189de79ceef7c1ef69f61f12e272f99b4cdb699,CORPUS_DIRECT,,,KEEP_PENDING_RECONCILIATION,"Reconcile ID, authority and final target against corpus"
Sas-Executar/next-forge,GAP,GAP,drizzle.mdx,blob,SOURCE_PATH_OBSERVED_AUTHORITY_NOT_ASSESSED,docs/content/docs/migrations/database/drizzle.mdx,docs/content/docs/migrations/database/drizzle.mdx,,,main,f189de79ceef7c1ef69f61f12e272f99b4cdb699,CORPUS_DIRECT,,,KEEP_PENDING_RECONCILIATION,"Reconcile ID, authority and final target against corpus"
Sas-Executar/next-forge,GAP,GAP,edgedb.mdx,blob,SOURCE_PATH_OBSERVED_AUTHORITY_NOT_ASSESSED,docs/content/docs/migrations/database/edgedb.mdx,docs/content/docs/migrations/database/edgedb.mdx,,,main,f189de79ceef7c1ef69f61f12e272f99b4cdb699,CORPUS_DIRECT,,,KEEP_PENDING_RECONCILIATION,"Reconcile ID, authority and final target against corpus"
Sas-Executar/next-forge,GAP,GAP,planetscale.mdx,blob,SOURCE_PATH_OBSERVED_AUTHORITY_NOT_ASSESSED,docs/content/docs/migrations/database/planetscale.mdx,docs/content/docs/migrations/database/planetscale.mdx,,,main,f189de79ceef7c1ef69f61f12e272f99b4cdb699,CORPUS_DIRECT,,,KEEP_PENDING_RECONCILIATION,"Reconcile ID, authority and final target against corpus"
Sas-Executar/next-forge,GAP,GAP,prisma-postgres.mdx,blob,SOURCE_PATH_OBSERVED_AUTHORITY_NOT_ASSESSED,docs/content/docs/migrations/database/prisma-postgres.mdx,docs/content/docs/migrations/database/prisma-postgres.mdx,,,main,f189de79ceef7c1ef69f61f12e272f99b4cdb699,CORPUS_DIRECT,,,KEEP_PENDING_RECONCILIATION,"Reconcile ID, authority and final target against corpus"
Sas-Executar/next-forge,GAP,GAP,supabase.mdx,blob,SOURCE_PATH_OBSERVED_AUTHORITY_NOT_ASSESSED,docs/content/docs/migrations/database/supabase.mdx,docs/content/docs/migrations/database/supabase.mdx,,,main,f189de79ceef7c1ef69f61f12e272f99b4cdb699,CORPUS_DIRECT,,,KEEP_PENDING_RECONCILIATION,"Reconcile ID, authority and final target against corpus"
Sas-Executar/next-forge,GAP,GAP,turso.mdx,blob,SOURCE_PATH_OBSERVED_AUTHORITY_NOT_ASSESSED,docs/content/docs/migrations/database/turso.mdx,docs/content/docs/migrations/database/turso.mdx,,,main,f189de79ceef7c1ef69f61f12e272f99b4cdb699,CORPUS_DIRECT,,,KEEP_PENDING_RECONCILIATION,"Reconcile ID, authority and final target against corpus"
Sas-Executar/next-forge,GAP,GAP,fumadocs.mdx,blob,SOURCE_PATH_OBSERVED_AUTHORITY_NOT_ASSESSED,docs/content/docs/migrations/documentation/fumadocs.mdx,docs/content/docs/migrations/documentation/fumadocs.mdx,,,main,f189de79ceef7c1ef69f61f12e272f99b4cdb699,CORPUS_DIRECT,,,KEEP_PENDING_RECONCILIATION,"Reconcile ID, authority and final target against corpus"
Sas-Executar/next-forge,GAP,GAP,hypertune.mdx,blob,SOURCE_PATH_OBSERVED_AUTHORITY_NOT_ASSESSED,docs/content/docs/migrations/flags/hypertune.mdx,docs/content/docs/migrations/flags/hypertune.mdx,,,main,f189de79ceef7c1ef69f61f12e272f99b4cdb699,CORPUS_DIRECT,,,KEEP_PENDING_RECONCILIATION,"Reconcile ID, authority and final target against corpus"
Sas-Executar/next-forge,GAP,GAP,eslint.mdx,blob,SOURCE_PATH_OBSERVED_AUTHORITY_NOT_ASSESSED,docs/content/docs/migrations/formatting/eslint.mdx,docs/content/docs/migrations/formatting/eslint.mdx,,,main,f189de79ceef7c1ef69f61f12e272f99b4cdb699,CORPUS_DIRECT,,,KEEP_PENDING_RECONCILIATION,"Reconcile ID, authority and final target against corpus"
Sas-Executar/next-forge,GAP,GAP,novu.mdx,blob,SOURCE_PATH_OBSERVED_AUTHORITY_NOT_ASSESSED,docs/content/docs/migrations/notifications/novu.mdx,docs/content/docs/migrations/notifications/novu.mdx,,,main,f189de79ceef7c1ef69f61f12e272f99b4cdb699,CORPUS_DIRECT,,,KEEP_PENDING_RECONCILIATION,"Reconcile ID, authority and final target against corpus"
Sas-Executar/next-forge,GAP,GAP,lemon-squeezy.mdx,blob,SOURCE_PATH_OBSERVED_AUTHORITY_NOT_ASSESSED,docs/content/docs/migrations/payments/lemon-squeezy.mdx,docs/content/docs/migrations/payments/lemon-squeezy.mdx,,,main,f189de79ceef7c1ef69f61f12e272f99b4cdb699,CORPUS_DIRECT,,,KEEP_PENDING_RECONCILIATION,"Reconcile ID, authority and final target against corpus"
Sas-Executar/next-forge,GAP,GAP,paddle.mdx,blob,SOURCE_PATH_OBSERVED_AUTHORITY_NOT_ASSESSED,docs/content/docs/migrations/payments/paddle.mdx,docs/content/docs/migrations/payments/paddle.mdx,,,main,f189de79ceef7c1ef69f61f12e272f99b4cdb699,CORPUS_DIRECT,,,KEEP_PENDING_RECONCILIATION,"Reconcile ID, authority and final target against corpus"
Sas-Executar/next-forge,GAP,GAP,appwrite.mdx,blob,SOURCE_PATH_OBSERVED_AUTHORITY_NOT_ASSESSED,docs/content/docs/migrations/storage/appwrite.mdx,docs/content/docs/migrations/storage/appwrite.mdx,,,main,f189de79ceef7c1ef69f61f12e272f99b4cdb699,CORPUS_DIRECT,,,KEEP_PENDING_RECONCILIATION,"Reconcile ID, authority and final target against corpus"
Sas-Executar/next-forge,GAP,GAP,upload-thing.mdx,blob,SOURCE_PATH_OBSERVED_AUTHORITY_NOT_ASSESSED,docs/content/docs/migrations/storage/upload-thing.mdx,docs/content/docs/migrations/storage/upload-thing.mdx,,,main,f189de79ceef7c1ef69f61f12e272f99b4cdb699,CORPUS_DIRECT,,,KEEP_PENDING_RECONCILIATION,"Reconcile ID, authority and final target against corpus"
Sas-Executar/next-forge,GAP,GAP,product.mdx,blob,SOURCE_PATH_OBSERVED_AUTHORITY_NOT_ASSESSED,docs/content/docs/packages/analytics/product.mdx,docs/content/docs/packages/analytics/product.mdx,,,main,f189de79ceef7c1ef69f61f12e272f99b4cdb699,CORPUS_DIRECT,,,KEEP_PENDING_RECONCILIATION,"Reconcile ID, authority and final target against corpus"
Sas-Executar/next-forge,GAP,GAP,web.mdx,blob,SOURCE_PATH_OBSERVED_AUTHORITY_NOT_ASSESSED,docs/content/docs/packages/analytics/web.mdx,docs/content/docs/packages/analytics/web.mdx,,,main,f189de79ceef7c1ef69f61f12e272f99b4cdb699,CORPUS_DIRECT,,,KEEP_PENDING_RECONCILIATION,"Reconcile ID, authority and final target against corpus"
Sas-Executar/next-forge,GAP,GAP,authentication.mdx,blob,SOURCE_PATH_OBSERVED_AUTHORITY_NOT_ASSESSED,docs/content/docs/packages/authentication.mdx,docs/content/docs/packages/authentication.mdx,,,main,f189de79ceef7c1ef69f61f12e272f99b4cdb699,CORPUS_DIRECT,,,KEEP_PENDING_RECONCILIATION,"Reconcile ID, authority and final target against corpus"
Sas-Executar/next-forge,GAP,GAP,components.mdx,blob,SOURCE_PATH_OBSERVED_AUTHORITY_NOT_ASSESSED,docs/content/docs/packages/cms/components.mdx,docs/content/docs/packages/cms/components.mdx,,,main,f189de79ceef7c1ef69f61f12e272f99b4cdb699,CORPUS_DIRECT,,,KEEP_PENDING_RECONCILIATION,"Reconcile ID, authority and final target against corpus"
Sas-Executar/next-forge,GAP,GAP,meta.json,blob,SOURCE_PATH_OBSERVED_AUTHORITY_NOT_ASSESSED,docs/content/docs/packages/cms/meta.json,docs/content/docs/packages/cms/meta.json,,,main,f189de79ceef7c1ef69f61f12e272f99b4cdb699,CORPUS_DIRECT,,,KEEP_PENDING_RECONCILIATION,"Reconcile ID, authority and final target against corpus"
Sas-Executar/next-forge,GAP,GAP,metadata.mdx,blob,SOURCE_PATH_OBSERVED_AUTHORITY_NOT_ASSESSED,docs/content/docs/packages/cms/metadata.mdx,docs/content/docs/packages/cms/metadata.mdx,,,main,f189de79ceef7c1ef69f61f12e272f99b4cdb699,CORPUS_DIRECT,,,KEEP_PENDING_RECONCILIATION,"Reconcile ID, authority and final target against corpus"
Sas-Executar/next-forge,GAP,GAP,overview.mdx,blob,SOURCE_PATH_OBSERVED_AUTHORITY_NOT_ASSESSED,docs/content/docs/packages/cms/overview.mdx,docs/content/docs/packages/cms/overview.mdx,,,main,f189de79ceef7c1ef69f61f12e272f99b4cdb699,CORPUS_DIRECT,,,KEEP_PENDING_RECONCILIATION,"Reconcile ID, authority and final target against corpus"
Sas-Executar/next-forge,GAP,GAP,collaboration.mdx,blob,SOURCE_PATH_OBSERVED_AUTHORITY_NOT_ASSESSED,docs/content/docs/packages/collaboration.mdx,docs/content/docs/packages/collaboration.mdx,,,main,f189de79ceef7c1ef69f61f12e272f99b4cdb699,CORPUS_DIRECT,,,KEEP_PENDING_RECONCILIATION,"Reconcile ID, authority and final target against corpus"
Sas-Executar/next-forge,GAP,GAP,cron.mdx,blob,SOURCE_PATH_OBSERVED_AUTHORITY_NOT_ASSESSED,docs/content/docs/packages/cron.mdx,docs/content/docs/packages/cron.mdx,,,main,f189de79ceef7c1ef69f61f12e272f99b4cdb699,CORPUS_DIRECT,,,KEEP_PENDING_RECONCILIATION,"Reconcile ID, authority and final target against corpus"
Sas-Executar/next-forge,GAP,GAP,database.mdx,blob,SOURCE_PATH_OBSERVED_AUTHORITY_NOT_ASSESSED,docs/content/docs/packages/database.mdx,docs/content/docs/packages/database.mdx,,,main,f189de79ceef7c1ef69f61f12e272f99b4cdb699,CORPUS_DIRECT,,,KEEP_PENDING_RECONCILIATION,"Reconcile ID, authority and final target against corpus"
Sas-Executar/next-forge,GAP,GAP,colors.mdx,blob,SOURCE_PATH_OBSERVED_AUTHORITY_NOT_ASSESSED,docs/content/docs/packages/design-system/colors.mdx,docs/content/docs/packages/design-system/colors.mdx,,,main,f189de79ceef7c1ef69f61f12e272f99b4cdb699,CORPUS_DIRECT,,,KEEP_PENDING_RECONCILIATION,"Reconcile ID, authority and final target against corpus"
Sas-Executar/next-forge,GAP,GAP,components.mdx,blob,SOURCE_PATH_OBSERVED_AUTHORITY_NOT_ASSESSED,docs/content/docs/packages/design-system/components.mdx,docs/content/docs/packages/design-system/components.mdx,,,main,f189de79ceef7c1ef69f61f12e272f99b4cdb699,CORPUS_DIRECT,,,KEEP_PENDING_RECONCILIATION,"Reconcile ID, authority and final target against corpus"
Sas-Executar/next-forge,GAP,GAP,dark-mode.mdx,blob,SOURCE_PATH_OBSERVED_AUTHORITY_NOT_ASSESSED,docs/content/docs/packages/design-system/dark-mode.mdx,docs/content/docs/packages/design-system/dark-mode.mdx,,,main,f189de79ceef7c1ef69f61f12e272f99b4cdb699,CORPUS_DIRECT,,,KEEP_PENDING_RECONCILIATION,"Reconcile ID, authority and final target against corpus"
Sas-Executar/next-forge,GAP,GAP,meta.json,blob,SOURCE_PATH_OBSERVED_AUTHORITY_NOT_ASSESSED,docs/content/docs/packages/design-system/meta.json,docs/content/docs/packages/design-system/meta.json,,,main,f189de79ceef7c1ef69f61f12e272f99b4cdb699,CORPUS_DIRECT,,,KEEP_PENDING_RECONCILIATION,"Reconcile ID, authority and final target against corpus"
Sas-Executar/next-forge,GAP,GAP,provider.mdx,blob,SOURCE_PATH_OBSERVED_AUTHORITY_NOT_ASSESSED,docs/content/docs/packages/design-system/provider.mdx,docs/content/docs/packages/design-system/provider.mdx,,,main,f189de79ceef7c1ef69f61f12e272f99b4cdb699,CORPUS_DIRECT,,,KEEP_PENDING_RECONCILIATION,"Reconcile ID, authority and final target against corpus"
Sas-Executar/next-forge,GAP,GAP,typography.mdx,blob,SOURCE_PATH_OBSERVED_AUTHORITY_NOT_ASSESSED,docs/content/docs/packages/design-system/typography.mdx,docs/content/docs/packages/design-system/typography.mdx,,,main,f189de79ceef7c1ef69f61f12e272f99b4cdb699,CORPUS_DIRECT,,,KEEP_PENDING_RECONCILIATION,"Reconcile ID, authority and final target against corpus"
Sas-Executar/next-forge,GAP,GAP,email.mdx,blob,SOURCE_PATH_OBSERVED_AUTHORITY_NOT_ASSESSED,docs/content/docs/packages/email.mdx,docs/content/docs/packages/email.mdx,,,main,f189de79ceef7c1ef69f61f12e272f99b4cdb699,CORPUS_DIRECT,,,KEEP_PENDING_RECONCILIATION,"Reconcile ID, authority and final target against corpus"
Sas-Executar/next-forge,GAP,GAP,flags.mdx,blob,SOURCE_PATH_OBSERVED_AUTHORITY_NOT_ASSESSED,docs/content/docs/packages/flags.mdx,docs/content/docs/packages/flags.mdx,,,main,f189de79ceef7c1ef69f61f12e272f99b4cdb699,CORPUS_DIRECT,,,KEEP_PENDING_RECONCILIATION,"Reconcile ID, authority and final target against corpus"
Sas-Executar/next-forge,GAP,GAP,formatting.mdx,blob,SOURCE_PATH_OBSERVED_AUTHORITY_NOT_ASSESSED,docs/content/docs/packages/formatting.mdx,docs/content/docs/packages/formatting.mdx,,,main,f189de79ceef7c1ef69f61f12e272f99b4cdb699,CORPUS_DIRECT,,,KEEP_PENDING_RECONCILIATION,"Reconcile ID, authority and final target against corpus"
Sas-Executar/next-forge,GAP,GAP,internationalization.mdx,blob,SOURCE_PATH_OBSERVED_AUTHORITY_NOT_ASSESSED,docs/content/docs/packages/internationalization.mdx,docs/content/docs/packages/internationalization.mdx,,,main,f189de79ceef7c1ef69f61f12e272f99b4cdb699,CORPUS_DIRECT,,,KEEP_PENDING_RECONCILIATION,"Reconcile ID, authority and final target against corpus"
Sas-Executar/next-forge,GAP,GAP,meta.json,blob,SOURCE_PATH_OBSERVED_AUTHORITY_NOT_ASSESSED,docs/content/docs/packages/meta.json,docs/content/docs/packages/meta.json,,,main,f189de79ceef7c1ef69f61f12e272f99b4cdb699,CORPUS_DIRECT,,,KEEP_PENDING_RECONCILIATION,"Reconcile ID, authority and final target against corpus"
Sas-Executar/next-forge,GAP,GAP,bundle-analysis.mdx,blob,SOURCE_PATH_OBSERVED_AUTHORITY_NOT_ASSESSED,docs/content/docs/packages/next-config/bundle-analysis.mdx,docs/content/docs/packages/next-config/bundle-analysis.mdx,,,main,f189de79ceef7c1ef69f61f12e272f99b4cdb699,CORPUS_DIRECT,,,KEEP_PENDING_RECONCILIATION,"Reconcile ID, authority and final target against corpus"
Sas-Executar/next-forge,GAP,GAP,meta.json,blob,SOURCE_PATH_OBSERVED_AUTHORITY_NOT_ASSESSED,docs/content/docs/packages/next-config/meta.json,docs/content/docs/packages/next-config/meta.json,,,main,f189de79ceef7c1ef69f61f12e272f99b4cdb699,CORPUS_DIRECT,,,KEEP_PENDING_RECONCILIATION,"Reconcile ID, authority and final target against corpus"
Sas-Executar/next-forge,GAP,GAP,overview.mdx,blob,SOURCE_PATH_OBSERVED_AUTHORITY_NOT_ASSESSED,docs/content/docs/packages/next-config/overview.mdx,docs/content/docs/packages/next-config/overview.mdx,,,main,f189de79ceef7c1ef69f61f12e272f99b4cdb699,CORPUS_DIRECT,,,KEEP_PENDING_RECONCILIATION,"Reconcile ID, authority and final target against corpus"
Sas-Executar/next-forge,GAP,GAP,notifications.mdx,blob,SOURCE_PATH_OBSERVED_AUTHORITY_NOT_ASSESSED,docs/content/docs/packages/notifications.mdx,docs/content/docs/packages/notifications.mdx,,,main,f189de79ceef7c1ef69f61f12e272f99b4cdb699,CORPUS_DIRECT,,,KEEP_PENDING_RECONCILIATION,"Reconcile ID, authority and final target against corpus"
Sas-Executar/next-forge,GAP,GAP,debugging.mdx,blob,SOURCE_PATH_OBSERVED_AUTHORITY_NOT_ASSESSED,docs/content/docs/packages/observability/debugging.mdx,docs/content/docs/packages/observability/debugging.mdx,,,main,f189de79ceef7c1ef69f61f12e272f99b4cdb699,CORPUS_DIRECT,,,KEEP_PENDING_RECONCILIATION,"Reconcile ID, authority and final target against corpus"
Sas-Executar/next-forge,GAP,GAP,error-capture.mdx,blob,SOURCE_PATH_OBSERVED_AUTHORITY_NOT_ASSESSED,docs/content/docs/packages/observability/error-capture.mdx,docs/content/docs/packages/observability/error-capture.mdx,,,main,f189de79ceef7c1ef69f61f12e272f99b4cdb699,CORPUS_DIRECT,,,KEEP_PENDING_RECONCILIATION,"Reconcile ID, authority and final target against corpus"
Sas-Executar/next-forge,GAP,GAP,logging.mdx,blob,SOURCE_PATH_OBSERVED_AUTHORITY_NOT_ASSESSED,docs/content/docs/packages/observability/logging.mdx,docs/content/docs/packages/observability/logging.mdx,,,main,f189de79ceef7c1ef69f61f12e272f99b4cdb699,CORPUS_DIRECT,,,KEEP_PENDING_RECONCILIATION,"Reconcile ID, authority and final target against corpus"
Sas-Executar/next-forge,GAP,GAP,uptime.mdx,blob,SOURCE_PATH_OBSERVED_AUTHORITY_NOT_ASSESSED,docs/content/docs/packages/observability/uptime.mdx,docs/content/docs/packages/observability/uptime.mdx,,,main,f189de79ceef7c1ef69f61f12e272f99b4cdb699,CORPUS_DIRECT,,,KEEP_PENDING_RECONCILIATION,"Reconcile ID, authority and final target against corpus"
Sas-Executar/next-forge,GAP,GAP,payments.mdx,blob,SOURCE_PATH_OBSERVED_AUTHORITY_NOT_ASSESSED,docs/content/docs/packages/payments.mdx,docs/content/docs/packages/payments.mdx,,,main,f189de79ceef7c1ef69f61f12e272f99b4cdb699,CORPUS_DIRECT,,,KEEP_PENDING_RECONCILIATION,"Reconcile ID, authority and final target against corpus"
Sas-Executar/next-forge,GAP,GAP,application.mdx,blob,SOURCE_PATH_OBSERVED_AUTHORITY_NOT_ASSESSED,docs/content/docs/packages/security/application.mdx,docs/content/docs/packages/security/application.mdx,,,main,f189de79ceef7c1ef69f61f12e272f99b4cdb699,CORPUS_DIRECT,,,KEEP_PENDING_RECONCILIATION,"Reconcile ID, authority and final target against corpus"
Sas-Executar/next-forge,GAP,GAP,dependencies.mdx,blob,SOURCE_PATH_OBSERVED_AUTHORITY_NOT_ASSESSED,docs/content/docs/packages/security/dependencies.mdx,docs/content/docs/packages/security/dependencies.mdx,,,main,f189de79ceef7c1ef69f61f12e272f99b4cdb699,CORPUS_DIRECT,,,KEEP_PENDING_RECONCILIATION,"Reconcile ID, authority and final target against corpus"
Sas-Executar/next-forge,GAP,GAP,headers.mdx,blob,SOURCE_PATH_OBSERVED_AUTHORITY_NOT_ASSESSED,docs/content/docs/packages/security/headers.mdx,docs/content/docs/packages/security/headers.mdx,,,main,f189de79ceef7c1ef69f61f12e272f99b4cdb699,CORPUS_DIRECT,,,KEEP_PENDING_RECONCILIATION,"Reconcile ID, authority and final target against corpus"
Sas-Executar/next-forge,GAP,GAP,ip-geolocation.mdx,blob,SOURCE_PATH_OBSERVED_AUTHORITY_NOT_ASSESSED,docs/content/docs/packages/security/ip-geolocation.mdx,docs/content/docs/packages/security/ip-geolocation.mdx,,,main,f189de79ceef7c1ef69f61f12e272f99b4cdb699,CORPUS_DIRECT,,,KEEP_PENDING_RECONCILIATION,"Reconcile ID, authority and final target against corpus"
Sas-Executar/next-forge,GAP,GAP,rate-limiting.mdx,blob,SOURCE_PATH_OBSERVED_AUTHORITY_NOT_ASSESSED,docs/content/docs/packages/security/rate-limiting.mdx,docs/content/docs/packages/security/rate-limiting.mdx,,,main,f189de79ceef7c1ef69f61f12e272f99b4cdb699,CORPUS_DIRECT,,,KEEP_PENDING_RECONCILIATION,"Reconcile ID, authority and final target against corpus"
Sas-Executar/next-forge,GAP,GAP,json-ld.mdx,blob,SOURCE_PATH_OBSERVED_AUTHORITY_NOT_ASSESSED,docs/content/docs/packages/seo/json-ld.mdx,docs/content/docs/packages/seo/json-ld.mdx,,,main,f189de79ceef7c1ef69f61f12e272f99b4cdb699,CORPUS_DIRECT,,,KEEP_PENDING_RECONCILIATION,"Reconcile ID, authority and final target against corpus"
Sas-Executar/next-forge,GAP,GAP,meta.json,blob,SOURCE_PATH_OBSERVED_AUTHORITY_NOT_ASSESSED,docs/content/docs/packages/seo/meta.json,docs/content/docs/packages/seo/meta.json,,,main,f189de79ceef7c1ef69f61f12e272f99b4cdb699,CORPUS_DIRECT,,,KEEP_PENDING_RECONCILIATION,"Reconcile ID, authority and final target against corpus"
Sas-Executar/next-forge,GAP,GAP,metadata.mdx,blob,SOURCE_PATH_OBSERVED_AUTHORITY_NOT_ASSESSED,docs/content/docs/packages/seo/metadata.mdx,docs/content/docs/packages/seo/metadata.mdx,,,main,f189de79ceef7c1ef69f61f12e272f99b4cdb699,CORPUS_DIRECT,,,KEEP_PENDING_RECONCILIATION,"Reconcile ID, authority and final target against corpus"
Sas-Executar/next-forge,GAP,GAP,sitemap.mdx,blob,SOURCE_PATH_OBSERVED_AUTHORITY_NOT_ASSESSED,docs/content/docs/packages/seo/sitemap.mdx,docs/content/docs/packages/seo/sitemap.mdx,,,main,f189de79ceef7c1ef69f61f12e272f99b4cdb699,CORPUS_DIRECT,,,KEEP_PENDING_RECONCILIATION,"Reconcile ID, authority and final target against corpus"
Sas-Executar/next-forge,GAP,GAP,storage.mdx,blob,SOURCE_PATH_OBSERVED_AUTHORITY_NOT_ASSESSED,docs/content/docs/packages/storage.mdx,docs/content/docs/packages/storage.mdx,,,main,f189de79ceef7c1ef69f61f12e272f99b4cdb699,CORPUS_DIRECT,,,KEEP_PENDING_RECONCILIATION,"Reconcile ID, authority and final target against corpus"
Sas-Executar/next-forge,GAP,GAP,toolbar.mdx,blob,SOURCE_PATH_OBSERVED_AUTHORITY_NOT_ASSESSED,docs/content/docs/packages/toolbar.mdx,docs/content/docs/packages/toolbar.mdx,,,main,f189de79ceef7c1ef69f61f12e272f99b4cdb699,CORPUS_DIRECT,,,KEEP_PENDING_RECONCILIATION,"Reconcile ID, authority and final target against corpus"
Sas-Executar/next-forge,GAP,GAP,inbound.mdx,blob,SOURCE_PATH_OBSERVED_AUTHORITY_NOT_ASSESSED,docs/content/docs/packages/webhooks/inbound.mdx,docs/content/docs/packages/webhooks/inbound.mdx,,,main,f189de79ceef7c1ef69f61f12e272f99b4cdb699,CORPUS_DIRECT,,,KEEP_PENDING_RECONCILIATION,"Reconcile ID, authority and final target against corpus"
Sas-Executar/next-forge,GAP,GAP,outbound.mdx,blob,SOURCE_PATH_OBSERVED_AUTHORITY_NOT_ASSESSED,docs/content/docs/packages/webhooks/outbound.mdx,docs/content/docs/packages/webhooks/outbound.mdx,,,main,f189de79ceef7c1ef69f61f12e272f99b4cdb699,CORPUS_DIRECT,,,KEEP_PENDING_RECONCILIATION,"Reconcile ID, authority and final target against corpus"
Sas-Executar/next-forge,GAP,GAP,philosophy.mdx,blob,SOURCE_PATH_OBSERVED_AUTHORITY_NOT_ASSESSED,docs/content/docs/philosophy.mdx,docs/content/docs/philosophy.mdx,,,main,f189de79ceef7c1ef69f61f12e272f99b4cdb699,CORPUS_DIRECT,,,KEEP_PENDING_RECONCILIATION,"Reconcile ID, authority and final target against corpus"
Sas-Executar/next-forge,GAP,GAP,env.mdx,blob,SOURCE_PATH_OBSERVED_AUTHORITY_NOT_ASSESSED,docs/content/docs/setup/env.mdx,docs/content/docs/setup/env.mdx,,,main,f189de79ceef7c1ef69f61f12e272f99b4cdb699,CORPUS_DIRECT,,,KEEP_PENDING_RECONCILIATION,"Reconcile ID, authority and final target against corpus"
Sas-Executar/next-forge,GAP,GAP,installation.mdx,blob,SOURCE_PATH_OBSERVED_AUTHORITY_NOT_ASSESSED,docs/content/docs/setup/installation.mdx,docs/content/docs/setup/installation.mdx,,,main,f189de79ceef7c1ef69f61f12e272f99b4cdb699,CORPUS_DIRECT,,,KEEP_PENDING_RECONCILIATION,"Reconcile ID, authority and final target against corpus"
Sas-Executar/next-forge,GAP,GAP,meta.json,blob,SOURCE_PATH_OBSERVED_AUTHORITY_NOT_ASSESSED,docs/content/docs/setup/meta.json,docs/content/docs/setup/meta.json,,,main,f189de79ceef7c1ef69f61f12e272f99b4cdb699,CORPUS_DIRECT,,,KEEP_PENDING_RECONCILIATION,"Reconcile ID, authority and final target against corpus"
Sas-Executar/next-forge,GAP,GAP,prerequisites.mdx,blob,SOURCE_PATH_OBSERVED_AUTHORITY_NOT_ASSESSED,docs/content/docs/setup/prerequisites.mdx,docs/content/docs/setup/prerequisites.mdx,,,main,f189de79ceef7c1ef69f61f12e272f99b4cdb699,CORPUS_DIRECT,,,KEEP_PENDING_RECONCILIATION,"Reconcile ID, authority and final target against corpus"
Sas-Executar/next-forge,GAP,GAP,quickstart.mdx,blob,SOURCE_PATH_OBSERVED_AUTHORITY_NOT_ASSESSED,docs/content/docs/setup/quickstart.mdx,docs/content/docs/setup/quickstart.mdx,,,main,f189de79ceef7c1ef69f61f12e272f99b4cdb699,CORPUS_DIRECT,,,KEEP_PENDING_RECONCILIATION,"Reconcile ID, authority and final target against corpus"
Sas-Executar/next-forge,GAP,GAP,structure.mdx,blob,SOURCE_PATH_OBSERVED_AUTHORITY_NOT_ASSESSED,docs/content/docs/structure.mdx,docs/content/docs/structure.mdx,,,main,f189de79ceef7c1ef69f61f12e272f99b4cdb699,CORPUS_DIRECT,,,KEEP_PENDING_RECONCILIATION,"Reconcile ID, authority and final target against corpus"
Sas-Executar/next-forge,GAP,GAP,updates.mdx,blob,SOURCE_PATH_OBSERVED_AUTHORITY_NOT_ASSESSED,docs/content/docs/updates.mdx,docs/content/docs/updates.mdx,,,main,f189de79ceef7c1ef69f61f12e272f99b4cdb699,CORPUS_DIRECT,,,KEEP_PENDING_RECONCILIATION,"Reconcile ID, authority and final target against corpus"
Sas-Executar/next-forge,GAP,GAP,geistdocs.tsx,blob,SOURCE_PATH_OBSERVED_AUTHORITY_NOT_ASSESSED,docs/geistdocs.tsx,docs/geistdocs.tsx,,,main,f189de79ceef7c1ef69f61f12e272f99b4cdb699,CORPUS_DIRECT,,,KEEP_PENDING_RECONCILIATION,"Reconcile ID, authority and final target against corpus"
Sas-Executar/next-forge,GAP,GAP,use-chat.ts,blob,SOURCE_PATH_OBSERVED_AUTHORITY_NOT_ASSESSED,docs/hooks/geistdocs/use-chat.ts,docs/hooks/geistdocs/use-chat.ts,,,main,f189de79ceef7c1ef69f61f12e272f99b4cdb699,CORPUS_DIRECT,,,KEEP_PENDING_RECONCILIATION,"Reconcile ID, authority and final target against corpus"
Sas-Executar/next-forge,GAP,GAP,use-sidebar.ts,blob,SOURCE_PATH_OBSERVED_AUTHORITY_NOT_ASSESSED,docs/hooks/geistdocs/use-sidebar.ts,docs/hooks/geistdocs/use-sidebar.ts,,,main,f189de79ceef7c1ef69f61f12e272f99b4cdb699,CORPUS_DIRECT,,,KEEP_PENDING_RECONCILIATION,"Reconcile ID, authority and final target against corpus"
Sas-Executar/next-forge,GAP,GAP,use-mobile.ts,blob,SOURCE_PATH_OBSERVED_AUTHORITY_NOT_ASSESSED,docs/hooks/use-mobile.ts,docs/hooks/use-mobile.ts,,,main,f189de79ceef7c1ef69f61f12e272f99b4cdb699,CORPUS_DIRECT,,,KEEP_PENDING_RECONCILIATION,"Reconcile ID, authority and final target against corpus"
Sas-Executar/next-forge,GAP,GAP,db.ts,blob,SOURCE_PATH_OBSERVED_AUTHORITY_NOT_ASSESSED,docs/lib/geistdocs/db.ts,docs/lib/geistdocs/db.ts,,,main,f189de79ceef7c1ef69f61f12e272f99b4cdb699,CORPUS_DIRECT,,,KEEP_PENDING_RECONCILIATION,"Reconcile ID, authority and final target against corpus"
Sas-Executar/next-forge,GAP,GAP,fonts.ts,blob,SOURCE_PATH_OBSERVED_AUTHORITY_NOT_ASSESSED,docs/lib/geistdocs/fonts.ts,docs/lib/geistdocs/fonts.ts,,,main,f189de79ceef7c1ef69f61f12e272f99b4cdb699,CORPUS_DIRECT,,,KEEP_PENDING_RECONCILIATION,"Reconcile ID, authority and final target against corpus"
Sas-Executar/next-forge,GAP,GAP,i18n.ts,blob,SOURCE_PATH_OBSERVED_AUTHORITY_NOT_ASSESSED,docs/lib/geistdocs/i18n.ts,docs/lib/geistdocs/i18n.ts,,,main,f189de79ceef7c1ef69f61f12e272f99b4cdb699,CORPUS_DIRECT,,,KEEP_PENDING_RECONCILIATION,"Reconcile ID, authority and final target against corpus"
Sas-Executar/next-forge,GAP,GAP,md-tracking.ts,blob,SOURCE_PATH_OBSERVED_AUTHORITY_NOT_ASSESSED,docs/lib/geistdocs/md-tracking.ts,docs/lib/geistdocs/md-tracking.ts,,,main,f189de79ceef7c1ef69f61f12e272f99b4cdb699,CORPUS_DIRECT,,,KEEP_PENDING_RECONCILIATION,"Reconcile ID, authority and final target against corpus"
Sas-Executar/next-forge,GAP,GAP,source.ts,blob,SOURCE_PATH_OBSERVED_AUTHORITY_NOT_ASSESSED,docs/lib/geistdocs/source.ts,docs/lib/geistdocs/source.ts,,,main,f189de79ceef7c1ef69f61f12e272f99b4cdb699,CORPUS_DIRECT,,,KEEP_PENDING_RECONCILIATION,"Reconcile ID, authority and final target against corpus"
Sas-Executar/next-forge,GAP,GAP,utils.ts,blob,SOURCE_PATH_OBSERVED_AUTHORITY_NOT_ASSESSED,docs/lib/utils.ts,docs/lib/utils.ts,,,main,f189de79ceef7c1ef69f61f12e272f99b4cdb699,CORPUS_DIRECT,,,KEEP_PENDING_RECONCILIATION,"Reconcile ID, authority and final target against corpus"
Sas-Executar/next-forge,GAP,GAP,next.config.ts,blob,SOURCE_PATH_OBSERVED_AUTHORITY_NOT_ASSESSED,docs/next.config.ts,docs/next.config.ts,,,main,f189de79ceef7c1ef69f61f12e272f99b4cdb699,CORPUS_DIRECT,,,KEEP_PENDING_RECONCILIATION,"Reconcile ID, authority and final target against corpus"
Sas-Executar/next-forge,GAP,GAP,package.json,blob,SOURCE_PATH_OBSERVED_AUTHORITY_NOT_ASSESSED,docs/package.json,docs/package.json,,,main,f189de79ceef7c1ef69f61f12e272f99b4cdb699,CORPUS_DIRECT,,,KEEP_PENDING_RECONCILIATION,"Reconcile ID, authority and final target against corpus"
Sas-Executar/next-forge,GAP,GAP,postcss.config.mjs,blob,SOURCE_PATH_OBSERVED_AUTHORITY_NOT_ASSESSED,docs/postcss.config.mjs,docs/postcss.config.mjs,,,main,f189de79ceef7c1ef69f61f12e272f99b4cdb699,CORPUS_DIRECT,,,KEEP_PENDING_RECONCILIATION,"Reconcile ID, authority and final target against corpus"
Sas-Executar/next-forge,GAP,GAP,proxy.ts,blob,SOURCE_PATH_OBSERVED_AUTHORITY_NOT_ASSESSED,docs/proxy.ts,docs/proxy.ts,,,main,f189de79ceef7c1ef69f61f12e272f99b4cdb699,CORPUS_DIRECT,,,KEEP_PENDING_RECONCILIATION,"Reconcile ID, authority and final target against corpus"
Sas-Executar/next-forge,GAP,GAP,ai-chatbot.png,blob,SOURCE_PATH_OBSERVED_AUTHORITY_NOT_ASSESSED,docs/public/images/ai-chatbot.png,docs/public/images/ai-chatbot.png,,,main,f189de79ceef7c1ef69f61f12e272f99b4cdb699,CORPUS_DIRECT,,,KEEP_PENDING_RECONCILIATION,"Reconcile ID, authority and final target against corpus"
Sas-Executar/next-forge,GAP,GAP,app.png,blob,SOURCE_PATH_OBSERVED_AUTHORITY_NOT_ASSESSED,docs/public/images/app.png,docs/public/images/app.png,,,main,f189de79ceef7c1ef69f61f12e272f99b4cdb699,CORPUS_DIRECT,,,KEEP_PENDING_RECONCILIATION,"Reconcile ID, authority and final target against corpus"
Sas-Executar/next-forge,GAP,GAP,dub-create.png,blob,SOURCE_PATH_OBSERVED_AUTHORITY_NOT_ASSESSED,docs/public/images/dub-create.png,docs/public/images/dub-create.png,,,main,f189de79ceef7c1ef69f61f12e272f99b4cdb699,CORPUS_DIRECT,,,KEEP_PENDING_RECONCILIATION,"Reconcile ID, authority and final target against corpus"
Sas-Executar/next-forge,GAP,GAP,dub-register.png,blob,SOURCE_PATH_OBSERVED_AUTHORITY_NOT_ASSESSED,docs/public/images/dub-register.png,docs/public/images/dub-register.png,,,main,f189de79ceef7c1ef69f61f12e272f99b4cdb699,CORPUS_DIRECT,,,KEEP_PENDING_RECONCILIATION,"Reconcile ID, authority and final target against corpus"
Sas-Executar/next-forge,GAP,GAP,metabase-add-database.png,blob,SOURCE_PATH_OBSERVED_AUTHORITY_NOT_ASSESSED,docs/public/images/metabase-add-database.png,docs/public/images/metabase-add-database.png,,,main,f189de79ceef7c1ef69f61f12e272f99b4cdb699,CORPUS_DIRECT,,,KEEP_PENDING_RECONCILIATION,"Reconcile ID, authority and final target against corpus"
Sas-Executar/next-forge,GAP,GAP,upstash-ratelimit-dashboard.png,blob,SOURCE_PATH_OBSERVED_AUTHORITY_NOT_ASSESSED,docs/public/images/upstash-ratelimit-dashboard.png,docs/public/images/upstash-ratelimit-dashboard.png,,,main,f189de79ceef7c1ef69f61f12e272f99b4cdb699,CORPUS_DIRECT,,,KEEP_PENDING_RECONCILIATION,"Reconcile ID, authority and final target against corpus"
Sas-Executar/next-forge,GAP,GAP,upstash-ratelimit-navbar.png,blob,SOURCE_PATH_OBSERVED_AUTHORITY_NOT_ASSESSED,docs/public/images/upstash-ratelimit-navbar.png,docs/public/images/upstash-ratelimit-navbar.png,,,main,f189de79ceef7c1ef69f61f12e272f99b4cdb699,CORPUS_DIRECT,,,KEEP_PENDING_RECONCILIATION,"Reconcile ID, authority and final target against corpus"
Sas-Executar/next-forge,GAP,GAP,vercel-toolbar.png,blob,SOURCE_PATH_OBSERVED_AUTHORITY_NOT_ASSESSED,docs/public/images/vercel-toolbar.png,docs/public/images/vercel-toolbar.png,,,main,f189de79ceef7c1ef69f61f12e272f99b4cdb699,CORPUS_DIRECT,,,KEEP_PENDING_RECONCILIATION,"Reconcile ID, authority and final target against corpus"
Sas-Executar/next-forge,GAP,GAP,source.config.ts,blob,SOURCE_PATH_OBSERVED_AUTHORITY_NOT_ASSESSED,docs/source.config.ts,docs/source.config.ts,,,main,f189de79ceef7c1ef69f61f12e272f99b4cdb699,CORPUS_DIRECT,,,KEEP_PENDING_RECONCILIATION,"Reconcile ID, authority and final target against corpus"
Sas-Executar/next-forge,GAP,GAP,tsconfig.json,blob,SOURCE_PATH_OBSERVED_AUTHORITY_NOT_ASSESSED,docs/tsconfig.json,docs/tsconfig.json,,,main,f189de79ceef7c1ef69f61f12e272f99b4cdb699,CORPUS_DIRECT,,,KEEP_PENDING_RECONCILIATION,"Reconcile ID, authority and final target against corpus"
Sas-Executar/next-forge,GAP,GAP,turbo.json,blob,SOURCE_PATH_OBSERVED_AUTHORITY_NOT_ASSESSED,docs/turbo.json,docs/turbo.json,,,main,f189de79ceef7c1ef69f61f12e272f99b4cdb699,CORPUS_DIRECT,,,KEEP_PENDING_RECONCILIATION,"Reconcile ID, authority and final target against corpus"
Sas-Executar/next-forge,GAP,GAP,license.md,blob,SOURCE_PATH_OBSERVED_AUTHORITY_NOT_ASSESSED,license.md,license.md,,,main,f189de79ceef7c1ef69f61f12e272f99b4cdb699,CORPUS_DIRECT,,,KEEP_PENDING_RECONCILIATION,"Reconcile ID, authority and final target against corpus"
Sas-Executar/next-forge,GAP,GAP,package.json,blob,SOURCE_PATH_OBSERVED_AUTHORITY_NOT_ASSESSED,package.json,package.json,,,main,f189de79ceef7c1ef69f61f12e272f99b4cdb699,CORPUS_DIRECT,,,KEEP_PENDING_RECONCILIATION,"Reconcile ID, authority and final target against corpus"
Sas-Executar/next-forge,GAP,GAP,message.tsx,blob,SOURCE_PATH_OBSERVED_AUTHORITY_NOT_ASSESSED,packages/ai/components/message.tsx,packages/ai/components/message.tsx,,,main,f189de79ceef7c1ef69f61f12e272f99b4cdb699,CORPUS_DIRECT,,,KEEP_PENDING_RECONCILIATION,"Reconcile ID, authority and final target against corpus"
Sas-Executar/next-forge,GAP,GAP,thread.tsx,blob,SOURCE_PATH_OBSERVED_AUTHORITY_NOT_ASSESSED,packages/ai/components/thread.tsx,packages/ai/components/thread.tsx,,,main,f189de79ceef7c1ef69f61f12e272f99b4cdb699,CORPUS_DIRECT,,,KEEP_PENDING_RECONCILIATION,"Reconcile ID, authority and final target against corpus"
Sas-Executar/next-forge,GAP,GAP,index.ts,blob,SOURCE_PATH_OBSERVED_AUTHORITY_NOT_ASSESSED,packages/ai/index.ts,packages/ai/index.ts,,,main,f189de79ceef7c1ef69f61f12e272f99b4cdb699,CORPUS_DIRECT,,,KEEP_PENDING_RECONCILIATION,"Reconcile ID, authority and final target against corpus"
Sas-Executar/next-forge,GAP,GAP,keys.ts,blob,SOURCE_PATH_OBSERVED_AUTHORITY_NOT_ASSESSED,packages/ai/keys.ts,packages/ai/keys.ts,,,main,f189de79ceef7c1ef69f61f12e272f99b4cdb699,CORPUS_DIRECT,,,KEEP_PENDING_RECONCILIATION,"Reconcile ID, authority and final target against corpus"
Sas-Executar/next-forge,GAP,GAP,models.ts,blob,SOURCE_PATH_OBSERVED_AUTHORITY_NOT_ASSESSED,packages/ai/lib/models.ts,packages/ai/lib/models.ts,,,main,f189de79ceef7c1ef69f61f12e272f99b4cdb699,CORPUS_DIRECT,,,KEEP_PENDING_RECONCILIATION,"Reconcile ID, authority and final target against corpus"
Sas-Executar/next-forge,GAP,GAP,react.ts,blob,SOURCE_PATH_OBSERVED_AUTHORITY_NOT_ASSESSED,packages/ai/lib/react.ts,packages/ai/lib/react.ts,,,main,f189de79ceef7c1ef69f61f12e272f99b4cdb699,CORPUS_DIRECT,,,KEEP_PENDING_RECONCILIATION,"Reconcile ID, authority and final target against corpus"
Sas-Executar/next-forge,GAP,GAP,package.json,blob,SOURCE_PATH_OBSERVED_AUTHORITY_NOT_ASSESSED,packages/ai/package.json,packages/ai/package.json,,,main,f189de79ceef7c1ef69f61f12e272f99b4cdb699,CORPUS_DIRECT,,,KEEP_PENDING_RECONCILIATION,"Reconcile ID, authority and final target against corpus"
Sas-Executar/next-forge,GAP,GAP,tsconfig.json,blob,SOURCE_PATH_OBSERVED_AUTHORITY_NOT_ASSESSED,packages/ai/tsconfig.json,packages/ai/tsconfig.json,,,main,f189de79ceef7c1ef69f61f12e272f99b4cdb699,CORPUS_DIRECT,,,KEEP_PENDING_RECONCILIATION,"Reconcile ID, authority and final target against corpus"
Sas-Executar/next-forge,GAP,GAP,index.ts,blob,SOURCE_PATH_OBSERVED_AUTHORITY_NOT_ASSESSED,packages/analytics/index.ts,packages/analytics/index.ts,,,main,f189de79ceef7c1ef69f61f12e272f99b4cdb699,CORPUS_DIRECT,,,KEEP_PENDING_RECONCILIATION,"Reconcile ID, authority and final target against corpus"
Sas-Executar/next-forge,GAP,GAP,instrumentation-client.ts,blob,SOURCE_PATH_OBSERVED_AUTHORITY_NOT_ASSESSED,packages/analytics/instrumentation-client.ts,packages/analytics/instrumentation-client.ts,,,main,f189de79ceef7c1ef69f61f12e272f99b4cdb699,CORPUS_DIRECT,,,KEEP_PENDING_RECONCILIATION,"Reconcile ID, authority and final target against corpus"
Sas-Executar/next-forge,GAP,GAP,keys.ts,blob,SOURCE_PATH_OBSERVED_AUTHORITY_NOT_ASSESSED,packages/analytics/keys.ts,packages/analytics/keys.ts,,,main,f189de79ceef7c1ef69f61f12e272f99b4cdb699,CORPUS_DIRECT,,,KEEP_PENDING_RECONCILIATION,"Reconcile ID, authority and final target against corpus"
Sas-Executar/next-forge,GAP,GAP,package.json,blob,SOURCE_PATH_OBSERVED_AUTHORITY_NOT_ASSESSED,packages/analytics/package.json,packages/analytics/package.json,,,main,f189de79ceef7c1ef69f61f12e272f99b4cdb699,CORPUS_DIRECT,,,KEEP_PENDING_RECONCILIATION,"Reconcile ID, authority and final target against corpus"
Sas-Executar/next-forge,GAP,GAP,provider.tsx,blob,SOURCE_PATH_OBSERVED_AUTHORITY_NOT_ASSESSED,packages/analytics/provider.tsx,packages/analytics/provider.tsx,,,main,f189de79ceef7c1ef69f61f12e272f99b4cdb699,CORPUS_DIRECT,,,KEEP_PENDING_RECONCILIATION,"Reconcile ID, authority and final target against corpus"
Sas-Executar/next-forge,GAP,GAP,server.ts,blob,SOURCE_PATH_OBSERVED_AUTHORITY_NOT_ASSESSED,packages/analytics/server.ts,packages/analytics/server.ts,,,main,f189de79ceef7c1ef69f61f12e272f99b4cdb699,CORPUS_DIRECT,,,KEEP_PENDING_RECONCILIATION,"Reconcile ID, authority and final target against corpus"
Sas-Executar/next-forge,GAP,GAP,tsconfig.json,blob,SOURCE_PATH_OBSERVED_AUTHORITY_NOT_ASSESSED,packages/analytics/tsconfig.json,packages/analytics/tsconfig.json,,,main,f189de79ceef7c1ef69f61f12e272f99b4cdb699,CORPUS_DIRECT,,,KEEP_PENDING_RECONCILIATION,"Reconcile ID, authority and final target against corpus"
Sas-Executar/next-forge,GAP,GAP,client.ts,blob,SOURCE_PATH_OBSERVED_AUTHORITY_NOT_ASSESSED,packages/auth/client.ts,packages/auth/client.ts,,,main,f189de79ceef7c1ef69f61f12e272f99b4cdb699,CORPUS_DIRECT,,,KEEP_PENDING_RECONCILIATION,"Reconcile ID, authority and final target against corpus"
Sas-Executar/next-forge,GAP,GAP,sign-in.tsx,blob,SOURCE_PATH_OBSERVED_AUTHORITY_NOT_ASSESSED,packages/auth/components/sign-in.tsx,packages/auth/components/sign-in.tsx,,,main,f189de79ceef7c1ef69f61f12e272f99b4cdb699,CORPUS_DIRECT,,,KEEP_PENDING_RECONCILIATION,"Reconcile ID, authority and final target against corpus"
Sas-Executar/next-forge,GAP,GAP,sign-up.tsx,blob,SOURCE_PATH_OBSERVED_AUTHORITY_NOT_ASSESSED,packages/auth/components/sign-up.tsx,packages/auth/components/sign-up.tsx,,,main,f189de79ceef7c1ef69f61f12e272f99b4cdb699,CORPUS_DIRECT,,,KEEP_PENDING_RECONCILIATION,"Reconcile ID, authority and final target against corpus"
Sas-Executar/next-forge,GAP,GAP,keys.ts,blob,SOURCE_PATH_OBSERVED_AUTHORITY_NOT_ASSESSED,packages/auth/keys.ts,packages/auth/keys.ts,,,main,f189de79ceef7c1ef69f61f12e272f99b4cdb699,CORPUS_DIRECT,,,KEEP_PENDING_RECONCILIATION,"Reconcile ID, authority and final target against corpus"
Sas-Executar/next-forge,GAP,GAP,package.json,blob,SOURCE_PATH_OBSERVED_AUTHORITY_NOT_ASSESSED,packages/auth/package.json,packages/auth/package.json,,,main,f189de79ceef7c1ef69f61f12e272f99b4cdb699,CORPUS_DIRECT,,,KEEP_PENDING_RECONCILIATION,"Reconcile ID, authority and final target against corpus"
Sas-Executar/next-forge,GAP,GAP,provider.tsx,blob,SOURCE_PATH_OBSERVED_AUTHORITY_NOT_ASSESSED,packages/auth/provider.tsx,packages/auth/provider.tsx,,,main,f189de79ceef7c1ef69f61f12e272f99b4cdb699,CORPUS_DIRECT,,,KEEP_PENDING_RECONCILIATION,"Reconcile ID, authority and final target against corpus"
Sas-Executar/next-forge,GAP,GAP,proxy.ts,blob,SOURCE_PATH_OBSERVED_AUTHORITY_NOT_ASSESSED,packages/auth/proxy.ts,packages/auth/proxy.ts,,,main,f189de79ceef7c1ef69f61f12e272f99b4cdb699,CORPUS_DIRECT,,,KEEP_PENDING_RECONCILIATION,"Reconcile ID, authority and final target against corpus"
Sas-Executar/next-forge,GAP,GAP,server.ts,blob,SOURCE_PATH_OBSERVED_AUTHORITY_NOT_ASSESSED,packages/auth/server.ts,packages/auth/server.ts,,,main,f189de79ceef7c1ef69f61f12e272f99b4cdb699,CORPUS_DIRECT,,,KEEP_PENDING_RECONCILIATION,"Reconcile ID, authority and final target against corpus"
Sas-Executar/next-forge,GAP,GAP,tsconfig.json,blob,SOURCE_PATH_OBSERVED_AUTHORITY_NOT_ASSESSED,packages/auth/tsconfig.json,packages/auth/tsconfig.json,,,main,f189de79ceef7c1ef69f61f12e272f99b4cdb699,CORPUS_DIRECT,,,KEEP_PENDING_RECONCILIATION,"Reconcile ID, authority and final target against corpus"
Sas-Executar/next-forge,GAP,GAP,.env.example,blob,SOURCE_PATH_OBSERVED_AUTHORITY_NOT_ASSESSED,packages/cms/.env.example,packages/cms/.env.example,,,main,f189de79ceef7c1ef69f61f12e272f99b4cdb699,CORPUS_DIRECT,,,KEEP_PENDING_RECONCILIATION,"Reconcile ID, authority and final target against corpus"
Sas-Executar/next-forge,GAP,GAP,basehub-types.d.ts,blob,SOURCE_PATH_OBSERVED_AUTHORITY_NOT_ASSESSED,packages/cms/basehub-types.d.ts,packages/cms/basehub-types.d.ts,,,main,f189de79ceef7c1ef69f61f12e272f99b4cdb699,CORPUS_DIRECT,,,KEEP_PENDING_RECONCILIATION,"Reconcile ID, authority and final target against corpus"
Sas-Executar/next-forge,GAP,GAP,basehub.config.ts,blob,SOURCE_PATH_OBSERVED_AUTHORITY_NOT_ASSESSED,packages/cms/basehub.config.ts,packages/cms/basehub.config.ts,,,main,f189de79ceef7c1ef69f61f12e272f99b4cdb699,CORPUS_DIRECT,,,KEEP_PENDING_RECONCILIATION,"Reconcile ID, authority and final target against corpus"
Sas-Executar/next-forge,GAP,GAP,body.tsx,blob,SOURCE_PATH_OBSERVED_AUTHORITY_NOT_ASSESSED,packages/cms/components/body.tsx,packages/cms/components/body.tsx,,,main,f189de79ceef7c1ef69f61f12e272f99b4cdb699,CORPUS_DIRECT,,,KEEP_PENDING_RECONCILIATION,"Reconcile ID, authority and final target against corpus"
Sas-Executar/next-forge,GAP,GAP,code-block.tsx,blob,SOURCE_PATH_OBSERVED_AUTHORITY_NOT_ASSESSED,packages/cms/components/code-block.tsx,packages/cms/components/code-block.tsx,,,main,f189de79ceef7c1ef69f61f12e272f99b4cdb699,CORPUS_DIRECT,,,KEEP_PENDING_RECONCILIATION,"Reconcile ID, authority and final target against corpus"
Sas-Executar/next-forge,GAP,GAP,feed.tsx,blob,SOURCE_PATH_OBSERVED_AUTHORITY_NOT_ASSESSED,packages/cms/components/feed.tsx,packages/cms/components/feed.tsx,,,main,f189de79ceef7c1ef69f61f12e272f99b4cdb699,CORPUS_DIRECT,,,KEEP_PENDING_RECONCILIATION,"Reconcile ID, authority and final target against corpus"
Sas-Executar/next-forge,GAP,GAP,image.tsx,blob,SOURCE_PATH_OBSERVED_AUTHORITY_NOT_ASSESSED,packages/cms/components/image.tsx,packages/cms/components/image.tsx,,,main,f189de79ceef7c1ef69f61f12e272f99b4cdb699,CORPUS_DIRECT,,,KEEP_PENDING_RECONCILIATION,"Reconcile ID, authority and final target against corpus"
Sas-Executar/next-forge,GAP,GAP,toc.tsx,blob,SOURCE_PATH_OBSERVED_AUTHORITY_NOT_ASSESSED,packages/cms/components/toc.tsx,packages/cms/components/toc.tsx,,,main,f189de79ceef7c1ef69f61f12e272f99b4cdb699,CORPUS_DIRECT,,,KEEP_PENDING_RECONCILIATION,"Reconcile ID, authority and final target against corpus"
Sas-Executar/next-forge,GAP,GAP,toolbar.tsx,blob,SOURCE_PATH_OBSERVED_AUTHORITY_NOT_ASSESSED,packages/cms/components/toolbar.tsx,packages/cms/components/toolbar.tsx,,,main,f189de79ceef7c1ef69f61f12e272f99b4cdb699,CORPUS_DIRECT,,,KEEP_PENDING_RECONCILIATION,"Reconcile ID, authority and final target against corpus"
Sas-Executar/next-forge,GAP,GAP,index.ts,blob,SOURCE_PATH_OBSERVED_AUTHORITY_NOT_ASSESSED,packages/cms/index.ts,packages/cms/index.ts,,,main,f189de79ceef7c1ef69f61f12e272f99b4cdb699,CORPUS_DIRECT,,,KEEP_PENDING_RECONCILIATION,"Reconcile ID, authority and final target against corpus"
Sas-Executar/next-forge,GAP,GAP,keys.ts,blob,SOURCE_PATH_OBSERVED_AUTHORITY_NOT_ASSESSED,packages/cms/keys.ts,packages/cms/keys.ts,,,main,f189de79ceef7c1ef69f61f12e272f99b4cdb699,CORPUS_DIRECT,,,KEEP_PENDING_RECONCILIATION,"Reconcile ID, authority and final target against corpus"
Sas-Executar/next-forge,GAP,GAP,next-config.ts,blob,SOURCE_PATH_OBSERVED_AUTHORITY_NOT_ASSESSED,packages/cms/next-config.ts,packages/cms/next-config.ts,,,main,f189de79ceef7c1ef69f61f12e272f99b4cdb699,CORPUS_DIRECT,,,KEEP_PENDING_RECONCILIATION,"Reconcile ID, authority and final target against corpus"
Sas-Executar/next-forge,GAP,GAP,package.json,blob,SOURCE_PATH_OBSERVED_AUTHORITY_NOT_ASSESSED,packages/cms/package.json,packages/cms/package.json,,,main,f189de79ceef7c1ef69f61f12e272f99b4cdb699,CORPUS_DIRECT,,,KEEP_PENDING_RECONCILIATION,"Reconcile ID, authority and final target against corpus"
Sas-Executar/next-forge,GAP,GAP,tsconfig.json,blob,SOURCE_PATH_OBSERVED_AUTHORITY_NOT_ASSESSED,packages/cms/tsconfig.json,packages/cms/tsconfig.json,,,main,f189de79ceef7c1ef69f61f12e272f99b4cdb699,CORPUS_DIRECT,,,KEEP_PENDING_RECONCILIATION,"Reconcile ID, authority and final target against corpus"
Sas-Executar/next-forge,GAP,GAP,typescript-config.json,blob,SOURCE_PATH_OBSERVED_AUTHORITY_NOT_ASSESSED,packages/cms/typescript-config.json,packages/cms/typescript-config.json,,,main,f189de79ceef7c1ef69f61f12e272f99b4cdb699,CORPUS_DIRECT,,,KEEP_PENDING_RECONCILIATION,"Reconcile ID, authority and final target against corpus"
Sas-Executar/next-forge,GAP,GAP,auth.ts,blob,SOURCE_PATH_OBSERVED_AUTHORITY_NOT_ASSESSED,packages/collaboration/auth.ts,packages/collaboration/auth.ts,,,main,f189de79ceef7c1ef69f61f12e272f99b4cdb699,CORPUS_DIRECT,,,KEEP_PENDING_RECONCILIATION,"Reconcile ID, authority and final target against corpus"
Sas-Executar/next-forge,GAP,GAP,config.ts,blob,SOURCE_PATH_OBSERVED_AUTHORITY_NOT_ASSESSED,packages/collaboration/config.ts,packages/collaboration/config.ts,,,main,f189de79ceef7c1ef69f61f12e272f99b4cdb699,CORPUS_DIRECT,,,KEEP_PENDING_RECONCILIATION,"Reconcile ID, authority and final target against corpus"
Sas-Executar/next-forge,GAP,GAP,hooks.ts,blob,SOURCE_PATH_OBSERVED_AUTHORITY_NOT_ASSESSED,packages/collaboration/hooks.ts,packages/collaboration/hooks.ts,,,main,f189de79ceef7c1ef69f61f12e272f99b4cdb699,CORPUS_DIRECT,,,KEEP_PENDING_RECONCILIATION,"Reconcile ID, authority and final target against corpus"
Sas-Executar/next-forge,GAP,GAP,keys.ts,blob,SOURCE_PATH_OBSERVED_AUTHORITY_NOT_ASSESSED,packages/collaboration/keys.ts,packages/collaboration/keys.ts,,,main,f189de79ceef7c1ef69f61f12e272f99b4cdb699,CORPUS_DIRECT,,,KEEP_PENDING_RECONCILIATION,"Reconcile ID, authority and final target against corpus"
Sas-Executar/next-forge,GAP,GAP,package.json,blob,SOURCE_PATH_OBSERVED_AUTHORITY_NOT_ASSESSED,packages/collaboration/package.json,packages/collaboration/package.json,,,main,f189de79ceef7c1ef69f61f12e272f99b4cdb699,CORPUS_DIRECT,,,KEEP_PENDING_RECONCILIATION,"Reconcile ID, authority and final target against corpus"
Sas-Executar/next-forge,GAP,GAP,room.tsx,blob,SOURCE_PATH_OBSERVED_AUTHORITY_NOT_ASSESSED,packages/collaboration/room.tsx,packages/collaboration/room.tsx,,,main,f189de79ceef7c1ef69f61f12e272f99b4cdb699,CORPUS_DIRECT,,,KEEP_PENDING_RECONCILIATION,"Reconcile ID, authority and final target against corpus"
Sas-Executar/next-forge,GAP,GAP,tsconfig.json,blob,SOURCE_PATH_OBSERVED_AUTHORITY_NOT_ASSESSED,packages/collaboration/tsconfig.json,packages/collaboration/tsconfig.json,,,main,f189de79ceef7c1ef69f61f12e272f99b4cdb699,CORPUS_DIRECT,,,KEEP_PENDING_RECONCILIATION,"Reconcile ID, authority and final target against corpus"
Sas-Executar/next-forge,GAP,GAP,.env.example,blob,SOURCE_PATH_OBSERVED_AUTHORITY_NOT_ASSESSED,packages/database/.env.example,packages/database/.env.example,,,main,f189de79ceef7c1ef69f61f12e272f99b4cdb699,CORPUS_DIRECT,,,KEEP_PENDING_RECONCILIATION,"Reconcile ID, authority and final target against corpus"
Sas-Executar/next-forge,GAP,GAP,index.ts,blob,SOURCE_PATH_OBSERVED_AUTHORITY_NOT_ASSESSED,packages/database/index.ts,packages/database/index.ts,,,main,f189de79ceef7c1ef69f61f12e272f99b4cdb699,CORPUS_DIRECT,,,KEEP_PENDING_RECONCILIATION,"Reconcile ID, authority and final target against corpus"
Sas-Executar/next-forge,GAP,GAP,keys.ts,blob,SOURCE_PATH_OBSERVED_AUTHORITY_NOT_ASSESSED,packages/database/keys.ts,packages/database/keys.ts,,,main,f189de79ceef7c1ef69f61f12e272f99b4cdb699,CORPUS_DIRECT,,,KEEP_PENDING_RECONCILIATION,"Reconcile ID, authority and final target against corpus"
Sas-Executar/next-forge,GAP,GAP,package.json,blob,SOURCE_PATH_OBSERVED_AUTHORITY_NOT_ASSESSED,packages/database/package.json,packages/database/package.json,,,main,f189de79ceef7c1ef69f61f12e272f99b4cdb699,CORPUS_DIRECT,,,KEEP_PENDING_RECONCILIATION,"Reconcile ID, authority and final target against corpus"
Sas-Executar/next-forge,GAP,GAP,prisma.config.ts,blob,SOURCE_PATH_OBSERVED_AUTHORITY_NOT_ASSESSED,packages/database/prisma.config.ts,packages/database/prisma.config.ts,,,main,f189de79ceef7c1ef69f61f12e272f99b4cdb699,CORPUS_DIRECT,,,KEEP_PENDING_RECONCILIATION,"Reconcile ID, authority and final target against corpus"
Sas-Executar/next-forge,GAP,GAP,schema.prisma,blob,SOURCE_PATH_OBSERVED_AUTHORITY_NOT_ASSESSED,packages/database/prisma/schema.prisma,packages/database/prisma/schema.prisma,,,main,f189de79ceef7c1ef69f61f12e272f99b4cdb699,CORPUS_DIRECT,,,KEEP_PENDING_RECONCILIATION,"Reconcile ID, authority and final target against corpus"
Sas-Executar/next-forge,GAP,GAP,tsconfig.json,blob,SOURCE_PATH_OBSERVED_AUTHORITY_NOT_ASSESSED,packages/database/tsconfig.json,packages/database/tsconfig.json,,,main,f189de79ceef7c1ef69f61f12e272f99b4cdb699,CORPUS_DIRECT,,,KEEP_PENDING_RECONCILIATION,"Reconcile ID, authority and final target against corpus"
Sas-Executar/next-forge,GAP,GAP,components.json,blob,SOURCE_PATH_OBSERVED_AUTHORITY_NOT_ASSESSED,packages/design-system/components.json,packages/design-system/components.json,,,main,f189de79ceef7c1ef69f61f12e272f99b4cdb699,CORPUS_DIRECT,,,KEEP_PENDING_RECONCILIATION,"Reconcile ID, authority and final target against corpus"
Sas-Executar/next-forge,GAP,GAP,mode-toggle.tsx,blob,SOURCE_PATH_OBSERVED_AUTHORITY_NOT_ASSESSED,packages/design-system/components/mode-toggle.tsx,packages/design-system/components/mode-toggle.tsx,,,main,f189de79ceef7c1ef69f61f12e272f99b4cdb699,CORPUS_DIRECT,,,KEEP_PENDING_RECONCILIATION,"Reconcile ID, authority and final target against corpus"
Sas-Executar/next-forge,GAP,GAP,accordion.tsx,blob,SOURCE_PATH_OBSERVED_AUTHORITY_NOT_ASSESSED,packages/design-system/components/ui/accordion.tsx,packages/design-system/components/ui/accordion.tsx,,,main,f189de79ceef7c1ef69f61f12e272f99b4cdb699,CORPUS_DIRECT,,,KEEP_PENDING_RECONCILIATION,"Reconcile ID, authority and final target against corpus"
Sas-Executar/next-forge,GAP,GAP,alert-dialog.tsx,blob,SOURCE_PATH_OBSERVED_AUTHORITY_NOT_ASSESSED,packages/design-system/components/ui/alert-dialog.tsx,packages/design-system/components/ui/alert-dialog.tsx,,,main,f189de79ceef7c1ef69f61f12e272f99b4cdb699,CORPUS_DIRECT,,,KEEP_PENDING_RECONCILIATION,"Reconcile ID, authority and final target against corpus"
Sas-Executar/next-forge,GAP,GAP,alert.tsx,blob,SOURCE_PATH_OBSERVED_AUTHORITY_NOT_ASSESSED,packages/design-system/components/ui/alert.tsx,packages/design-system/components/ui/alert.tsx,,,main,f189de79ceef7c1ef69f61f12e272f99b4cdb699,CORPUS_DIRECT,,,KEEP_PENDING_RECONCILIATION,"Reconcile ID, authority and final target against corpus"
Sas-Executar/next-forge,GAP,GAP,aspect-ratio.tsx,blob,SOURCE_PATH_OBSERVED_AUTHORITY_NOT_ASSESSED,packages/design-system/components/ui/aspect-ratio.tsx,packages/design-system/components/ui/aspect-ratio.tsx,,,main,f189de79ceef7c1ef69f61f12e272f99b4cdb699,CORPUS_DIRECT,,,KEEP_PENDING_RECONCILIATION,"Reconcile ID, authority and final target against corpus"
Sas-Executar/next-forge,GAP,GAP,avatar.tsx,blob,SOURCE_PATH_OBSERVED_AUTHORITY_NOT_ASSESSED,packages/design-system/components/ui/avatar.tsx,packages/design-system/components/ui/avatar.tsx,,,main,f189de79ceef7c1ef69f61f12e272f99b4cdb699,CORPUS_DIRECT,,,KEEP_PENDING_RECONCILIATION,"Reconcile ID, authority and final target against corpus"
Sas-Executar/next-forge,GAP,GAP,badge.tsx,blob,SOURCE_PATH_OBSERVED_AUTHORITY_NOT_ASSESSED,packages/design-system/components/ui/badge.tsx,packages/design-system/components/ui/badge.tsx,,,main,f189de79ceef7c1ef69f61f12e272f99b4cdb699,CORPUS_DIRECT,,,KEEP_PENDING_RECONCILIATION,"Reconcile ID, authority and final target against corpus"
Sas-Executar/next-forge,GAP,GAP,breadcrumb.tsx,blob,SOURCE_PATH_OBSERVED_AUTHORITY_NOT_ASSESSED,packages/design-system/components/ui/breadcrumb.tsx,packages/design-system/components/ui/breadcrumb.tsx,,,main,f189de79ceef7c1ef69f61f12e272f99b4cdb699,CORPUS_DIRECT,,,KEEP_PENDING_RECONCILIATION,"Reconcile ID, authority and final target against corpus"
Sas-Executar/next-forge,GAP,GAP,button-group.tsx,blob,SOURCE_PATH_OBSERVED_AUTHORITY_NOT_ASSESSED,packages/design-system/components/ui/button-group.tsx,packages/design-system/components/ui/button-group.tsx,,,main,f189de79ceef7c1ef69f61f12e272f99b4cdb699,CORPUS_DIRECT,,,KEEP_PENDING_RECONCILIATION,"Reconcile ID, authority and final target against corpus"
Sas-Executar/next-forge,GAP,GAP,button.tsx,blob,SOURCE_PATH_OBSERVED_AUTHORITY_NOT_ASSESSED,packages/design-system/components/ui/button.tsx,packages/design-system/components/ui/button.tsx,,,main,f189de79ceef7c1ef69f61f12e272f99b4cdb699,CORPUS_DIRECT,,,KEEP_PENDING_RECONCILIATION,"Reconcile ID, authority and final target against corpus"
Sas-Executar/next-forge,GAP,GAP,calendar.tsx,blob,SOURCE_PATH_OBSERVED_AUTHORITY_NOT_ASSESSED,packages/design-system/components/ui/calendar.tsx,packages/design-system/components/ui/calendar.tsx,,,main,f189de79ceef7c1ef69f61f12e272f99b4cdb699,CORPUS_DIRECT,,,KEEP_PENDING_RECONCILIATION,"Reconcile ID, authority and final target against corpus"
Sas-Executar/next-forge,GAP,GAP,card.tsx,blob,SOURCE_PATH_OBSERVED_AUTHORITY_NOT_ASSESSED,packages/design-system/components/ui/card.tsx,packages/design-system/components/ui/card.tsx,,,main,f189de79ceef7c1ef69f61f12e272f99b4cdb699,CORPUS_DIRECT,,,KEEP_PENDING_RECONCILIATION,"Reconcile ID, authority and final target against corpus"
Sas-Executar/next-forge,GAP,GAP,carousel.tsx,blob,SOURCE_PATH_OBSERVED_AUTHORITY_NOT_ASSESSED,packages/design-system/components/ui/carousel.tsx,packages/design-system/components/ui/carousel.tsx,,,main,f189de79ceef7c1ef69f61f12e272f99b4cdb699,CORPUS_DIRECT,,,KEEP_PENDING_RECONCILIATION,"Reconcile ID, authority and final target against corpus"
Sas-Executar/next-forge,GAP,GAP,chart.tsx,blob,SOURCE_PATH_OBSERVED_AUTHORITY_NOT_ASSESSED,packages/design-system/components/ui/chart.tsx,packages/design-system/components/ui/chart.tsx,,,main,f189de79ceef7c1ef69f61f12e272f99b4cdb699,CORPUS_DIRECT,,,KEEP_PENDING_RECONCILIATION,"Reconcile ID, authority and final target against corpus"
Sas-Executar/next-forge,GAP,GAP,checkbox.tsx,blob,SOURCE_PATH_OBSERVED_AUTHORITY_NOT_ASSESSED,packages/design-system/components/ui/checkbox.tsx,packages/design-system/components/ui/checkbox.tsx,,,main,f189de79ceef7c1ef69f61f12e272f99b4cdb699,CORPUS_DIRECT,,,KEEP_PENDING_RECONCILIATION,"Reconcile ID, authority and final target against corpus"
Sas-Executar/next-forge,GAP,GAP,collapsible.tsx,blob,SOURCE_PATH_OBSERVED_AUTHORITY_NOT_ASSESSED,packages/design-system/components/ui/collapsible.tsx,packages/design-system/components/ui/collapsible.tsx,,,main,f189de79ceef7c1ef69f61f12e272f99b4cdb699,CORPUS_DIRECT,,,KEEP_PENDING_RECONCILIATION,"Reconcile ID, authority and final target against corpus"
Sas-Executar/next-forge,GAP,GAP,command.tsx,blob,SOURCE_PATH_OBSERVED_AUTHORITY_NOT_ASSESSED,packages/design-system/components/ui/command.tsx,packages/design-system/components/ui/command.tsx,,,main,f189de79ceef7c1ef69f61f12e272f99b4cdb699,CORPUS_DIRECT,,,KEEP_PENDING_RECONCILIATION,"Reconcile ID, authority and final target against corpus"
Sas-Executar/next-forge,GAP,GAP,context-menu.tsx,blob,SOURCE_PATH_OBSERVED_AUTHORITY_NOT_ASSESSED,packages/design-system/components/ui/context-menu.tsx,packages/design-system/components/ui/context-menu.tsx,,,main,f189de79ceef7c1ef69f61f12e272f99b4cdb699,CORPUS_DIRECT,,,KEEP_PENDING_RECONCILIATION,"Reconcile ID, authority and final target against corpus"
Sas-Executar/next-forge,GAP,GAP,dialog.tsx,blob,SOURCE_PATH_OBSERVED_AUTHORITY_NOT_ASSESSED,packages/design-system/components/ui/dialog.tsx,packages/design-system/components/ui/dialog.tsx,,,main,f189de79ceef7c1ef69f61f12e272f99b4cdb699,CORPUS_DIRECT,,,KEEP_PENDING_RECONCILIATION,"Reconcile ID, authority and final target against corpus"
Sas-Executar/next-forge,GAP,GAP,drawer.tsx,blob,SOURCE_PATH_OBSERVED_AUTHORITY_NOT_ASSESSED,packages/design-system/components/ui/drawer.tsx,packages/design-system/components/ui/drawer.tsx,,,main,f189de79ceef7c1ef69f61f12e272f99b4cdb699,CORPUS_DIRECT,,,KEEP_PENDING_RECONCILIATION,"Reconcile ID, authority and final target against corpus"
Sas-Executar/next-forge,GAP,GAP,dropdown-menu.tsx,blob,SOURCE_PATH_OBSERVED_AUTHORITY_NOT_ASSESSED,packages/design-system/components/ui/dropdown-menu.tsx,packages/design-system/components/ui/dropdown-menu.tsx,,,main,f189de79ceef7c1ef69f61f12e272f99b4cdb699,CORPUS_DIRECT,,,KEEP_PENDING_RECONCILIATION,"Reconcile ID, authority and final target against corpus"
Sas-Executar/next-forge,GAP,GAP,empty.tsx,blob,SOURCE_PATH_OBSERVED_AUTHORITY_NOT_ASSESSED,packages/design-system/components/ui/empty.tsx,packages/design-system/components/ui/empty.tsx,,,main,f189de79ceef7c1ef69f61f12e272f99b4cdb699,CORPUS_DIRECT,,,KEEP_PENDING_RECONCILIATION,"Reconcile ID, authority and final target against corpus"
Sas-Executar/next-forge,GAP,GAP,field.tsx,blob,SOURCE_PATH_OBSERVED_AUTHORITY_NOT_ASSESSED,packages/design-system/components/ui/field.tsx,packages/design-system/components/ui/field.tsx,,,main,f189de79ceef7c1ef69f61f12e272f99b4cdb699,CORPUS_DIRECT,,,KEEP_PENDING_RECONCILIATION,"Reconcile ID, authority and final target against corpus"
Sas-Executar/next-forge,GAP,GAP,form.tsx,blob,SOURCE_PATH_OBSERVED_AUTHORITY_NOT_ASSESSED,packages/design-system/components/ui/form.tsx,packages/design-system/components/ui/form.tsx,,,main,f189de79ceef7c1ef69f61f12e272f99b4cdb699,CORPUS_DIRECT,,,KEEP_PENDING_RECONCILIATION,"Reconcile ID, authority and final target against corpus"
Sas-Executar/next-forge,GAP,GAP,hover-card.tsx,blob,SOURCE_PATH_OBSERVED_AUTHORITY_NOT_ASSESSED,packages/design-system/components/ui/hover-card.tsx,packages/design-system/components/ui/hover-card.tsx,,,main,f189de79ceef7c1ef69f61f12e272f99b4cdb699,CORPUS_DIRECT,,,KEEP_PENDING_RECONCILIATION,"Reconcile ID, authority and final target against corpus"
Sas-Executar/next-forge,GAP,GAP,input-group.tsx,blob,SOURCE_PATH_OBSERVED_AUTHORITY_NOT_ASSESSED,packages/design-system/components/ui/input-group.tsx,packages/design-system/components/ui/input-group.tsx,,,main,f189de79ceef7c1ef69f61f12e272f99b4cdb699,CORPUS_DIRECT,,,KEEP_PENDING_RECONCILIATION,"Reconcile ID, authority and final target against corpus"
Sas-Executar/next-forge,GAP,GAP,input-otp.tsx,blob,SOURCE_PATH_OBSERVED_AUTHORITY_NOT_ASSESSED,packages/design-system/components/ui/input-otp.tsx,packages/design-system/components/ui/input-otp.tsx,,,main,f189de79ceef7c1ef69f61f12e272f99b4cdb699,CORPUS_DIRECT,,,KEEP_PENDING_RECONCILIATION,"Reconcile ID, authority and final target against corpus"
Sas-Executar/next-forge,GAP,GAP,input.tsx,blob,SOURCE_PATH_OBSERVED_AUTHORITY_NOT_ASSESSED,packages/design-system/components/ui/input.tsx,packages/design-system/components/ui/input.tsx,,,main,f189de79ceef7c1ef69f61f12e272f99b4cdb699,CORPUS_DIRECT,,,KEEP_PENDING_RECONCILIATION,"Reconcile ID, authority and final target against corpus"
Sas-Executar/next-forge,GAP,GAP,item.tsx,blob,SOURCE_PATH_OBSERVED_AUTHORITY_NOT_ASSESSED,packages/design-system/components/ui/item.tsx,packages/design-system/components/ui/item.tsx,,,main,f189de79ceef7c1ef69f61f12e272f99b4cdb699,CORPUS_DIRECT,,,KEEP_PENDING_RECONCILIATION,"Reconcile ID, authority and final target against corpus"
Sas-Executar/next-forge,GAP,GAP,kbd.tsx,blob,SOURCE_PATH_OBSERVED_AUTHORITY_NOT_ASSESSED,packages/design-system/components/ui/kbd.tsx,packages/design-system/components/ui/kbd.tsx,,,main,f189de79ceef7c1ef69f61f12e272f99b4cdb699,CORPUS_DIRECT,,,KEEP_PENDING_RECONCILIATION,"Reconcile ID, authority and final target against corpus"
Sas-Executar/next-forge,GAP,GAP,label.tsx,blob,SOURCE_PATH_OBSERVED_AUTHORITY_NOT_ASSESSED,packages/design-system/components/ui/label.tsx,packages/design-system/components/ui/label.tsx,,,main,f189de79ceef7c1ef69f61f12e272f99b4cdb699,CORPUS_DIRECT,,,KEEP_PENDING_RECONCILIATION,"Reconcile ID, authority and final target against corpus"
Sas-Executar/next-forge,GAP,GAP,menubar.tsx,blob,SOURCE_PATH_OBSERVED_AUTHORITY_NOT_ASSESSED,packages/design-system/components/ui/menubar.tsx,packages/design-system/components/ui/menubar.tsx,,,main,f189de79ceef7c1ef69f61f12e272f99b4cdb699,CORPUS_DIRECT,,,KEEP_PENDING_RECONCILIATION,"Reconcile ID, authority and final target against corpus"
Sas-Executar/next-forge,GAP,GAP,navigation-menu.tsx,blob,SOURCE_PATH_OBSERVED_AUTHORITY_NOT_ASSESSED,packages/design-system/components/ui/navigation-menu.tsx,packages/design-system/components/ui/navigation-menu.tsx,,,main,f189de79ceef7c1ef69f61f12e272f99b4cdb699,CORPUS_DIRECT,,,KEEP_PENDING_RECONCILIATION,"Reconcile ID, authority and final target against corpus"
Sas-Executar/next-forge,GAP,GAP,pagination.tsx,blob,SOURCE_PATH_OBSERVED_AUTHORITY_NOT_ASSESSED,packages/design-system/components/ui/pagination.tsx,packages/design-system/components/ui/pagination.tsx,,,main,f189de79ceef7c1ef69f61f12e272f99b4cdb699,CORPUS_DIRECT,,,KEEP_PENDING_RECONCILIATION,"Reconcile ID, authority and final target against corpus"
Sas-Executar/next-forge,GAP,GAP,popover.tsx,blob,SOURCE_PATH_OBSERVED_AUTHORITY_NOT_ASSESSED,packages/design-system/components/ui/popover.tsx,packages/design-system/components/ui/popover.tsx,,,main,f189de79ceef7c1ef69f61f12e272f99b4cdb699,CORPUS_DIRECT,,,KEEP_PENDING_RECONCILIATION,"Reconcile ID, authority and final target against corpus"
Sas-Executar/next-forge,GAP,GAP,progress.tsx,blob,SOURCE_PATH_OBSERVED_AUTHORITY_NOT_ASSESSED,packages/design-system/components/ui/progress.tsx,packages/design-system/components/ui/progress.tsx,,,main,f189de79ceef7c1ef69f61f12e272f99b4cdb699,CORPUS_DIRECT,,,KEEP_PENDING_RECONCILIATION,"Reconcile ID, authority and final target against corpus"
Sas-Executar/next-forge,GAP,GAP,radio-group.tsx,blob,SOURCE_PATH_OBSERVED_AUTHORITY_NOT_ASSESSED,packages/design-system/components/ui/radio-group.tsx,packages/design-system/components/ui/radio-group.tsx,,,main,f189de79ceef7c1ef69f61f12e272f99b4cdb699,CORPUS_DIRECT,,,KEEP_PENDING_RECONCILIATION,"Reconcile ID, authority and final target against corpus"
Sas-Executar/next-forge,GAP,GAP,resizable.tsx,blob,SOURCE_PATH_OBSERVED_AUTHORITY_NOT_ASSESSED,packages/design-system/components/ui/resizable.tsx,packages/design-system/components/ui/resizable.tsx,,,main,f189de79ceef7c1ef69f61f12e272f99b4cdb699,CORPUS_DIRECT,,,KEEP_PENDING_RECONCILIATION,"Reconcile ID, authority and final target against corpus"
Sas-Executar/next-forge,GAP,GAP,scroll-area.tsx,blob,SOURCE_PATH_OBSERVED_AUTHORITY_NOT_ASSESSED,packages/design-system/components/ui/scroll-area.tsx,packages/design-system/components/ui/scroll-area.tsx,,,main,f189de79ceef7c1ef69f61f12e272f99b4cdb699,CORPUS_DIRECT,,,KEEP_PENDING_RECONCILIATION,"Reconcile ID, authority and final target against corpus"
Sas-Executar/next-forge,GAP,GAP,select.tsx,blob,SOURCE_PATH_OBSERVED_AUTHORITY_NOT_ASSESSED,packages/design-system/components/ui/select.tsx,packages/design-system/components/ui/select.tsx,,,main,f189de79ceef7c1ef69f61f12e272f99b4cdb699,CORPUS_DIRECT,,,KEEP_PENDING_RECONCILIATION,"Reconcile ID, authority and final target against corpus"
Sas-Executar/next-forge,GAP,GAP,separator.tsx,blob,SOURCE_PATH_OBSERVED_AUTHORITY_NOT_ASSESSED,packages/design-system/components/ui/separator.tsx,packages/design-system/components/ui/separator.tsx,,,main,f189de79ceef7c1ef69f61f12e272f99b4cdb699,CORPUS_DIRECT,,,KEEP_PENDING_RECONCILIATION,"Reconcile ID, authority and final target against corpus"
Sas-Executar/next-forge,GAP,GAP,sheet.tsx,blob,SOURCE_PATH_OBSERVED_AUTHORITY_NOT_ASSESSED,packages/design-system/components/ui/sheet.tsx,packages/design-system/components/ui/sheet.tsx,,,main,f189de79ceef7c1ef69f61f12e272f99b4cdb699,CORPUS_DIRECT,,,KEEP_PENDING_RECONCILIATION,"Reconcile ID, authority and final target against corpus"
Sas-Executar/next-forge,GAP,GAP,sidebar.tsx,blob,SOURCE_PATH_OBSERVED_AUTHORITY_NOT_ASSESSED,packages/design-system/components/ui/sidebar.tsx,packages/design-system/components/ui/sidebar.tsx,,,main,f189de79ceef7c1ef69f61f12e272f99b4cdb699,CORPUS_DIRECT,,,KEEP_PENDING_RECONCILIATION,"Reconcile ID, authority and final target against corpus"
Sas-Executar/next-forge,GAP,GAP,skeleton.tsx,blob,SOURCE_PATH_OBSERVED_AUTHORITY_NOT_ASSESSED,packages/design-system/components/ui/skeleton.tsx,packages/design-system/components/ui/skeleton.tsx,,,main,f189de79ceef7c1ef69f61f12e272f99b4cdb699,CORPUS_DIRECT,,,KEEP_PENDING_RECONCILIATION,"Reconcile ID, authority and final target against corpus"
Sas-Executar/next-forge,GAP,GAP,slider.tsx,blob,SOURCE_PATH_OBSERVED_AUTHORITY_NOT_ASSESSED,packages/design-system/components/ui/slider.tsx,packages/design-system/components/ui/slider.tsx,,,main,f189de79ceef7c1ef69f61f12e272f99b4cdb699,CORPUS_DIRECT,,,KEEP_PENDING_RECONCILIATION,"Reconcile ID, authority and final target against corpus"
Sas-Executar/next-forge,GAP,GAP,sonner.tsx,blob,SOURCE_PATH_OBSERVED_AUTHORITY_NOT_ASSESSED,packages/design-system/components/ui/sonner.tsx,packages/design-system/components/ui/sonner.tsx,,,main,f189de79ceef7c1ef69f61f12e272f99b4cdb699,CORPUS_DIRECT,,,KEEP_PENDING_RECONCILIATION,"Reconcile ID, authority and final target against corpus"
Sas-Executar/next-forge,GAP,GAP,spinner.tsx,blob,SOURCE_PATH_OBSERVED_AUTHORITY_NOT_ASSESSED,packages/design-system/components/ui/spinner.tsx,packages/design-system/components/ui/spinner.tsx,,,main,f189de79ceef7c1ef69f61f12e272f99b4cdb699,CORPUS_DIRECT,,,KEEP_PENDING_RECONCILIATION,"Reconcile ID, authority and final target against corpus"
Sas-Executar/next-forge,GAP,GAP,switch.tsx,blob,SOURCE_PATH_OBSERVED_AUTHORITY_NOT_ASSESSED,packages/design-system/components/ui/switch.tsx,packages/design-system/components/ui/switch.tsx,,,main,f189de79ceef7c1ef69f61f12e272f99b4cdb699,CORPUS_DIRECT,,,KEEP_PENDING_RECONCILIATION,"Reconcile ID, authority and final target against corpus"
Sas-Executar/next-forge,GAP,GAP,table.tsx,blob,SOURCE_PATH_OBSERVED_AUTHORITY_NOT_ASSESSED,packages/design-system/components/ui/table.tsx,packages/design-system/components/ui/table.tsx,,,main,f189de79ceef7c1ef69f61f12e272f99b4cdb699,CORPUS_DIRECT,,,KEEP_PENDING_RECONCILIATION,"Reconcile ID, authority and final target against corpus"
Sas-Executar/next-forge,GAP,GAP,tabs.tsx,blob,SOURCE_PATH_OBSERVED_AUTHORITY_NOT_ASSESSED,packages/design-system/components/ui/tabs.tsx,packages/design-system/components/ui/tabs.tsx,,,main,f189de79ceef7c1ef69f61f12e272f99b4cdb699,CORPUS_DIRECT,,,KEEP_PENDING_RECONCILIATION,"Reconcile ID, authority and final target against corpus"
Sas-Executar/next-forge,GAP,GAP,textarea.tsx,blob,SOURCE_PATH_OBSERVED_AUTHORITY_NOT_ASSESSED,packages/design-system/components/ui/textarea.tsx,packages/design-system/components/ui/textarea.tsx,,,main,f189de79ceef7c1ef69f61f12e272f99b4cdb699,CORPUS_DIRECT,,,KEEP_PENDING_RECONCILIATION,"Reconcile ID, authority and final target against corpus"
Sas-Executar/next-forge,GAP,GAP,toggle-group.tsx,blob,SOURCE_PATH_OBSERVED_AUTHORITY_NOT_ASSESSED,packages/design-system/components/ui/toggle-group.tsx,packages/design-system/components/ui/toggle-group.tsx,,,main,f189de79ceef7c1ef69f61f12e272f99b4cdb699,CORPUS_DIRECT,,,KEEP_PENDING_RECONCILIATION,"Reconcile ID, authority and final target against corpus"
Sas-Executar/next-forge,GAP,GAP,toggle.tsx,blob,SOURCE_PATH_OBSERVED_AUTHORITY_NOT_ASSESSED,packages/design-system/components/ui/toggle.tsx,packages/design-system/components/ui/toggle.tsx,,,main,f189de79ceef7c1ef69f61f12e272f99b4cdb699,CORPUS_DIRECT,,,KEEP_PENDING_RECONCILIATION,"Reconcile ID, authority and final target against corpus"
Sas-Executar/next-forge,GAP,GAP,tooltip.tsx,blob,SOURCE_PATH_OBSERVED_AUTHORITY_NOT_ASSESSED,packages/design-system/components/ui/tooltip.tsx,packages/design-system/components/ui/tooltip.tsx,,,main,f189de79ceef7c1ef69f61f12e272f99b4cdb699,CORPUS_DIRECT,,,KEEP_PENDING_RECONCILIATION,"Reconcile ID, authority and final target against corpus"
Sas-Executar/next-forge,GAP,GAP,use-mobile.ts,blob,SOURCE_PATH_OBSERVED_AUTHORITY_NOT_ASSESSED,packages/design-system/hooks/use-mobile.ts,packages/design-system/hooks/use-mobile.ts,,,main,f189de79ceef7c1ef69f61f12e272f99b4cdb699,CORPUS_DIRECT,,,KEEP_PENDING_RECONCILIATION,"Reconcile ID, authority and final target against corpus"
Sas-Executar/next-forge,GAP,GAP,index.tsx,blob,SOURCE_PATH_OBSERVED_AUTHORITY_NOT_ASSESSED,packages/design-system/index.tsx,packages/design-system/index.tsx,,,main,f189de79ceef7c1ef69f61f12e272f99b4cdb699,CORPUS_DIRECT,,,KEEP_PENDING_RECONCILIATION,"Reconcile ID, authority and final target against corpus"
Sas-Executar/next-forge,GAP,GAP,fonts.ts,blob,SOURCE_PATH_OBSERVED_AUTHORITY_NOT_ASSESSED,packages/design-system/lib/fonts.ts,packages/design-system/lib/fonts.ts,,,main,f189de79ceef7c1ef69f61f12e272f99b4cdb699,CORPUS_DIRECT,,,KEEP_PENDING_RECONCILIATION,"Reconcile ID, authority and final target against corpus"
Sas-Executar/next-forge,GAP,GAP,utils.ts,blob,SOURCE_PATH_OBSERVED_AUTHORITY_NOT_ASSESSED,packages/design-system/lib/utils.ts,packages/design-system/lib/utils.ts,,,main,f189de79ceef7c1ef69f61f12e272f99b4cdb699,CORPUS_DIRECT,,,KEEP_PENDING_RECONCILIATION,"Reconcile ID, authority and final target against corpus"
Sas-Executar/next-forge,GAP,GAP,package.json,blob,SOURCE_PATH_OBSERVED_AUTHORITY_NOT_ASSESSED,packages/design-system/package.json,packages/design-system/package.json,,,main,f189de79ceef7c1ef69f61f12e272f99b4cdb699,CORPUS_DIRECT,,,KEEP_PENDING_RECONCILIATION,"Reconcile ID, authority and final target against corpus"
Sas-Executar/next-forge,GAP,GAP,postcss.config.mjs,blob,SOURCE_PATH_OBSERVED_AUTHORITY_NOT_ASSESSED,packages/design-system/postcss.config.mjs,packages/design-system/postcss.config.mjs,,,main,f189de79ceef7c1ef69f61f12e272f99b4cdb699,CORPUS_DIRECT,,,KEEP_PENDING_RECONCILIATION,"Reconcile ID, authority and final target against corpus"
Sas-Executar/next-forge,GAP,GAP,theme.tsx,blob,SOURCE_PATH_OBSERVED_AUTHORITY_NOT_ASSESSED,packages/design-system/providers/theme.tsx,packages/design-system/providers/theme.tsx,,,main,f189de79ceef7c1ef69f61f12e272f99b4cdb699,CORPUS_DIRECT,,,KEEP_PENDING_RECONCILIATION,"Reconcile ID, authority and final target against corpus"
Sas-Executar/next-forge,GAP,GAP,globals.css,blob,SOURCE_PATH_OBSERVED_AUTHORITY_NOT_ASSESSED,packages/design-system/styles/globals.css,packages/design-system/styles/globals.css,,,main,f189de79ceef7c1ef69f61f12e272f99b4cdb699,CORPUS_DIRECT,,,KEEP_PENDING_RECONCILIATION,"Reconcile ID, authority and final target against corpus"
Sas-Executar/next-forge,GAP,GAP,tsconfig.json,blob,SOURCE_PATH_OBSERVED_AUTHORITY_NOT_ASSESSED,packages/design-system/tsconfig.json,packages/design-system/tsconfig.json,,,main,f189de79ceef7c1ef69f61f12e272f99b4cdb699,CORPUS_DIRECT,,,KEEP_PENDING_RECONCILIATION,"Reconcile ID, authority and final target against corpus"
Sas-Executar/next-forge,GAP,GAP,index.ts,blob,SOURCE_PATH_OBSERVED_AUTHORITY_NOT_ASSESSED,packages/email/index.ts,packages/email/index.ts,,,main,f189de79ceef7c1ef69f61f12e272f99b4cdb699,CORPUS_DIRECT,,,KEEP_PENDING_RECONCILIATION,"Reconcile ID, authority and final target against corpus"
Sas-Executar/next-forge,GAP,GAP,keys.ts,blob,SOURCE_PATH_OBSERVED_AUTHORITY_NOT_ASSESSED,packages/email/keys.ts,packages/email/keys.ts,,,main,f189de79ceef7c1ef69f61f12e272f99b4cdb699,CORPUS_DIRECT,,,KEEP_PENDING_RECONCILIATION,"Reconcile ID, authority and final target against corpus"
Sas-Executar/next-forge,GAP,GAP,package.json,blob,SOURCE_PATH_OBSERVED_AUTHORITY_NOT_ASSESSED,packages/email/package.json,packages/email/package.json,,,main,f189de79ceef7c1ef69f61f12e272f99b4cdb699,CORPUS_DIRECT,,,KEEP_PENDING_RECONCILIATION,"Reconcile ID, authority and final target against corpus"
Sas-Executar/next-forge,GAP,GAP,contact.tsx,blob,SOURCE_PATH_OBSERVED_AUTHORITY_NOT_ASSESSED,packages/email/templates/contact.tsx,packages/email/templates/contact.tsx,,,main,f189de79ceef7c1ef69f61f12e272f99b4cdb699,CORPUS_DIRECT,,,KEEP_PENDING_RECONCILIATION,"Reconcile ID, authority and final target against corpus"
Sas-Executar/next-forge,GAP,GAP,tsconfig.json,blob,SOURCE_PATH_OBSERVED_AUTHORITY_NOT_ASSESSED,packages/email/tsconfig.json,packages/email/tsconfig.json,,,main,f189de79ceef7c1ef69f61f12e272f99b4cdb699,CORPUS_DIRECT,,,KEEP_PENDING_RECONCILIATION,"Reconcile ID, authority and final target against corpus"
Sas-Executar/next-forge,GAP,GAP,access.ts,blob,SOURCE_PATH_OBSERVED_AUTHORITY_NOT_ASSESSED,packages/feature-flags/access.ts,packages/feature-flags/access.ts,,,main,f189de79ceef7c1ef69f61f12e272f99b4cdb699,CORPUS_DIRECT,,,KEEP_PENDING_RECONCILIATION,"Reconcile ID, authority and final target against corpus"
Sas-Executar/next-forge,GAP,GAP,toolbar.tsx,blob,SOURCE_PATH_OBSERVED_AUTHORITY_NOT_ASSESSED,packages/feature-flags/components/toolbar.tsx,packages/feature-flags/components/toolbar.tsx,,,main,f189de79ceef7c1ef69f61f12e272f99b4cdb699,CORPUS_DIRECT,,,KEEP_PENDING_RECONCILIATION,"Reconcile ID, authority and final target against corpus"
Sas-Executar/next-forge,GAP,GAP,index.ts,blob,SOURCE_PATH_OBSERVED_AUTHORITY_NOT_ASSESSED,packages/feature-flags/index.ts,packages/feature-flags/index.ts,,,main,f189de79ceef7c1ef69f61f12e272f99b4cdb699,CORPUS_DIRECT,,,KEEP_PENDING_RECONCILIATION,"Reconcile ID, authority and final target against corpus"
Sas-Executar/next-forge,GAP,GAP,keys.ts,blob,SOURCE_PATH_OBSERVED_AUTHORITY_NOT_ASSESSED,packages/feature-flags/keys.ts,packages/feature-flags/keys.ts,,,main,f189de79ceef7c1ef69f61f12e272f99b4cdb699,CORPUS_DIRECT,,,KEEP_PENDING_RECONCILIATION,"Reconcile ID, authority and final target against corpus"
Sas-Executar/next-forge,GAP,GAP,create-flag.ts,blob,SOURCE_PATH_OBSERVED_AUTHORITY_NOT_ASSESSED,packages/feature-flags/lib/create-flag.ts,packages/feature-flags/lib/create-flag.ts,,,main,f189de79ceef7c1ef69f61f12e272f99b4cdb699,CORPUS_DIRECT,,,KEEP_PENDING_RECONCILIATION,"Reconcile ID, authority and final target against corpus"
Sas-Executar/next-forge,GAP,GAP,toolbar.ts,blob,SOURCE_PATH_OBSERVED_AUTHORITY_NOT_ASSESSED,packages/feature-flags/lib/toolbar.ts,packages/feature-flags/lib/toolbar.ts,,,main,f189de79ceef7c1ef69f61f12e272f99b4cdb699,CORPUS_DIRECT,,,KEEP_PENDING_RECONCILIATION,"Reconcile ID, authority and final target against corpus"
Sas-Executar/next-forge,GAP,GAP,package.json,blob,SOURCE_PATH_OBSERVED_AUTHORITY_NOT_ASSESSED,packages/feature-flags/package.json,packages/feature-flags/package.json,,,main,f189de79ceef7c1ef69f61f12e272f99b4cdb699,CORPUS_DIRECT,,,KEEP_PENDING_RECONCILIATION,"Reconcile ID, authority and final target against corpus"
Sas-Executar/next-forge,GAP,GAP,tsconfig.json,blob,SOURCE_PATH_OBSERVED_AUTHORITY_NOT_ASSESSED,packages/feature-flags/tsconfig.json,packages/feature-flags/tsconfig.json,,,main,f189de79ceef7c1ef69f61f12e272f99b4cdb699,CORPUS_DIRECT,,,KEEP_PENDING_RECONCILIATION,"Reconcile ID, authority and final target against corpus"
Sas-Executar/next-forge,GAP,GAP,.env.example,blob,SOURCE_PATH_OBSERVED_AUTHORITY_NOT_ASSESSED,packages/internationalization/.env.example,packages/internationalization/.env.example,,,main,f189de79ceef7c1ef69f61f12e272f99b4cdb699,CORPUS_DIRECT,,,KEEP_PENDING_RECONCILIATION,"Reconcile ID, authority and final target against corpus"
Sas-Executar/next-forge,GAP,GAP,de.json,blob,SOURCE_PATH_OBSERVED_AUTHORITY_NOT_ASSESSED,packages/internationalization/dictionaries/de.json,packages/internationalization/dictionaries/de.json,,,main,f189de79ceef7c1ef69f61f12e272f99b4cdb699,CORPUS_DIRECT,,,KEEP_PENDING_RECONCILIATION,"Reconcile ID, authority and final target against corpus"
Sas-Executar/next-forge,GAP,GAP,en.json,blob,SOURCE_PATH_OBSERVED_AUTHORITY_NOT_ASSESSED,packages/internationalization/dictionaries/en.json,packages/internationalization/dictionaries/en.json,,,main,f189de79ceef7c1ef69f61f12e272f99b4cdb699,CORPUS_DIRECT,,,KEEP_PENDING_RECONCILIATION,"Reconcile ID, authority and final target against corpus"
Sas-Executar/next-forge,GAP,GAP,es.json,blob,SOURCE_PATH_OBSERVED_AUTHORITY_NOT_ASSESSED,packages/internationalization/dictionaries/es.json,packages/internationalization/dictionaries/es.json,,,main,f189de79ceef7c1ef69f61f12e272f99b4cdb699,CORPUS_DIRECT,,,KEEP_PENDING_RECONCILIATION,"Reconcile ID, authority and final target against corpus"
Sas-Executar/next-forge,GAP,GAP,fr.json,blob,SOURCE_PATH_OBSERVED_AUTHORITY_NOT_ASSESSED,packages/internationalization/dictionaries/fr.json,packages/internationalization/dictionaries/fr.json,,,main,f189de79ceef7c1ef69f61f12e272f99b4cdb699,CORPUS_DIRECT,,,KEEP_PENDING_RECONCILIATION,"Reconcile ID, authority and final target against corpus"
Sas-Executar/next-forge,GAP,GAP,pt.json,blob,SOURCE_PATH_OBSERVED_AUTHORITY_NOT_ASSESSED,packages/internationalization/dictionaries/pt.json,packages/internationalization/dictionaries/pt.json,,,main,f189de79ceef7c1ef69f61f12e272f99b4cdb699,CORPUS_DIRECT,,,KEEP_PENDING_RECONCILIATION,"Reconcile ID, authority and final target against corpus"
Sas-Executar/next-forge,GAP,GAP,zh.json,blob,SOURCE_PATH_OBSERVED_AUTHORITY_NOT_ASSESSED,packages/internationalization/dictionaries/zh.json,packages/internationalization/dictionaries/zh.json,,,main,f189de79ceef7c1ef69f61f12e272f99b4cdb699,CORPUS_DIRECT,,,KEEP_PENDING_RECONCILIATION,"Reconcile ID, authority and final target against corpus"
Sas-Executar/next-forge,GAP,GAP,index.ts,blob,SOURCE_PATH_OBSERVED_AUTHORITY_NOT_ASSESSED,packages/internationalization/index.ts,packages/internationalization/index.ts,,,main,f189de79ceef7c1ef69f61f12e272f99b4cdb699,CORPUS_DIRECT,,,KEEP_PENDING_RECONCILIATION,"Reconcile ID, authority and final target against corpus"
Sas-Executar/next-forge,GAP,GAP,languine.json,blob,SOURCE_PATH_OBSERVED_AUTHORITY_NOT_ASSESSED,packages/internationalization/languine.json,packages/internationalization/languine.json,,,main,f189de79ceef7c1ef69f61f12e272f99b4cdb699,CORPUS_DIRECT,,,KEEP_PENDING_RECONCILIATION,"Reconcile ID, authority and final target against corpus"
Sas-Executar/next-forge,GAP,GAP,languine.lock,blob,SOURCE_PATH_OBSERVED_AUTHORITY_NOT_ASSESSED,packages/internationalization/languine.lock,packages/internationalization/languine.lock,,,main,f189de79ceef7c1ef69f61f12e272f99b4cdb699,CORPUS_DIRECT,,,KEEP_PENDING_RECONCILIATION,"Reconcile ID, authority and final target against corpus"
Sas-Executar/next-forge,GAP,GAP,package.json,blob,SOURCE_PATH_OBSERVED_AUTHORITY_NOT_ASSESSED,packages/internationalization/package.json,packages/internationalization/package.json,,,main,f189de79ceef7c1ef69f61f12e272f99b4cdb699,CORPUS_DIRECT,,,KEEP_PENDING_RECONCILIATION,"Reconcile ID, authority and final target against corpus"
Sas-Executar/next-forge,GAP,GAP,proxy.ts,blob,SOURCE_PATH_OBSERVED_AUTHORITY_NOT_ASSESSED,packages/internationalization/proxy.ts,packages/internationalization/proxy.ts,,,main,f189de79ceef7c1ef69f61f12e272f99b4cdb699,CORPUS_DIRECT,,,KEEP_PENDING_RECONCILIATION,"Reconcile ID, authority and final target against corpus"
Sas-Executar/next-forge,GAP,GAP,tsconfig.json,blob,SOURCE_PATH_OBSERVED_AUTHORITY_NOT_ASSESSED,packages/internationalization/tsconfig.json,packages/internationalization/tsconfig.json,,,main,f189de79ceef7c1ef69f61f12e272f99b4cdb699,CORPUS_DIRECT,,,KEEP_PENDING_RECONCILIATION,"Reconcile ID, authority and final target against corpus"
Sas-Executar/next-forge,GAP,GAP,index.ts,blob,SOURCE_PATH_OBSERVED_AUTHORITY_NOT_ASSESSED,packages/next-config/index.ts,packages/next-config/index.ts,,,main,f189de79ceef7c1ef69f61f12e272f99b4cdb699,CORPUS_DIRECT,,,KEEP_PENDING_RECONCILIATION,"Reconcile ID, authority and final target against corpus"
Sas-Executar/next-forge,GAP,GAP,keys.ts,blob,SOURCE_PATH_OBSERVED_AUTHORITY_NOT_ASSESSED,packages/next-config/keys.ts,packages/next-config/keys.ts,,,main,f189de79ceef7c1ef69f61f12e272f99b4cdb699,CORPUS_DIRECT,,,KEEP_PENDING_RECONCILIATION,"Reconcile ID, authority and final target against corpus"
Sas-Executar/next-forge,GAP,GAP,package.json,blob,SOURCE_PATH_OBSERVED_AUTHORITY_NOT_ASSESSED,packages/next-config/package.json,packages/next-config/package.json,,,main,f189de79ceef7c1ef69f61f12e272f99b4cdb699,CORPUS_DIRECT,,,KEEP_PENDING_RECONCILIATION,"Reconcile ID, authority and final target against corpus"
Sas-Executar/next-forge,GAP,GAP,tsconfig.json,blob,SOURCE_PATH_OBSERVED_AUTHORITY_NOT_ASSESSED,packages/next-config/tsconfig.json,packages/next-config/tsconfig.json,,,main,f189de79ceef7c1ef69f61f12e272f99b4cdb699,CORPUS_DIRECT,,,KEEP_PENDING_RECONCILIATION,"Reconcile ID, authority and final target against corpus"
Sas-Executar/next-forge,GAP,GAP,provider.tsx,blob,SOURCE_PATH_OBSERVED_AUTHORITY_NOT_ASSESSED,packages/notifications/components/provider.tsx,packages/notifications/components/provider.tsx,,,main,f189de79ceef7c1ef69f61f12e272f99b4cdb699,CORPUS_DIRECT,,,KEEP_PENDING_RECONCILIATION,"Reconcile ID, authority and final target against corpus"
Sas-Executar/next-forge,GAP,GAP,trigger.tsx,blob,SOURCE_PATH_OBSERVED_AUTHORITY_NOT_ASSESSED,packages/notifications/components/trigger.tsx,packages/notifications/components/trigger.tsx,,,main,f189de79ceef7c1ef69f61f12e272f99b4cdb699,CORPUS_DIRECT,,,KEEP_PENDING_RECONCILIATION,"Reconcile ID, authority and final target against corpus"
Sas-Executar/next-forge,GAP,GAP,index.ts,blob,SOURCE_PATH_OBSERVED_AUTHORITY_NOT_ASSESSED,packages/notifications/index.ts,packages/notifications/index.ts,,,main,f189de79ceef7c1ef69f61f12e272f99b4cdb699,CORPUS_DIRECT,,,KEEP_PENDING_RECONCILIATION,"Reconcile ID, authority and final target against corpus"
Sas-Executar/next-forge,GAP,GAP,keys.ts,blob,SOURCE_PATH_OBSERVED_AUTHORITY_NOT_ASSESSED,packages/notifications/keys.ts,packages/notifications/keys.ts,,,main,f189de79ceef7c1ef69f61f12e272f99b4cdb699,CORPUS_DIRECT,,,KEEP_PENDING_RECONCILIATION,"Reconcile ID, authority and final target against corpus"
Sas-Executar/next-forge,GAP,GAP,package.json,blob,SOURCE_PATH_OBSERVED_AUTHORITY_NOT_ASSESSED,packages/notifications/package.json,packages/notifications/package.json,,,main,f189de79ceef7c1ef69f61f12e272f99b4cdb699,CORPUS_DIRECT,,,KEEP_PENDING_RECONCILIATION,"Reconcile ID, authority and final target against corpus"
Sas-Executar/next-forge,GAP,GAP,styles.css,blob,SOURCE_PATH_OBSERVED_AUTHORITY_NOT_ASSESSED,packages/notifications/styles.css,packages/notifications/styles.css,,,main,f189de79ceef7c1ef69f61f12e272f99b4cdb699,CORPUS_DIRECT,,,KEEP_PENDING_RECONCILIATION,"Reconcile ID, authority and final target against corpus"
Sas-Executar/next-forge,GAP,GAP,tsconfig.json,blob,SOURCE_PATH_OBSERVED_AUTHORITY_NOT_ASSESSED,packages/notifications/tsconfig.json,packages/notifications/tsconfig.json,,,main,f189de79ceef7c1ef69f61f12e272f99b4cdb699,CORPUS_DIRECT,,,KEEP_PENDING_RECONCILIATION,"Reconcile ID, authority and final target against corpus"
Sas-Executar/next-forge,GAP,GAP,client.ts,blob,SOURCE_PATH_OBSERVED_AUTHORITY_NOT_ASSESSED,packages/observability/client.ts,packages/observability/client.ts,,,main,f189de79ceef7c1ef69f61f12e272f99b4cdb699,CORPUS_DIRECT,,,KEEP_PENDING_RECONCILIATION,"Reconcile ID, authority and final target against corpus"
Sas-Executar/next-forge,GAP,GAP,edge.ts,blob,SOURCE_PATH_OBSERVED_AUTHORITY_NOT_ASSESSED,packages/observability/edge.ts,packages/observability/edge.ts,,,main,f189de79ceef7c1ef69f61f12e272f99b4cdb699,CORPUS_DIRECT,,,KEEP_PENDING_RECONCILIATION,"Reconcile ID, authority and final target against corpus"
Sas-Executar/next-forge,GAP,GAP,error.ts,blob,SOURCE_PATH_OBSERVED_AUTHORITY_NOT_ASSESSED,packages/observability/error.ts,packages/observability/error.ts,,,main,f189de79ceef7c1ef69f61f12e272f99b4cdb699,CORPUS_DIRECT,,,KEEP_PENDING_RECONCILIATION,"Reconcile ID, authority and final target against corpus"
Sas-Executar/next-forge,GAP,GAP,instrumentation.ts,blob,SOURCE_PATH_OBSERVED_AUTHORITY_NOT_ASSESSED,packages/observability/instrumentation.ts,packages/observability/instrumentation.ts,,,main,f189de79ceef7c1ef69f61f12e272f99b4cdb699,CORPUS_DIRECT,,,KEEP_PENDING_RECONCILIATION,"Reconcile ID, authority and final target against corpus"
Sas-Executar/next-forge,GAP,GAP,keys.ts,blob,SOURCE_PATH_OBSERVED_AUTHORITY_NOT_ASSESSED,packages/observability/keys.ts,packages/observability/keys.ts,,,main,f189de79ceef7c1ef69f61f12e272f99b4cdb699,CORPUS_DIRECT,,,KEEP_PENDING_RECONCILIATION,"Reconcile ID, authority and final target against corpus"
Sas-Executar/next-forge,GAP,GAP,log.ts,blob,SOURCE_PATH_OBSERVED_AUTHORITY_NOT_ASSESSED,packages/observability/log.ts,packages/observability/log.ts,,,main,f189de79ceef7c1ef69f61f12e272f99b4cdb699,CORPUS_DIRECT,,,KEEP_PENDING_RECONCILIATION,"Reconcile ID, authority and final target against corpus"
Sas-Executar/next-forge,GAP,GAP,next-config.ts,blob,SOURCE_PATH_OBSERVED_AUTHORITY_NOT_ASSESSED,packages/observability/next-config.ts,packages/observability/next-config.ts,,,main,f189de79ceef7c1ef69f61f12e272f99b4cdb699,CORPUS_DIRECT,,,KEEP_PENDING_RECONCILIATION,"Reconcile ID, authority and final target against corpus"
Sas-Executar/next-forge,GAP,GAP,package.json,blob,SOURCE_PATH_OBSERVED_AUTHORITY_NOT_ASSESSED,packages/observability/package.json,packages/observability/package.json,,,main,f189de79ceef7c1ef69f61f12e272f99b4cdb699,CORPUS_DIRECT,,,KEEP_PENDING_RECONCILIATION,"Reconcile ID, authority and final target against corpus"
Sas-Executar/next-forge,GAP,GAP,server.ts,blob,SOURCE_PATH_OBSERVED_AUTHORITY_NOT_ASSESSED,packages/observability/server.ts,packages/observability/server.ts,,,main,f189de79ceef7c1ef69f61f12e272f99b4cdb699,CORPUS_DIRECT,,,KEEP_PENDING_RECONCILIATION,"Reconcile ID, authority and final target against corpus"
Sas-Executar/next-forge,GAP,GAP,index.tsx,blob,SOURCE_PATH_OBSERVED_AUTHORITY_NOT_ASSESSED,packages/observability/status/index.tsx,packages/observability/status/index.tsx,,,main,f189de79ceef7c1ef69f61f12e272f99b4cdb699,CORPUS_DIRECT,,,KEEP_PENDING_RECONCILIATION,"Reconcile ID, authority and final target against corpus"
Sas-Executar/next-forge,GAP,GAP,types.ts,blob,SOURCE_PATH_OBSERVED_AUTHORITY_NOT_ASSESSED,packages/observability/status/types.ts,packages/observability/status/types.ts,,,main,f189de79ceef7c1ef69f61f12e272f99b4cdb699,CORPUS_DIRECT,,,KEEP_PENDING_RECONCILIATION,"Reconcile ID, authority and final target against corpus"
Sas-Executar/next-forge,GAP,GAP,tsconfig.json,blob,SOURCE_PATH_OBSERVED_AUTHORITY_NOT_ASSESSED,packages/observability/tsconfig.json,packages/observability/tsconfig.json,,,main,f189de79ceef7c1ef69f61f12e272f99b4cdb699,CORPUS_DIRECT,,,KEEP_PENDING_RECONCILIATION,"Reconcile ID, authority and final target against corpus"
Sas-Executar/next-forge,GAP,GAP,ai.ts,blob,SOURCE_PATH_OBSERVED_AUTHORITY_NOT_ASSESSED,packages/payments/ai.ts,packages/payments/ai.ts,,,main,f189de79ceef7c1ef69f61f12e272f99b4cdb699,CORPUS_DIRECT,,,KEEP_PENDING_RECONCILIATION,"Reconcile ID, authority and final target against corpus"
Sas-Executar/next-forge,GAP,GAP,index.ts,blob,SOURCE_PATH_OBSERVED_AUTHORITY_NOT_ASSESSED,packages/payments/index.ts,packages/payments/index.ts,,,main,f189de79ceef7c1ef69f61f12e272f99b4cdb699,CORPUS_DIRECT,,,KEEP_PENDING_RECONCILIATION,"Reconcile ID, authority and final target against corpus"
Sas-Executar/next-forge,GAP,GAP,keys.ts,blob,SOURCE_PATH_OBSERVED_AUTHORITY_NOT_ASSESSED,packages/payments/keys.ts,packages/payments/keys.ts,,,main,f189de79ceef7c1ef69f61f12e272f99b4cdb699,CORPUS_DIRECT,,,KEEP_PENDING_RECONCILIATION,"Reconcile ID, authority and final target against corpus"
Sas-Executar/next-forge,GAP,GAP,package.json,blob,SOURCE_PATH_OBSERVED_AUTHORITY_NOT_ASSESSED,packages/payments/package.json,packages/payments/package.json,,,main,f189de79ceef7c1ef69f61f12e272f99b4cdb699,CORPUS_DIRECT,,,KEEP_PENDING_RECONCILIATION,"Reconcile ID, authority and final target against corpus"
Sas-Executar/next-forge,GAP,GAP,tsconfig.json,blob,SOURCE_PATH_OBSERVED_AUTHORITY_NOT_ASSESSED,packages/payments/tsconfig.json,packages/payments/tsconfig.json,,,main,f189de79ceef7c1ef69f61f12e272f99b4cdb699,CORPUS_DIRECT,,,KEEP_PENDING_RECONCILIATION,"Reconcile ID, authority and final target against corpus"
Sas-Executar/next-forge,GAP,GAP,index.ts,blob,SOURCE_PATH_OBSERVED_AUTHORITY_NOT_ASSESSED,packages/rate-limit/index.ts,packages/rate-limit/index.ts,,,main,f189de79ceef7c1ef69f61f12e272f99b4cdb699,CORPUS_DIRECT,,,KEEP_PENDING_RECONCILIATION,"Reconcile ID, authority and final target against corpus"
Sas-Executar/next-forge,GAP,GAP,keys.ts,blob,SOURCE_PATH_OBSERVED_AUTHORITY_NOT_ASSESSED,packages/rate-limit/keys.ts,packages/rate-limit/keys.ts,,,main,f189de79ceef7c1ef69f61f12e272f99b4cdb699,CORPUS_DIRECT,,,KEEP_PENDING_RECONCILIATION,"Reconcile ID, authority and final target against corpus"
Sas-Executar/next-forge,GAP,GAP,package.json,blob,SOURCE_PATH_OBSERVED_AUTHORITY_NOT_ASSESSED,packages/rate-limit/package.json,packages/rate-limit/package.json,,,main,f189de79ceef7c1ef69f61f12e272f99b4cdb699,CORPUS_DIRECT,,,KEEP_PENDING_RECONCILIATION,"Reconcile ID, authority and final target against corpus"
Sas-Executar/next-forge,GAP,GAP,index.ts,blob,SOURCE_PATH_OBSERVED_AUTHORITY_NOT_ASSESSED,packages/security/index.ts,packages/security/index.ts,,,main,f189de79ceef7c1ef69f61f12e272f99b4cdb699,CORPUS_DIRECT,,,KEEP_PENDING_RECONCILIATION,"Reconcile ID, authority and final target against corpus"
Sas-Executar/next-forge,GAP,GAP,keys.ts,blob,SOURCE_PATH_OBSERVED_AUTHORITY_NOT_ASSESSED,packages/security/keys.ts,packages/security/keys.ts,,,main,f189de79ceef7c1ef69f61f12e272f99b4cdb699,CORPUS_DIRECT,,,KEEP_PENDING_RECONCILIATION,"Reconcile ID, authority and final target against corpus"
Sas-Executar/next-forge,GAP,GAP,package.json,blob,SOURCE_PATH_OBSERVED_AUTHORITY_NOT_ASSESSED,packages/security/package.json,packages/security/package.json,,,main,f189de79ceef7c1ef69f61f12e272f99b4cdb699,CORPUS_DIRECT,,,KEEP_PENDING_RECONCILIATION,"Reconcile ID, authority and final target against corpus"
Sas-Executar/next-forge,GAP,GAP,proxy.ts,blob,SOURCE_PATH_OBSERVED_AUTHORITY_NOT_ASSESSED,packages/security/proxy.ts,packages/security/proxy.ts,,,main,f189de79ceef7c1ef69f61f12e272f99b4cdb699,CORPUS_DIRECT,,,KEEP_PENDING_RECONCILIATION,"Reconcile ID, authority and final target against corpus"
Sas-Executar/next-forge,GAP,GAP,tsconfig.json,blob,SOURCE_PATH_OBSERVED_AUTHORITY_NOT_ASSESSED,packages/security/tsconfig.json,packages/security/tsconfig.json,,,main,f189de79ceef7c1ef69f61f12e272f99b4cdb699,CORPUS_DIRECT,,,KEEP_PENDING_RECONCILIATION,"Reconcile ID, authority and final target against corpus"
Sas-Executar/next-forge,GAP,GAP,json-ld.tsx,blob,SOURCE_PATH_OBSERVED_AUTHORITY_NOT_ASSESSED,packages/seo/json-ld.tsx,packages/seo/json-ld.tsx,,,main,f189de79ceef7c1ef69f61f12e272f99b4cdb699,CORPUS_DIRECT,,,KEEP_PENDING_RECONCILIATION,"Reconcile ID, authority and final target against corpus"
Sas-Executar/next-forge,GAP,GAP,metadata.ts,blob,SOURCE_PATH_OBSERVED_AUTHORITY_NOT_ASSESSED,packages/seo/metadata.ts,packages/seo/metadata.ts,,,main,f189de79ceef7c1ef69f61f12e272f99b4cdb699,CORPUS_DIRECT,,,KEEP_PENDING_RECONCILIATION,"Reconcile ID, authority and final target against corpus"
Sas-Executar/next-forge,GAP,GAP,package.json,blob,SOURCE_PATH_OBSERVED_AUTHORITY_NOT_ASSESSED,packages/seo/package.json,packages/seo/package.json,,,main,f189de79ceef7c1ef69f61f12e272f99b4cdb699,CORPUS_DIRECT,,,KEEP_PENDING_RECONCILIATION,"Reconcile ID, authority and final target against corpus"
Sas-Executar/next-forge,GAP,GAP,tsconfig.json,blob,SOURCE_PATH_OBSERVED_AUTHORITY_NOT_ASSESSED,packages/seo/tsconfig.json,packages/seo/tsconfig.json,,,main,f189de79ceef7c1ef69f61f12e272f99b4cdb699,CORPUS_DIRECT,,,KEEP_PENDING_RECONCILIATION,"Reconcile ID, authority and final target against corpus"
Sas-Executar/next-forge,GAP,GAP,client.ts,blob,SOURCE_PATH_OBSERVED_AUTHORITY_NOT_ASSESSED,packages/storage/client.ts,packages/storage/client.ts,,,main,f189de79ceef7c1ef69f61f12e272f99b4cdb699,CORPUS_DIRECT,,,KEEP_PENDING_RECONCILIATION,"Reconcile ID, authority and final target against corpus"
Sas-Executar/next-forge,GAP,GAP,index.ts,blob,SOURCE_PATH_OBSERVED_AUTHORITY_NOT_ASSESSED,packages/storage/index.ts,packages/storage/index.ts,,,main,f189de79ceef7c1ef69f61f12e272f99b4cdb699,CORPUS_DIRECT,,,KEEP_PENDING_RECONCILIATION,"Reconcile ID, authority and final target against corpus"
Sas-Executar/next-forge,GAP,GAP,keys.ts,blob,SOURCE_PATH_OBSERVED_AUTHORITY_NOT_ASSESSED,packages/storage/keys.ts,packages/storage/keys.ts,,,main,f189de79ceef7c1ef69f61f12e272f99b4cdb699,CORPUS_DIRECT,,,KEEP_PENDING_RECONCILIATION,"Reconcile ID, authority and final target against corpus"
Sas-Executar/next-forge,GAP,GAP,package.json,blob,SOURCE_PATH_OBSERVED_AUTHORITY_NOT_ASSESSED,packages/storage/package.json,packages/storage/package.json,,,main,f189de79ceef7c1ef69f61f12e272f99b4cdb699,CORPUS_DIRECT,,,KEEP_PENDING_RECONCILIATION,"Reconcile ID, authority and final target against corpus"
Sas-Executar/next-forge,GAP,GAP,tsconfig.json,blob,SOURCE_PATH_OBSERVED_AUTHORITY_NOT_ASSESSED,packages/storage/tsconfig.json,packages/storage/tsconfig.json,,,main,f189de79ceef7c1ef69f61f12e272f99b4cdb699,CORPUS_DIRECT,,,KEEP_PENDING_RECONCILIATION,"Reconcile ID, authority and final target against corpus"
Sas-Executar/next-forge,GAP,GAP,base.json,blob,SOURCE_PATH_OBSERVED_AUTHORITY_NOT_ASSESSED,packages/typescript-config/base.json,packages/typescript-config/base.json,,,main,f189de79ceef7c1ef69f61f12e272f99b4cdb699,CORPUS_DIRECT,,,KEEP_PENDING_RECONCILIATION,"Reconcile ID, authority and final target against corpus"
Sas-Executar/next-forge,GAP,GAP,nextjs.json,blob,SOURCE_PATH_OBSERVED_AUTHORITY_NOT_ASSESSED,packages/typescript-config/nextjs.json,packages/typescript-config/nextjs.json,,,main,f189de79ceef7c1ef69f61f12e272f99b4cdb699,CORPUS_DIRECT,,,KEEP_PENDING_RECONCILIATION,"Reconcile ID, authority and final target against corpus"
Sas-Executar/next-forge,GAP,GAP,package.json,blob,SOURCE_PATH_OBSERVED_AUTHORITY_NOT_ASSESSED,packages/typescript-config/package.json,packages/typescript-config/package.json,,,main,f189de79ceef7c1ef69f61f12e272f99b4cdb699,CORPUS_DIRECT,,,KEEP_PENDING_RECONCILIATION,"Reconcile ID, authority and final target against corpus"
Sas-Executar/next-forge,GAP,GAP,react-library.json,blob,SOURCE_PATH_OBSERVED_AUTHORITY_NOT_ASSESSED,packages/typescript-config/react-library.json,packages/typescript-config/react-library.json,,,main,f189de79ceef7c1ef69f61f12e272f99b4cdb699,CORPUS_DIRECT,,,KEEP_PENDING_RECONCILIATION,"Reconcile ID, authority and final target against corpus"
Sas-Executar/next-forge,GAP,GAP,index.ts,blob,SOURCE_PATH_OBSERVED_AUTHORITY_NOT_ASSESSED,packages/webhooks/index.ts,packages/webhooks/index.ts,,,main,f189de79ceef7c1ef69f61f12e272f99b4cdb699,CORPUS_DIRECT,,,KEEP_PENDING_RECONCILIATION,"Reconcile ID, authority and final target against corpus"
Sas-Executar/next-forge,GAP,GAP,keys.ts,blob,SOURCE_PATH_OBSERVED_AUTHORITY_NOT_ASSESSED,packages/webhooks/keys.ts,packages/webhooks/keys.ts,,,main,f189de79ceef7c1ef69f61f12e272f99b4cdb699,CORPUS_DIRECT,,,KEEP_PENDING_RECONCILIATION,"Reconcile ID, authority and final target against corpus"
Sas-Executar/next-forge,GAP,GAP,svix.ts,blob,SOURCE_PATH_OBSERVED_AUTHORITY_NOT_ASSESSED,packages/webhooks/lib/svix.ts,packages/webhooks/lib/svix.ts,,,main,f189de79ceef7c1ef69f61f12e272f99b4cdb699,CORPUS_DIRECT,,,KEEP_PENDING_RECONCILIATION,"Reconcile ID, authority and final target against corpus"
Sas-Executar/next-forge,GAP,GAP,package.json,blob,SOURCE_PATH_OBSERVED_AUTHORITY_NOT_ASSESSED,packages/webhooks/package.json,packages/webhooks/package.json,,,main,f189de79ceef7c1ef69f61f12e272f99b4cdb699,CORPUS_DIRECT,,,KEEP_PENDING_RECONCILIATION,"Reconcile ID, authority and final target against corpus"
Sas-Executar/next-forge,GAP,GAP,tsconfig.json,blob,SOURCE_PATH_OBSERVED_AUTHORITY_NOT_ASSESSED,packages/webhooks/tsconfig.json,packages/webhooks/tsconfig.json,,,main,f189de79ceef7c1ef69f61f12e272f99b4cdb699,CORPUS_DIRECT,,,KEEP_PENDING_RECONCILIATION,"Reconcile ID, authority and final target against corpus"
Sas-Executar/next-forge,GAP,GAP,index.ts,blob,SOURCE_PATH_OBSERVED_AUTHORITY_NOT_ASSESSED,scripts/index.ts,scripts/index.ts,,,main,f189de79ceef7c1ef69f61f12e272f99b4cdb699,CORPUS_DIRECT,,,KEEP_PENDING_RECONCILIATION,"Reconcile ID, authority and final target against corpus"
Sas-Executar/next-forge,GAP,GAP,initialize.ts,blob,SOURCE_PATH_OBSERVED_AUTHORITY_NOT_ASSESSED,scripts/initialize.ts,scripts/initialize.ts,,,main,f189de79ceef7c1ef69f61f12e272f99b4cdb699,CORPUS_DIRECT,,,KEEP_PENDING_RECONCILIATION,"Reconcile ID, authority and final target against corpus"
Sas-Executar/next-forge,GAP,GAP,update.ts,blob,SOURCE_PATH_OBSERVED_AUTHORITY_NOT_ASSESSED,scripts/update.ts,scripts/update.ts,,,main,f189de79ceef7c1ef69f61f12e272f99b4cdb699,CORPUS_DIRECT,,,KEEP_PENDING_RECONCILIATION,"Reconcile ID, authority and final target against corpus"
Sas-Executar/next-forge,GAP,GAP,utils.ts,blob,SOURCE_PATH_OBSERVED_AUTHORITY_NOT_ASSESSED,scripts/utils.ts,scripts/utils.ts,,,main,f189de79ceef7c1ef69f61f12e272f99b4cdb699,CORPUS_DIRECT,,,KEEP_PENDING_RECONCILIATION,"Reconcile ID, authority and final target against corpus"
Sas-Executar/next-forge,GAP,GAP,SKILL.md,blob,SOURCE_PATH_OBSERVED_AUTHORITY_NOT_ASSESSED,skills/next-forge/SKILL.md,skills/next-forge/SKILL.md,,,main,f189de79ceef7c1ef69f61f12e272f99b4cdb699,CORPUS_DIRECT,,,KEEP_PENDING_RECONCILIATION,"Reconcile ID, authority and final target against corpus"
Sas-Executar/next-forge,GAP,GAP,architecture.md,blob,SOURCE_PATH_OBSERVED_AUTHORITY_NOT_ASSESSED,skills/next-forge/references/architecture.md,skills/next-forge/references/architecture.md,,,main,f189de79ceef7c1ef69f61f12e272f99b4cdb699,CORPUS_DIRECT,,,KEEP_PENDING_RECONCILIATION,"Reconcile ID, authority and final target against corpus"
Sas-Executar/next-forge,GAP,GAP,customization.md,blob,SOURCE_PATH_OBSERVED_AUTHORITY_NOT_ASSESSED,skills/next-forge/references/customization.md,skills/next-forge/references/customization.md,,,main,f189de79ceef7c1ef69f61f12e272f99b4cdb699,CORPUS_DIRECT,,,KEEP_PENDING_RECONCILIATION,"Reconcile ID, authority and final target against corpus"
Sas-Executar/next-forge,GAP,GAP,packages.md,blob,SOURCE_PATH_OBSERVED_AUTHORITY_NOT_ASSESSED,skills/next-forge/references/packages.md,skills/next-forge/references/packages.md,,,main,f189de79ceef7c1ef69f61f12e272f99b4cdb699,CORPUS_DIRECT,,,KEEP_PENDING_RECONCILIATION,"Reconcile ID, authority and final target against corpus"
Sas-Executar/next-forge,GAP,GAP,setup.md,blob,SOURCE_PATH_OBSERVED_AUTHORITY_NOT_ASSESSED,skills/next-forge/references/setup.md,skills/next-forge/references/setup.md,,,main,f189de79ceef7c1ef69f61f12e272f99b4cdb699,CORPUS_DIRECT,,,KEEP_PENDING_RECONCILIATION,"Reconcile ID, authority and final target against corpus"
Sas-Executar/next-forge,GAP,GAP,tsconfig.json,blob,SOURCE_PATH_OBSERVED_AUTHORITY_NOT_ASSESSED,tsconfig.json,tsconfig.json,,,main,f189de79ceef7c1ef69f61f12e272f99b4cdb699,CORPUS_DIRECT,,,KEEP_PENDING_RECONCILIATION,"Reconcile ID, authority and final target against corpus"
Sas-Executar/next-forge,GAP,GAP,tsup.config.ts,blob,SOURCE_PATH_OBSERVED_AUTHORITY_NOT_ASSESSED,tsup.config.ts,tsup.config.ts,,,main,f189de79ceef7c1ef69f61f12e272f99b4cdb699,CORPUS_DIRECT,,,KEEP_PENDING_RECONCILIATION,"Reconcile ID, authority and final target against corpus"
Sas-Executar/next-forge,GAP,GAP,turbo.json,blob,SOURCE_PATH_OBSERVED_AUTHORITY_NOT_ASSESSED,turbo.json,turbo.json,,,main,f189de79ceef7c1ef69f61f12e272f99b4cdb699,CORPUS_DIRECT,,,KEEP_PENDING_RECONCILIATION,"Reconcile ID, authority and final target against corpus"
Sas-Executar/next-forge,GAP,GAP,config.ts,blob,SOURCE_PATH_OBSERVED_AUTHORITY_NOT_ASSESSED,turbo/generators/config.ts,turbo/generators/config.ts,,,main,f189de79ceef7c1ef69f61f12e272f99b4cdb699,CORPUS_DIRECT,,,KEEP_PENDING_RECONCILIATION,"Reconcile ID, authority and final target against corpus"
Sas-Executar/next-forge,GAP,GAP,package.json,blob,SOURCE_PATH_OBSERVED_AUTHORITY_NOT_ASSESSED,turbo/generators/package.json,turbo/generators/package.json,,,main,f189de79ceef7c1ef69f61f12e272f99b4cdb699,CORPUS_DIRECT,,,KEEP_PENDING_RECONCILIATION,"Reconcile ID, authority and final target against corpus"
Sas-Executar/next-forge,GAP,GAP,package.json.hbs,blob,SOURCE_PATH_OBSERVED_AUTHORITY_NOT_ASSESSED,turbo/generators/templates/package.json.hbs,turbo/generators/templates/package.json.hbs,,,main,f189de79ceef7c1ef69f61f12e272f99b4cdb699,CORPUS_DIRECT,,,KEEP_PENDING_RECONCILIATION,"Reconcile ID, authority and final target against corpus"
Sas-Executar/next-forge,GAP,GAP,tsconfig.json.hbs,blob,SOURCE_PATH_OBSERVED_AUTHORITY_NOT_ASSESSED,turbo/generators/templates/tsconfig.json.hbs,turbo/generators/templates/tsconfig.json.hbs,,,main,f189de79ceef7c1ef69f61f12e272f99b4cdb699,CORPUS_DIRECT,,,KEEP_PENDING_RECONCILIATION,"Reconcile ID, authority and final target against corpus"
Sas-Executar/Maestr-Docs,GAP,GAP,.gitignore,blob,SOURCE_PATH_OBSERVED_AUTHORITY_NOT_ASSESSED,.gitignore,.gitignore,,,main,48db71b13e8108479bcf1961a812c1785140a44f,CORPUS_DIRECT,,,KEEP_PENDING_RECONCILIATION,"Reconcile ID, authority and final target against corpus"
Sas-Executar/Maestr-Docs,GAP,GAP,.gitmodules,blob,SOURCE_PATH_OBSERVED_AUTHORITY_NOT_ASSESSED,.gitmodules,.gitmodules,,,main,48db71b13e8108479bcf1961a812c1785140a44f,CORPUS_DIRECT,,,KEEP_PENDING_RECONCILIATION,"Reconcile ID, authority and final target against corpus"
Sas-Executar/Maestr-Docs,GAP,GAP,00-dropzone.md,blob,SOURCE_PATH_OBSERVED_AUTHORITY_NOT_ASSESSED,00-dropzone/00-dropzone.md,00-dropzone/00-dropzone.md,,,main,48db71b13e8108479bcf1961a812c1785140a44f,CORPUS_DIRECT,,,KEEP_PENDING_RECONCILIATION,"Reconcile ID, authority and final target against corpus"
Sas-Executar/Maestr-Docs,GAP,GAP,.gitkeep,blob,SOURCE_PATH_OBSERVED_AUTHORITY_NOT_ASSESSED,00-dropzone/01-xls/.gitkeep,00-dropzone/01-xls/.gitkeep,,,main,48db71b13e8108479bcf1961a812c1785140a44f,CORPUS_DIRECT,,,KEEP_PENDING_RECONCILIATION,"Reconcile ID, authority and final target against corpus"
Sas-Executar/Maestr-Docs,GAP,GAP,.gitkeep,blob,SOURCE_PATH_OBSERVED_AUTHORITY_NOT_ASSESSED,00-dropzone/02-docs/.gitkeep,00-dropzone/02-docs/.gitkeep,,,main,48db71b13e8108479bcf1961a812c1785140a44f,CORPUS_DIRECT,,,KEEP_PENDING_RECONCILIATION,"Reconcile ID, authority and final target against corpus"
Sas-Executar/Maestr-Docs,GAP,GAP,.gitkeep,blob,SOURCE_PATH_OBSERVED_AUTHORITY_NOT_ASSESSED,00-dropzone/03-pdf/.gitkeep,00-dropzone/03-pdf/.gitkeep,,,main,48db71b13e8108479bcf1961a812c1785140a44f,CORPUS_DIRECT,,,KEEP_PENDING_RECONCILIATION,"Reconcile ID, authority and final target against corpus"
Sas-Executar/Maestr-Docs,GAP,GAP,.gitkeep,blob,SOURCE_PATH_OBSERVED_AUTHORITY_NOT_ASSESSED,00-dropzone/04-images/.gitkeep,00-dropzone/04-images/.gitkeep,,,main,48db71b13e8108479bcf1961a812c1785140a44f,CORPUS_DIRECT,,,KEEP_PENDING_RECONCILIATION,"Reconcile ID, authority and final target against corpus"
Sas-Executar/Maestr-Docs,GAP,GAP,.gitkeep,blob,SOURCE_PATH_OBSERVED_AUTHORITY_NOT_ASSESSED,00-dropzone/05-json/.gitkeep,00-dropzone/05-json/.gitkeep,,,main,48db71b13e8108479bcf1961a812c1785140a44f,CORPUS_DIRECT,,,KEEP_PENDING_RECONCILIATION,"Reconcile ID, authority and final target against corpus"
Sas-Executar/Maestr-Docs,GAP,GAP,.gitkeep,blob,SOURCE_PATH_OBSERVED_AUTHORITY_NOT_ASSESSED,00-dropzone/06-zip/.gitkeep,00-dropzone/06-zip/.gitkeep,,,main,48db71b13e8108479bcf1961a812c1785140a44f,CORPUS_DIRECT,,,KEEP_PENDING_RECONCILIATION,"Reconcile ID, authority and final target against corpus"
Sas-Executar/Maestr-Docs,GAP,GAP,.gitkeep,blob,SOURCE_PATH_OBSERVED_AUTHORITY_NOT_ASSESSED,00-dropzone/07-code/.gitkeep,00-dropzone/07-code/.gitkeep,,,main,48db71b13e8108479bcf1961a812c1785140a44f,CORPUS_DIRECT,,,KEEP_PENDING_RECONCILIATION,"Reconcile ID, authority and final target against corpus"
Sas-Executar/Maestr-Docs,GAP,GAP,.gitkeep,blob,SOURCE_PATH_OBSERVED_AUTHORITY_NOT_ASSESSED,00-dropzone/08-to-classify/.gitkeep,00-dropzone/08-to-classify/.gitkeep,,,main,48db71b13e8108479bcf1961a812c1785140a44f,CORPUS_DIRECT,,,KEEP_PENDING_RECONCILIATION,"Reconcile ID, authority and final target against corpus"
Sas-Executar/Maestr-Docs,GAP,GAP,01-master-index.md,blob,SOURCE_PATH_OBSERVED_AUTHORITY_NOT_ASSESSED,01-master-index/01-master-index.md,01-master-index/01-master-index.md,,,main,48db71b13e8108479bcf1961a812c1785140a44f,CORPUS_DIRECT,,,KEEP_PENDING_RECONCILIATION,"Reconcile ID, authority and final target against corpus"
Sas-Executar/Maestr-Docs,GAP,GAP,ECOSYSTEM_MASTER_YAML_CARDS_V1.yaml,blob,SOURCE_PATH_OBSERVED_AUTHORITY_NOT_ASSESSED,01-master-index/01-schemas/ECOSYSTEM_MASTER_YAML_CARDS_V1.yaml,01-master-index/01-schemas/ECOSYSTEM_MASTER_YAML_CARDS_V1.yaml,,,main,48db71b13e8108479bcf1961a812c1785140a44f,CORPUS_DIRECT,,,KEEP_PENDING_RECONCILIATION,"Reconcile ID, authority and final target against corpus"
Sas-Executar/Maestr-Docs,GAP,GAP,EXECUTAR_projetosaasentrypoint_EXPANDIDO.schema.json,blob,SOURCE_PATH_OBSERVED_AUTHORITY_NOT_ASSESSED,01-master-index/01-schemas/EXECUTAR_projetosaasentrypoint_EXPANDIDO.schema.json,01-master-index/01-schemas/EXECUTAR_projetosaasentrypoint_EXPANDIDO.schema.json,,,main,48db71b13e8108479bcf1961a812c1785140a44f,CORPUS_DIRECT,,,KEEP_PENDING_RECONCILIATION,"Reconcile ID, authority and final target against corpus"
Sas-Executar/Maestr-Docs,GAP,GAP,FORMULARIO_FUNDACIONAL_FUSIONADO_V1.yaml,blob,SOURCE_PATH_OBSERVED_AUTHORITY_NOT_ASSESSED,01-master-index/01-schemas/FORMULARIO_FUNDACIONAL_FUSIONADO_V1.yaml,01-master-index/01-schemas/FORMULARIO_FUNDACIONAL_FUSIONADO_V1.yaml,,,main,48db71b13e8108479bcf1961a812c1785140a44f,CORPUS_DIRECT,,,KEEP_PENDING_RECONCILIATION,"Reconcile ID, authority and final target against corpus"
Sas-Executar/Maestr-Docs,GAP,GAP,README.md,blob,SOURCE_PATH_OBSERVED_AUTHORITY_NOT_ASSESSED,01-master-index/01-schemas/README.md,01-master-index/01-schemas/README.md,,,main,48db71b13e8108479bcf1961a812c1785140a44f,CORPUS_DIRECT,,,KEEP_PENDING_RECONCILIATION,"Reconcile ID, authority and final target against corpus"
Sas-Executar/Maestr-Docs,GAP,GAP,ECOSYSTEM_CARDS_REGISTER.csv,blob,SOURCE_PATH_OBSERVED_AUTHORITY_NOT_ASSESSED,01-master-index/02-taxonomies/ECOSYSTEM_CARDS_REGISTER.csv,01-master-index/02-taxonomies/ECOSYSTEM_CARDS_REGISTER.csv,,,main,48db71b13e8108479bcf1961a812c1785140a44f,CORPUS_DIRECT,,,KEEP_PENDING_RECONCILIATION,"Reconcile ID, authority and final target against corpus"
Sas-Executar/Maestr-Docs,GAP,GAP,FOLDER_IDS.md,blob,SOURCE_PATH_OBSERVED_AUTHORITY_NOT_ASSESSED,01-master-index/02-taxonomies/FOLDER_IDS.md,01-master-index/02-taxonomies/FOLDER_IDS.md,,,main,48db71b13e8108479bcf1961a812c1785140a44f,CORPUS_DIRECT,,,KEEP_PENDING_RECONCILIATION,"Reconcile ID, authority and final target against corpus"
Sas-Executar/Maestr-Docs,GAP,GAP,MAPA_DOC_ARQUIVO.csv,blob,SOURCE_PATH_OBSERVED_AUTHORITY_NOT_ASSESSED,01-master-index/02-taxonomies/MAPA_DOC_ARQUIVO.csv,01-master-index/02-taxonomies/MAPA_DOC_ARQUIVO.csv,,,main,48db71b13e8108479bcf1961a812c1785140a44f,CORPUS_DIRECT,,,KEEP_PENDING_RECONCILIATION,"Reconcile ID, authority and final target against corpus"
Sas-Executar/Maestr-Docs,GAP,GAP,MOC_IDS.csv,blob,SOURCE_PATH_OBSERVED_AUTHORITY_NOT_ASSESSED,01-master-index/02-taxonomies/MOC_IDS.csv,01-master-index/02-taxonomies/MOC_IDS.csv,,,main,48db71b13e8108479bcf1961a812c1785140a44f,CORPUS_DIRECT,,,KEEP_PENDING_RECONCILIATION,"Reconcile ID, authority and final target against corpus"
Sas-Executar/Maestr-Docs,GAP,GAP,ROTEAMENTO_DOCUMENTAL_MECE.csv,blob,SOURCE_PATH_OBSERVED_AUTHORITY_NOT_ASSESSED,01-master-index/02-taxonomies/ROTEAMENTO_DOCUMENTAL_MECE.csv,01-master-index/02-taxonomies/ROTEAMENTO_DOCUMENTAL_MECE.csv,,,main,48db71b13e8108479bcf1961a812c1785140a44f,CORPUS_DIRECT,,,KEEP_PENDING_RECONCILIATION,"Reconcile ID, authority and final target against corpus"
Sas-Executar/Maestr-Docs,GAP,GAP,SAAS_ENTRYPOINT_DOMAIN_MAP.csv,blob,SOURCE_PATH_OBSERVED_AUTHORITY_NOT_ASSESSED,01-master-index/02-taxonomies/SAAS_ENTRYPOINT_DOMAIN_MAP.csv,01-master-index/02-taxonomies/SAAS_ENTRYPOINT_DOMAIN_MAP.csv,,,main,48db71b13e8108479bcf1961a812c1785140a44f,CORPUS_DIRECT,,,KEEP_PENDING_RECONCILIATION,"Reconcile ID, authority and final target against corpus"
Sas-Executar/Maestr-Docs,GAP,GAP,RELATIONS.md,blob,SOURCE_PATH_OBSERVED_AUTHORITY_NOT_ASSESSED,01-master-index/03-relations/RELATIONS.md,01-master-index/03-relations/RELATIONS.md,,,main,48db71b13e8108479bcf1961a812c1785140a44f,CORPUS_DIRECT,,,KEEP_PENDING_RECONCILIATION,"Reconcile ID, authority and final target against corpus"
Sas-Executar/Maestr-Docs,GAP,GAP,2026-09-07-master-index-repos-codigo.md,blob,SOURCE_PATH_OBSERVED_AUTHORITY_NOT_ASSESSED,01-master-index/04-reports/2026-09-07-master-index-repos-codigo.md,01-master-index/04-reports/2026-09-07-master-index-repos-codigo.md,,,main,48db71b13e8108479bcf1961a812c1785140a44f,CORPUS_DIRECT,,,KEEP_PENDING_RECONCILIATION,"Reconcile ID, authority and final target against corpus"
Sas-Executar/Maestr-Docs,GAP,GAP,INDICE_TEMATICO_GRANULAR_V1.csv,blob,SOURCE_PATH_OBSERVED_AUTHORITY_NOT_ASSESSED,01-master-index/04-reports/INDICE_TEMATICO_GRANULAR_V1.csv,01-master-index/04-reports/INDICE_TEMATICO_GRANULAR_V1.csv,,,main,48db71b13e8108479bcf1961a812c1785140a44f,CORPUS_DIRECT,,,KEEP_PENDING_RECONCILIATION,"Reconcile ID, authority and final target against corpus"
Sas-Executar/Maestr-Docs,GAP,GAP,MASTER_INDEX_TABULAR_V1.csv,blob,SOURCE_PATH_OBSERVED_AUTHORITY_NOT_ASSESSED,01-master-index/04-reports/MASTER_INDEX_TABULAR_V1.csv,01-master-index/04-reports/MASTER_INDEX_TABULAR_V1.csv,,,main,48db71b13e8108479bcf1961a812c1785140a44f,CORPUS_DIRECT,,,KEEP_PENDING_RECONCILIATION,"Reconcile ID, authority and final target against corpus"
Sas-Executar/Maestr-Docs,GAP,GAP,MIGRATION_2026-08-26.md,blob,SOURCE_PATH_OBSERVED_AUTHORITY_NOT_ASSESSED,01-master-index/04-reports/MIGRATION_2026-08-26.md,01-master-index/04-reports/MIGRATION_2026-08-26.md,,,main,48db71b13e8108479bcf1961a812c1785140a44f,CORPUS_DIRECT,,,KEEP_PENDING_RECONCILIATION,"Reconcile ID, authority and final target against corpus"
Sas-Executar/Maestr-Docs,GAP,GAP,README.md,blob,SOURCE_PATH_OBSERVED_AUTHORITY_NOT_ASSESSED,01-master-index/04-reports/README.md,01-master-index/04-reports/README.md,,,main,48db71b13e8108479bcf1961a812c1785140a44f,CORPUS_DIRECT,,,KEEP_PENDING_RECONCILIATION,"Reconcile ID, authority and final target against corpus"
Sas-Executar/Maestr-Docs,GAP,GAP,CENTRAL_CONTROL.csv,blob,SOURCE_PATH_OBSERVED_AUTHORITY_NOT_ASSESSED,01-master-index/CENTRAL_CONTROL.csv,01-master-index/CENTRAL_CONTROL.csv,,,main,48db71b13e8108479bcf1961a812c1785140a44f,CORPUS_DIRECT,,,KEEP_PENDING_RECONCILIATION,"Reconcile ID, authority and final target against corpus"
Sas-Executar/Maestr-Docs,GAP,GAP,.gitkeep,blob,SOURCE_PATH_OBSERVED_AUTHORITY_NOT_ASSESSED,10-business/01-planos/01-estrategico/.gitkeep,10-business/01-planos/01-estrategico/.gitkeep,,,main,48db71b13e8108479bcf1961a812c1785140a44f,CORPUS_DIRECT,,,KEEP_PENDING_RECONCILIATION,"Reconcile ID, authority and final target against corpus"
Sas-Executar/Maestr-Docs,GAP,GAP,.gitkeep,blob,SOURCE_PATH_OBSERVED_AUTHORITY_NOT_ASSESSED,10-business/01-planos/02-operacional/.gitkeep,10-business/01-planos/02-operacional/.gitkeep,,,main,48db71b13e8108479bcf1961a812c1785140a44f,CORPUS_DIRECT,,,KEEP_PENDING_RECONCILIATION,"Reconcile ID, authority and final target against corpus"
Sas-Executar/Maestr-Docs,GAP,GAP,.gitkeep,blob,SOURCE_PATH_OBSERVED_AUTHORITY_NOT_ASSESSED,10-business/01-planos/03-go-to-market/.gitkeep,10-business/01-planos/03-go-to-market/.gitkeep,,,main,48db71b13e8108479bcf1961a812c1785140a44f,CORPUS_DIRECT,,,KEEP_PENDING_RECONCILIATION,"Reconcile ID, authority and final target against corpus"
Sas-Executar/Maestr-Docs,GAP,GAP,.gitkeep,blob,SOURCE_PATH_OBSERVED_AUTHORITY_NOT_ASSESSED,10-business/02-modelo-negocio/01-canvas/.gitkeep,10-business/02-modelo-negocio/01-canvas/.gitkeep,,,main,48db71b13e8108479bcf1961a812c1785140a44f,CORPUS_DIRECT,,,KEEP_PENDING_RECONCILIATION,"Reconcile ID, authority and final target against corpus"
Sas-Executar/Maestr-Docs,GAP,GAP,.gitkeep,blob,SOURCE_PATH_OBSERVED_AUTHORITY_NOT_ASSESSED,10-business/02-modelo-negocio/02-pricing/.gitkeep,10-business/02-modelo-negocio/02-pricing/.gitkeep,,,main,48db71b13e8108479bcf1961a812c1785140a44f,CORPUS_DIRECT,,,KEEP_PENDING_RECONCILIATION,"Reconcile ID, authority and final target against corpus"
Sas-Executar/Maestr-Docs,GAP,GAP,.gitkeep,blob,SOURCE_PATH_OBSERVED_AUTHORITY_NOT_ASSESSED,10-business/02-modelo-negocio/03-unit-economics/.gitkeep,10-business/02-modelo-negocio/03-unit-economics/.gitkeep,,,main,48db71b13e8108479bcf1961a812c1785140a44f,CORPUS_DIRECT,,,KEEP_PENDING_RECONCILIATION,"Reconcile ID, authority and final target against corpus"
Sas-Executar/Maestr-Docs,GAP,GAP,.gitkeep,blob,SOURCE_PATH_OBSERVED_AUTHORITY_NOT_ASSESSED,10-business/03-stakeholders/01-internos/.gitkeep,10-business/03-stakeholders/01-internos/.gitkeep,,,main,48db71b13e8108479bcf1961a812c1785140a44f,CORPUS_DIRECT,,,KEEP_PENDING_RECONCILIATION,"Reconcile ID, authority and final target against corpus"
Sas-Executar/Maestr-Docs,GAP,GAP,.gitkeep,blob,SOURCE_PATH_OBSERVED_AUTHORITY_NOT_ASSESSED,10-business/03-stakeholders/02-externos/.gitkeep,10-business/03-stakeholders/02-externos/.gitkeep,,,main,48db71b13e8108479bcf1961a812c1785140a44f,CORPUS_DIRECT,,,KEEP_PENDING_RECONCILIATION,"Reconcile ID, authority and final target against corpus"
Sas-Executar/Maestr-Docs,GAP,GAP,.gitkeep,blob,SOURCE_PATH_OBSERVED_AUTHORITY_NOT_ASSESSED,10-business/03-stakeholders/03-parceiros/.gitkeep,10-business/03-stakeholders/03-parceiros/.gitkeep,,,main,48db71b13e8108479bcf1961a812c1785140a44f,CORPUS_DIRECT,,,KEEP_PENDING_RECONCILIATION,"Reconcile ID, authority and final target against corpus"
Sas-Executar/Maestr-Docs,GAP,GAP,.gitkeep,blob,SOURCE_PATH_OBSERVED_AUTHORITY_NOT_ASSESSED,10-business/04-financeiro/01-orcamento/.gitkeep,10-business/04-financeiro/01-orcamento/.gitkeep,,,main,48db71b13e8108479bcf1961a812c1785140a44f,CORPUS_DIRECT,,,KEEP_PENDING_RECONCILIATION,"Reconcile ID, authority and final target against corpus"
Sas-Executar/Maestr-Docs,GAP,GAP,.gitkeep,blob,SOURCE_PATH_OBSERVED_AUTHORITY_NOT_ASSESSED,10-business/04-financeiro/02-receitas/.gitkeep,10-business/04-financeiro/02-receitas/.gitkeep,,,main,48db71b13e8108479bcf1961a812c1785140a44f,CORPUS_DIRECT,,,KEEP_PENDING_RECONCILIATION,"Reconcile ID, authority and final target against corpus"
Sas-Executar/Maestr-Docs,GAP,GAP,.gitkeep,blob,SOURCE_PATH_OBSERVED_AUTHORITY_NOT_ASSESSED,10-business/04-financeiro/03-custos/.gitkeep,10-business/04-financeiro/03-custos/.gitkeep,,,main,48db71b13e8108479bcf1961a812c1785140a44f,CORPUS_DIRECT,,,KEEP_PENDING_RECONCILIATION,"Reconcile ID, authority and final target against corpus"
Sas-Executar/Maestr-Docs,GAP,GAP,.gitkeep,blob,SOURCE_PATH_OBSERVED_AUTHORITY_NOT_ASSESSED,10-business/04-financeiro/04-forecast/.gitkeep,10-business/04-financeiro/04-forecast/.gitkeep,,,main,48db71b13e8108479bcf1961a812c1785140a44f,CORPUS_DIRECT,,,KEEP_PENDING_RECONCILIATION,"Reconcile ID, authority and final target against corpus"
Sas-Executar/Maestr-Docs,GAP,GAP,.gitkeep,blob,SOURCE_PATH_OBSERVED_AUTHORITY_NOT_ASSESSED,10-business/05-roadmap/01-agendado/.gitkeep,10-business/05-roadmap/01-agendado/.gitkeep,,,main,48db71b13e8108479bcf1961a812c1785140a44f,CORPUS_DIRECT,,,KEEP_PENDING_RECONCILIATION,"Reconcile ID, authority and final target against corpus"
Sas-Executar/Maestr-Docs,GAP,GAP,.gitkeep,blob,SOURCE_PATH_OBSERVED_AUTHORITY_NOT_ASSESSED,10-business/05-roadmap/02-cursos/.gitkeep,10-business/05-roadmap/02-cursos/.gitkeep,,,main,48db71b13e8108479bcf1961a812c1785140a44f,CORPUS_DIRECT,,,KEEP_PENDING_RECONCILIATION,"Reconcile ID, authority and final target against corpus"
Sas-Executar/Maestr-Docs,GAP,GAP,.gitkeep,blob,SOURCE_PATH_OBSERVED_AUTHORITY_NOT_ASSESSED,10-business/05-roadmap/03-comunidade/.gitkeep,10-business/05-roadmap/03-comunidade/.gitkeep,,,main,48db71b13e8108479bcf1961a812c1785140a44f,CORPUS_DIRECT,,,KEEP_PENDING_RECONCILIATION,"Reconcile ID, authority and final target against corpus"
Sas-Executar/Maestr-Docs,GAP,GAP,.gitkeep,blob,SOURCE_PATH_OBSERVED_AUTHORITY_NOT_ASSESSED,10-business/05-roadmap/04-ong/.gitkeep,10-business/05-roadmap/04-ong/.gitkeep,,,main,48db71b13e8108479bcf1961a812c1785140a44f,CORPUS_DIRECT,,,KEEP_PENDING_RECONCILIATION,"Reconcile ID, authority and final target against corpus"
Sas-Executar/Maestr-Docs,GAP,GAP,.gitkeep,blob,SOURCE_PATH_OBSERVED_AUTHORITY_NOT_ASSESSED,10-business/05-roadmap/2026-08/.gitkeep,10-business/05-roadmap/2026-08/.gitkeep,,,main,48db71b13e8108479bcf1961a812c1785140a44f,CORPUS_DIRECT,,,KEEP_PENDING_RECONCILIATION,"Reconcile ID, authority and final target against corpus"
Sas-Executar/Maestr-Docs,GAP,GAP,.gitkeep,blob,SOURCE_PATH_OBSERVED_AUTHORITY_NOT_ASSESSED,10-business/05-roadmap/2026-09/.gitkeep,10-business/05-roadmap/2026-09/.gitkeep,,,main,48db71b13e8108479bcf1961a812c1785140a44f,CORPUS_DIRECT,,,KEEP_PENDING_RECONCILIATION,"Reconcile ID, authority and final target against corpus"
Sas-Executar/Maestr-Docs,GAP,GAP,.gitkeep,blob,SOURCE_PATH_OBSERVED_AUTHORITY_NOT_ASSESSED,10-business/05-roadmap/2026-10/.gitkeep,10-business/05-roadmap/2026-10/.gitkeep,,,main,48db71b13e8108479bcf1961a812c1785140a44f,CORPUS_DIRECT,,,KEEP_PENDING_RECONCILIATION,"Reconcile ID, authority and final target against corpus"
Sas-Executar/Maestr-Docs,GAP,GAP,.gitkeep,blob,SOURCE_PATH_OBSERVED_AUTHORITY_NOT_ASSESSED,10-business/06-parcerias/.gitkeep,10-business/06-parcerias/.gitkeep,,,main,48db71b13e8108479bcf1961a812c1785140a44f,CORPUS_DIRECT,,,KEEP_PENDING_RECONCILIATION,"Reconcile ID, authority and final target against corpus"
Sas-Executar/Maestr-Docs,GAP,GAP,.gitkeep,blob,SOURCE_PATH_OBSERVED_AUTHORITY_NOT_ASSESSED,10-business/07-decisoes/.gitkeep,10-business/07-decisoes/.gitkeep,,,main,48db71b13e8108479bcf1961a812c1785140a44f,CORPUS_DIRECT,,,KEEP_PENDING_RECONCILIATION,"Reconcile ID, authority and final target against corpus"
Sas-Executar/Maestr-Docs,GAP,GAP,.gitkeep,blob,SOURCE_PATH_OBSERVED_AUTHORITY_NOT_ASSESSED,10-business/08-evidencias/.gitkeep,10-business/08-evidencias/.gitkeep,,,main,48db71b13e8108479bcf1961a812c1785140a44f,CORPUS_DIRECT,,,KEEP_PENDING_RECONCILIATION,"Reconcile ID, authority and final target against corpus"
Sas-Executar/Maestr-Docs,GAP,GAP,10-business.md,blob,SOURCE_PATH_OBSERVED_AUTHORITY_NOT_ASSESSED,10-business/10-business.md,10-business/10-business.md,,,main,48db71b13e8108479bcf1961a812c1785140a44f,CORPUS_DIRECT,,,KEEP_PENDING_RECONCILIATION,"Reconcile ID, authority and final target against corpus"
Sas-Executar/Maestr-Docs,GAP,GAP,.gitkeep,blob,SOURCE_PATH_OBSERVED_AUTHORITY_NOT_ASSESSED,20-produtos/10-executar-app/01-product/01-prd/.gitkeep,20-produtos/10-executar-app/01-product/01-prd/.gitkeep,,,main,48db71b13e8108479bcf1961a812c1785140a44f,CORPUS_DIRECT,,,KEEP_PENDING_RECONCILIATION,"Reconcile ID, authority and final target against corpus"
Sas-Executar/Maestr-Docs,GAP,GAP,.gitkeep,blob,SOURCE_PATH_OBSERVED_AUTHORITY_NOT_ASSESSED,20-produtos/10-executar-app/01-product/02-requisitos/.gitkeep,20-produtos/10-executar-app/01-product/02-requisitos/.gitkeep,,,main,48db71b13e8108479bcf1961a812c1785140a44f,CORPUS_DIRECT,,,KEEP_PENDING_RECONCILIATION,"Reconcile ID, authority and final target against corpus"
Sas-Executar/Maestr-Docs,GAP,GAP,.gitkeep,blob,SOURCE_PATH_OBSERVED_AUTHORITY_NOT_ASSESSED,20-produtos/10-executar-app/01-product/03-roadmap/.gitkeep,20-produtos/10-executar-app/01-product/03-roadmap/.gitkeep,,,main,48db71b13e8108479bcf1961a812c1785140a44f,CORPUS_DIRECT,,,KEEP_PENDING_RECONCILIATION,"Reconcile ID, authority and final target against corpus"
Sas-Executar/Maestr-Docs,GAP,GAP,.gitkeep,blob,SOURCE_PATH_OBSERVED_AUTHORITY_NOT_ASSESSED,20-produtos/10-executar-app/02-research/01-benchmark/.gitkeep,20-produtos/10-executar-app/02-research/01-benchmark/.gitkeep,,,main,48db71b13e8108479bcf1961a812c1785140a44f,CORPUS_DIRECT,,,KEEP_PENDING_RECONCILIATION,"Reconcile ID, authority and final target against corpus"
Sas-Executar/Maestr-Docs,GAP,GAP,.gitkeep,blob,SOURCE_PATH_OBSERVED_AUTHORITY_NOT_ASSESSED,20-produtos/10-executar-app/02-research/02-neurodivergencia/.gitkeep,20-produtos/10-executar-app/02-research/02-neurodivergencia/.gitkeep,,,main,48db71b13e8108479bcf1961a812c1785140a44f,CORPUS_DIRECT,,,KEEP_PENDING_RECONCILIATION,"Reconcile ID, authority and final target against corpus"
Sas-Executar/Maestr-Docs,GAP,GAP,.gitkeep,blob,SOURCE_PATH_OBSERVED_AUTHORITY_NOT_ASSESSED,20-produtos/10-executar-app/02-research/03-metodologias/.gitkeep,20-produtos/10-executar-app/02-research/03-metodologias/.gitkeep,,,main,48db71b13e8108479bcf1961a812c1785140a44f,CORPUS_DIRECT,,,KEEP_PENDING_RECONCILIATION,"Reconcile ID, authority and final target against corpus"
Sas-Executar/Maestr-Docs,GAP,GAP,.gitkeep,blob,SOURCE_PATH_OBSERVED_AUTHORITY_NOT_ASSESSED,20-produtos/10-executar-app/02-research/04-protocolos/.gitkeep,20-produtos/10-executar-app/02-research/04-protocolos/.gitkeep,,,main,48db71b13e8108479bcf1961a812c1785140a44f,CORPUS_DIRECT,,,KEEP_PENDING_RECONCILIATION,"Reconcile ID, authority and final target against corpus"
Sas-Executar/Maestr-Docs,GAP,GAP,.gitkeep,blob,SOURCE_PATH_OBSERVED_AUTHORITY_NOT_ASSESSED,20-produtos/10-executar-app/02-research/05-knowledge-base/.gitkeep,20-produtos/10-executar-app/02-research/05-knowledge-base/.gitkeep,,,main,48db71b13e8108479bcf1961a812c1785140a44f,CORPUS_DIRECT,,,KEEP_PENDING_RECONCILIATION,"Reconcile ID, authority and final target against corpus"
Sas-Executar/Maestr-Docs,GAP,GAP,.gitkeep,blob,SOURCE_PATH_OBSERVED_AUTHORITY_NOT_ASSESSED,20-produtos/10-executar-app/03-design/01-design-system/.gitkeep,20-produtos/10-executar-app/03-design/01-design-system/.gitkeep,,,main,48db71b13e8108479bcf1961a812c1785140a44f,CORPUS_DIRECT,,,KEEP_PENDING_RECONCILIATION,"Reconcile ID, authority and final target against corpus"
Sas-Executar/Maestr-Docs,GAP,GAP,.gitkeep,blob,SOURCE_PATH_OBSERVED_AUTHORITY_NOT_ASSESSED,20-produtos/10-executar-app/03-design/02-ux-ui/.gitkeep,20-produtos/10-executar-app/03-design/02-ux-ui/.gitkeep,,,main,48db71b13e8108479bcf1961a812c1785140a44f,CORPUS_DIRECT,,,KEEP_PENDING_RECONCILIATION,"Reconcile ID, authority and final target against corpus"
Sas-Executar/Maestr-Docs,GAP,GAP,.gitkeep,blob,SOURCE_PATH_OBSERVED_AUTHORITY_NOT_ASSESSED,20-produtos/10-executar-app/03-design/03-accessibility/.gitkeep,20-produtos/10-executar-app/03-design/03-accessibility/.gitkeep,,,main,48db71b13e8108479bcf1961a812c1785140a44f,CORPUS_DIRECT,,,KEEP_PENDING_RECONCILIATION,"Reconcile ID, authority and final target against corpus"
Sas-Executar/Maestr-Docs,GAP,GAP,.gitkeep,blob,SOURCE_PATH_OBSERVED_AUTHORITY_NOT_ASSESSED,20-produtos/10-executar-app/04-frontend/.gitkeep,20-produtos/10-executar-app/04-frontend/.gitkeep,,,main,48db71b13e8108479bcf1961a812c1785140a44f,CORPUS_DIRECT,,,KEEP_PENDING_RECONCILIATION,"Reconcile ID, authority and final target against corpus"
Sas-Executar/Maestr-Docs,GAP,GAP,.gitkeep,blob,SOURCE_PATH_OBSERVED_AUTHORITY_NOT_ASSESSED,20-produtos/10-executar-app/05-backend/.gitkeep,20-produtos/10-executar-app/05-backend/.gitkeep,,,main,48db71b13e8108479bcf1961a812c1785140a44f,CORPUS_DIRECT,,,KEEP_PENDING_RECONCILIATION,"Reconcile ID, authority and final target against corpus"
Sas-Executar/Maestr-Docs,GAP,GAP,.gitkeep,blob,SOURCE_PATH_OBSERVED_AUTHORITY_NOT_ASSESSED,20-produtos/10-executar-app/06-mcp/.gitkeep,20-produtos/10-executar-app/06-mcp/.gitkeep,,,main,48db71b13e8108479bcf1961a812c1785140a44f,CORPUS_DIRECT,,,KEEP_PENDING_RECONCILIATION,"Reconcile ID, authority and final target against corpus"
Sas-Executar/Maestr-Docs,GAP,GAP,.gitkeep,blob,SOURCE_PATH_OBSERVED_AUTHORITY_NOT_ASSESSED,20-produtos/10-executar-app/07-agents/01-agents-sdk/.gitkeep,20-produtos/10-executar-app/07-agents/01-agents-sdk/.gitkeep,,,main,48db71b13e8108479bcf1961a812c1785140a44f,CORPUS_DIRECT,,,KEEP_PENDING_RECONCILIATION,"Reconcile ID, authority and final target against corpus"
Sas-Executar/Maestr-Docs,GAP,GAP,.gitkeep,blob,SOURCE_PATH_OBSERVED_AUTHORITY_NOT_ASSESSED,20-produtos/10-executar-app/08-skills/.gitkeep,20-produtos/10-executar-app/08-skills/.gitkeep,,,main,48db71b13e8108479bcf1961a812c1785140a44f,CORPUS_DIRECT,,,KEEP_PENDING_RECONCILIATION,"Reconcile ID, authority and final target against corpus"
Sas-Executar/Maestr-Docs,GAP,GAP,.gitkeep,blob,SOURCE_PATH_OBSERVED_AUTHORITY_NOT_ASSESSED,20-produtos/10-executar-app/09-integrations/01-whatsapp/.gitkeep,20-produtos/10-executar-app/09-integrations/01-whatsapp/.gitkeep,,,main,48db71b13e8108479bcf1961a812c1785140a44f,CORPUS_DIRECT,,,KEEP_PENDING_RECONCILIATION,"Reconcile ID, authority and final target against corpus"
Sas-Executar/Maestr-Docs,GAP,GAP,.gitkeep,blob,SOURCE_PATH_OBSERVED_AUTHORITY_NOT_ASSESSED,20-produtos/10-executar-app/09-integrations/02-ios/.gitkeep,20-produtos/10-executar-app/09-integrations/02-ios/.gitkeep,,,main,48db71b13e8108479bcf1961a812c1785140a44f,CORPUS_DIRECT,,,KEEP_PENDING_RECONCILIATION,"Reconcile ID, authority and final target against corpus"
Sas-Executar/Maestr-Docs,GAP,GAP,.gitkeep,blob,SOURCE_PATH_OBSERVED_AUTHORITY_NOT_ASSESSED,20-produtos/10-executar-app/09-integrations/03-android/.gitkeep,20-produtos/10-executar-app/09-integrations/03-android/.gitkeep,,,main,48db71b13e8108479bcf1961a812c1785140a44f,CORPUS_DIRECT,,,KEEP_PENDING_RECONCILIATION,"Reconcile ID, authority and final target against corpus"
Sas-Executar/Maestr-Docs,GAP,GAP,.gitkeep,blob,SOURCE_PATH_OBSERVED_AUTHORITY_NOT_ASSESSED,20-produtos/10-executar-app/09-integrations/04-qr-code/.gitkeep,20-produtos/10-executar-app/09-integrations/04-qr-code/.gitkeep,,,main,48db71b13e8108479bcf1961a812c1785140a44f,CORPUS_DIRECT,,,KEEP_PENDING_RECONCILIATION,"Reconcile ID, authority and final target against corpus"
Sas-Executar/Maestr-Docs,GAP,GAP,.gitkeep,blob,SOURCE_PATH_OBSERVED_AUTHORITY_NOT_ASSESSED,20-produtos/10-executar-app/10-emitter/01-placeholders/.gitkeep,20-produtos/10-executar-app/10-emitter/01-placeholders/.gitkeep,,,main,48db71b13e8108479bcf1961a812c1785140a44f,CORPUS_DIRECT,,,KEEP_PENDING_RECONCILIATION,"Reconcile ID, authority and final target against corpus"
Sas-Executar/Maestr-Docs,GAP,GAP,.gitkeep,blob,SOURCE_PATH_OBSERVED_AUTHORITY_NOT_ASSESSED,20-produtos/10-executar-app/10-emitter/02-templates/.gitkeep,20-produtos/10-executar-app/10-emitter/02-templates/.gitkeep,,,main,48db71b13e8108479bcf1961a812c1785140a44f,CORPUS_DIRECT,,,KEEP_PENDING_RECONCILIATION,"Reconcile ID, authority and final target against corpus"
Sas-Executar/Maestr-Docs,GAP,GAP,.gitkeep,blob,SOURCE_PATH_OBSERVED_AUTHORITY_NOT_ASSESSED,20-produtos/10-executar-app/10-emitter/03-rendering-system/.gitkeep,20-produtos/10-executar-app/10-emitter/03-rendering-system/.gitkeep,,,main,48db71b13e8108479bcf1961a812c1785140a44f,CORPUS_DIRECT,,,KEEP_PENDING_RECONCILIATION,"Reconcile ID, authority and final target against corpus"
Sas-Executar/Maestr-Docs,GAP,GAP,.gitkeep,blob,SOURCE_PATH_OBSERVED_AUTHORITY_NOT_ASSESSED,20-produtos/10-executar-app/11-qa/01-testes-finais/.gitkeep,20-produtos/10-executar-app/11-qa/01-testes-finais/.gitkeep,,,main,48db71b13e8108479bcf1961a812c1785140a44f,CORPUS_DIRECT,,,KEEP_PENDING_RECONCILIATION,"Reconcile ID, authority and final target against corpus"
Sas-Executar/Maestr-Docs,GAP,GAP,.gitkeep,blob,SOURCE_PATH_OBSERVED_AUTHORITY_NOT_ASSESSED,20-produtos/10-executar-app/11-qa/02-refinamento-codigo/.gitkeep,20-produtos/10-executar-app/11-qa/02-refinamento-codigo/.gitkeep,,,main,48db71b13e8108479bcf1961a812c1785140a44f,CORPUS_DIRECT,,,KEEP_PENDING_RECONCILIATION,"Reconcile ID, authority and final target against corpus"
Sas-Executar/Maestr-Docs,GAP,GAP,.gitkeep,blob,SOURCE_PATH_OBSERVED_AUTHORITY_NOT_ASSESSED,20-produtos/10-executar-app/11-qa/03-protocolos/.gitkeep,20-produtos/10-executar-app/11-qa/03-protocolos/.gitkeep,,,main,48db71b13e8108479bcf1961a812c1785140a44f,CORPUS_DIRECT,,,KEEP_PENDING_RECONCILIATION,"Reconcile ID, authority and final target against corpus"
Sas-Executar/Maestr-Docs,GAP,GAP,.gitkeep,blob,SOURCE_PATH_OBSERVED_AUTHORITY_NOT_ASSESSED,20-produtos/10-executar-app/11-qa/04-fluxos-tela/.gitkeep,20-produtos/10-executar-app/11-qa/04-fluxos-tela/.gitkeep,,,main,48db71b13e8108479bcf1961a812c1785140a44f,CORPUS_DIRECT,,,KEEP_PENDING_RECONCILIATION,"Reconcile ID, authority and final target against corpus"
Sas-Executar/Maestr-Docs,GAP,GAP,.gitkeep,blob,SOURCE_PATH_OBSERVED_AUTHORITY_NOT_ASSESSED,20-produtos/10-executar-app/11-qa/05-regras-transversais/.gitkeep,20-produtos/10-executar-app/11-qa/05-regras-transversais/.gitkeep,,,main,48db71b13e8108479bcf1961a812c1785140a44f,CORPUS_DIRECT,,,KEEP_PENDING_RECONCILIATION,"Reconcile ID, authority and final target against corpus"
Sas-Executar/Maestr-Docs,GAP,GAP,.gitkeep,blob,SOURCE_PATH_OBSERVED_AUTHORITY_NOT_ASSESSED,20-produtos/10-executar-app/12-release/01-beta-users/.gitkeep,20-produtos/10-executar-app/12-release/01-beta-users/.gitkeep,,,main,48db71b13e8108479bcf1961a812c1785140a44f,CORPUS_DIRECT,,,KEEP_PENDING_RECONCILIATION,"Reconcile ID, authority and final target against corpus"
Sas-Executar/Maestr-Docs,GAP,GAP,.gitkeep,blob,SOURCE_PATH_OBSERVED_AUTHORITY_NOT_ASSESSED,20-produtos/10-executar-app/12-release/02-platform-submission/.gitkeep,20-produtos/10-executar-app/12-release/02-platform-submission/.gitkeep,,,main,48db71b13e8108479bcf1961a812c1785140a44f,CORPUS_DIRECT,,,KEEP_PENDING_RECONCILIATION,"Reconcile ID, authority and final target against corpus"
Sas-Executar/Maestr-Docs,GAP,GAP,.gitkeep,blob,SOURCE_PATH_OBSERVED_AUTHORITY_NOT_ASSESSED,20-produtos/10-executar-app/12-release/03-registros/.gitkeep,20-produtos/10-executar-app/12-release/03-registros/.gitkeep,,,main,48db71b13e8108479bcf1961a812c1785140a44f,CORPUS_DIRECT,,,KEEP_PENDING_RECONCILIATION,"Reconcile ID, authority and final target against corpus"
Sas-Executar/Maestr-Docs,GAP,GAP,.gitkeep,blob,SOURCE_PATH_OBSERVED_AUTHORITY_NOT_ASSESSED,20-produtos/10-executar-app/90-evidence/.gitkeep,20-produtos/10-executar-app/90-evidence/.gitkeep,,,main,48db71b13e8108479bcf1961a812c1785140a44f,CORPUS_DIRECT,,,KEEP_PENDING_RECONCILIATION,"Reconcile ID, authority and final target against corpus"
Sas-Executar/Maestr-Docs,GAP,GAP,.gitkeep,blob,SOURCE_PATH_OBSERVED_AUTHORITY_NOT_ASSESSED,20-produtos/20-produtos-fisicos/01-neurokit-agenda/.gitkeep,20-produtos/20-produtos-fisicos/01-neurokit-agenda/.gitkeep,,,main,48db71b13e8108479bcf1961a812c1785140a44f,CORPUS_DIRECT,,,KEEP_PENDING_RECONCILIATION,"Reconcile ID, authority and final target against corpus"
Sas-Executar/Maestr-Docs,GAP,GAP,.gitkeep,blob,SOURCE_PATH_OBSERVED_AUTHORITY_NOT_ASSESSED,20-produtos/20-produtos-fisicos/02-sprint-book/.gitkeep,20-produtos/20-produtos-fisicos/02-sprint-book/.gitkeep,,,main,48db71b13e8108479bcf1961a812c1785140a44f,CORPUS_DIRECT,,,KEEP_PENDING_RECONCILIATION,"Reconcile ID, authority and final target against corpus"
Sas-Executar/Maestr-Docs,GAP,GAP,.gitkeep,blob,SOURCE_PATH_OBSERVED_AUTHORITY_NOT_ASSESSED,20-produtos/20-produtos-fisicos/03-etiquetas/.gitkeep,20-produtos/20-produtos-fisicos/03-etiquetas/.gitkeep,,,main,48db71b13e8108479bcf1961a812c1785140a44f,CORPUS_DIRECT,,,KEEP_PENDING_RECONCILIATION,"Reconcile ID, authority and final target against corpus"
Sas-Executar/Maestr-Docs,GAP,GAP,.gitkeep,blob,SOURCE_PATH_OBSERVED_AUTHORITY_NOT_ASSESSED,20-produtos/20-produtos-fisicos/04-tdha-store/.gitkeep,20-produtos/20-produtos-fisicos/04-tdha-store/.gitkeep,,,main,48db71b13e8108479bcf1961a812c1785140a44f,CORPUS_DIRECT,,,KEEP_PENDING_RECONCILIATION,"Reconcile ID, authority and final target against corpus"
Sas-Executar/Maestr-Docs,GAP,GAP,.gitkeep,blob,SOURCE_PATH_OBSERVED_AUTHORITY_NOT_ASSESSED,20-produtos/20-produtos-fisicos/05-afiliados/.gitkeep,20-produtos/20-produtos-fisicos/05-afiliados/.gitkeep,,,main,48db71b13e8108479bcf1961a812c1785140a44f,CORPUS_DIRECT,,,KEEP_PENDING_RECONCILIATION,"Reconcile ID, authority and final target against corpus"
Sas-Executar/Maestr-Docs,GAP,GAP,.gitkeep,blob,SOURCE_PATH_OBSERVED_AUTHORITY_NOT_ASSESSED,20-produtos/20-produtos-fisicos/06-marketplace/.gitkeep,20-produtos/20-produtos-fisicos/06-marketplace/.gitkeep,,,main,48db71b13e8108479bcf1961a812c1785140a44f,CORPUS_DIRECT,,,KEEP_PENDING_RECONCILIATION,"Reconcile ID, authority and final target against corpus"
Sas-Executar/Maestr-Docs,GAP,GAP,20-produtos.md,blob,SOURCE_PATH_OBSERVED_AUTHORITY_NOT_ASSESSED,20-produtos/20-produtos.md,20-produtos/20-produtos.md,,,main,48db71b13e8108479bcf1961a812c1785140a44f,CORPUS_DIRECT,,,KEEP_PENDING_RECONCILIATION,"Reconcile ID, authority and final target against corpus"
Sas-Executar/Maestr-Docs,GAP,GAP,.gitkeep,blob,SOURCE_PATH_OBSERVED_AUTHORITY_NOT_ASSESSED,20-produtos/30-infoprodutos/01-gerenciando-tdha-adulto/.gitkeep,20-produtos/30-infoprodutos/01-gerenciando-tdha-adulto/.gitkeep,,,main,48db71b13e8108479bcf1961a812c1785140a44f,CORPUS_DIRECT,,,KEEP_PENDING_RECONCILIATION,"Reconcile ID, authority and final target against corpus"
Sas-Executar/Maestr-Docs,GAP,GAP,.gitkeep,blob,SOURCE_PATH_OBSERVED_AUTHORITY_NOT_ASSESSED,20-produtos/30-infoprodutos/02-work-os-neurodivergente/.gitkeep,20-produtos/30-infoprodutos/02-work-os-neurodivergente/.gitkeep,,,main,48db71b13e8108479bcf1961a812c1785140a44f,CORPUS_DIRECT,,,KEEP_PENDING_RECONCILIATION,"Reconcile ID, authority and final target against corpus"
Sas-Executar/Maestr-Docs,GAP,GAP,.gitkeep,blob,SOURCE_PATH_OBSERVED_AUTHORITY_NOT_ASSESSED,20-produtos/30-infoprodutos/03-tdha-risk-management/.gitkeep,20-produtos/30-infoprodutos/03-tdha-risk-management/.gitkeep,,,main,48db71b13e8108479bcf1961a812c1785140a44f,CORPUS_DIRECT,,,KEEP_PENDING_RECONCILIATION,"Reconcile ID, authority and final target against corpus"
Sas-Executar/Maestr-Docs,GAP,GAP,.gitkeep,blob,SOURCE_PATH_OBSERVED_AUTHORITY_NOT_ASSESSED,20-produtos/30-infoprodutos/04-vencendo-tdha-adulto-kids/.gitkeep,20-produtos/30-infoprodutos/04-vencendo-tdha-adulto-kids/.gitkeep,,,main,48db71b13e8108479bcf1961a812c1785140a44f,CORPUS_DIRECT,,,KEEP_PENDING_RECONCILIATION,"Reconcile ID, authority and final target against corpus"
Sas-Executar/Maestr-Docs,GAP,GAP,.gitkeep,blob,SOURCE_PATH_OBSERVED_AUTHORITY_NOT_ASSESSED,20-produtos/30-infoprodutos/05-vencendo-tdha-adulto-tutorial/.gitkeep,20-produtos/30-infoprodutos/05-vencendo-tdha-adulto-tutorial/.gitkeep,,,main,48db71b13e8108479bcf1961a812c1785140a44f,CORPUS_DIRECT,,,KEEP_PENDING_RECONCILIATION,"Reconcile ID, authority and final target against corpus"
Sas-Executar/Maestr-Docs,GAP,GAP,.gitkeep,blob,SOURCE_PATH_OBSERVED_AUTHORITY_NOT_ASSESSED,30-editorial-marketing/01-blog/01-pautas/.gitkeep,30-editorial-marketing/01-blog/01-pautas/.gitkeep,,,main,48db71b13e8108479bcf1961a812c1785140a44f,CORPUS_DIRECT,,,KEEP_PENDING_RECONCILIATION,"Reconcile ID, authority and final target against corpus"
Sas-Executar/Maestr-Docs,GAP,GAP,.gitkeep,blob,SOURCE_PATH_OBSERVED_AUTHORITY_NOT_ASSESSED,30-editorial-marketing/01-blog/02-artigos/.gitkeep,30-editorial-marketing/01-blog/02-artigos/.gitkeep,,,main,48db71b13e8108479bcf1961a812c1785140a44f,CORPUS_DIRECT,,,KEEP_PENDING_RECONCILIATION,"Reconcile ID, authority and final target against corpus"
Sas-Executar/Maestr-Docs,GAP,GAP,.gitkeep,blob,SOURCE_PATH_OBSERVED_AUTHORITY_NOT_ASSESSED,30-editorial-marketing/01-blog/03-publicados/.gitkeep,30-editorial-marketing/01-blog/03-publicados/.gitkeep,,,main,48db71b13e8108479bcf1961a812c1785140a44f,CORPUS_DIRECT,,,KEEP_PENDING_RECONCILIATION,"Reconcile ID, authority and final target against corpus"
Sas-Executar/Maestr-Docs,GAP,GAP,.gitkeep,blob,SOURCE_PATH_OBSERVED_AUTHORITY_NOT_ASSESSED,30-editorial-marketing/01-blog/99-arquivados/.gitkeep,30-editorial-marketing/01-blog/99-arquivados/.gitkeep,,,main,48db71b13e8108479bcf1961a812c1785140a44f,CORPUS_DIRECT,,,KEEP_PENDING_RECONCILIATION,"Reconcile ID, authority and final target against corpus"
Sas-Executar/Maestr-Docs,GAP,GAP,.gitkeep,blob,SOURCE_PATH_OBSERVED_AUTHORITY_NOT_ASSESSED,30-editorial-marketing/02-campanhas/01-tdha-gestao-projetos/01-brief/.gitkeep,30-editorial-marketing/02-campanhas/01-tdha-gestao-projetos/01-brief/.gitkeep,,,main,48db71b13e8108479bcf1961a812c1785140a44f,CORPUS_DIRECT,,,KEEP_PENDING_RECONCILIATION,"Reconcile ID, authority and final target against corpus"
Sas-Executar/Maestr-Docs,GAP,GAP,.gitkeep,blob,SOURCE_PATH_OBSERVED_AUTHORITY_NOT_ASSESSED,30-editorial-marketing/02-campanhas/01-tdha-gestao-projetos/02-research/.gitkeep,30-editorial-marketing/02-campanhas/01-tdha-gestao-projetos/02-research/.gitkeep,,,main,48db71b13e8108479bcf1961a812c1785140a44f,CORPUS_DIRECT,,,KEEP_PENDING_RECONCILIATION,"Reconcile ID, authority and final target against corpus"
Sas-Executar/Maestr-Docs,GAP,GAP,.gitkeep,blob,SOURCE_PATH_OBSERVED_AUTHORITY_NOT_ASSESSED,30-editorial-marketing/02-campanhas/01-tdha-gestao-projetos/03-copy/.gitkeep,30-editorial-marketing/02-campanhas/01-tdha-gestao-projetos/03-copy/.gitkeep,,,main,48db71b13e8108479bcf1961a812c1785140a44f,CORPUS_DIRECT,,,KEEP_PENDING_RECONCILIATION,"Reconcile ID, authority and final target against corpus"
Sas-Executar/Maestr-Docs,GAP,GAP,.gitkeep,blob,SOURCE_PATH_OBSERVED_AUTHORITY_NOT_ASSESSED,30-editorial-marketing/02-campanhas/01-tdha-gestao-projetos/04-assets/.gitkeep,30-editorial-marketing/02-campanhas/01-tdha-gestao-projetos/04-assets/.gitkeep,,,main,48db71b13e8108479bcf1961a812c1785140a44f,CORPUS_DIRECT,,,KEEP_PENDING_RECONCILIATION,"Reconcile ID, authority and final target against corpus"
Sas-Executar/Maestr-Docs,GAP,GAP,.gitkeep,blob,SOURCE_PATH_OBSERVED_AUTHORITY_NOT_ASSESSED,30-editorial-marketing/02-campanhas/01-tdha-gestao-projetos/05-social/.gitkeep,30-editorial-marketing/02-campanhas/01-tdha-gestao-projetos/05-social/.gitkeep,,,main,48db71b13e8108479bcf1961a812c1785140a44f,CORPUS_DIRECT,,,KEEP_PENDING_RECONCILIATION,"Reconcile ID, authority and final target against corpus"
Sas-Executar/Maestr-Docs,GAP,GAP,.gitkeep,blob,SOURCE_PATH_OBSERVED_AUTHORITY_NOT_ASSESSED,30-editorial-marketing/02-campanhas/01-tdha-gestao-projetos/06-evidence/.gitkeep,30-editorial-marketing/02-campanhas/01-tdha-gestao-projetos/06-evidence/.gitkeep,,,main,48db71b13e8108479bcf1961a812c1785140a44f,CORPUS_DIRECT,,,KEEP_PENDING_RECONCILIATION,"Reconcile ID, authority and final target against corpus"
Sas-Executar/Maestr-Docs,GAP,GAP,.gitkeep,blob,SOURCE_PATH_OBSERVED_AUTHORITY_NOT_ASSESSED,30-editorial-marketing/03-social/01-x/.gitkeep,30-editorial-marketing/03-social/01-x/.gitkeep,,,main,48db71b13e8108479bcf1961a812c1785140a44f,CORPUS_DIRECT,,,KEEP_PENDING_RECONCILIATION,"Reconcile ID, authority and final target against corpus"
Sas-Executar/Maestr-Docs,GAP,GAP,.gitkeep,blob,SOURCE_PATH_OBSERVED_AUTHORITY_NOT_ASSESSED,30-editorial-marketing/03-social/02-instagram/.gitkeep,30-editorial-marketing/03-social/02-instagram/.gitkeep,,,main,48db71b13e8108479bcf1961a812c1785140a44f,CORPUS_DIRECT,,,KEEP_PENDING_RECONCILIATION,"Reconcile ID, authority and final target against corpus"
Sas-Executar/Maestr-Docs,GAP,GAP,.gitkeep,blob,SOURCE_PATH_OBSERVED_AUTHORITY_NOT_ASSESSED,30-editorial-marketing/03-social/03-linkedin/.gitkeep,30-editorial-marketing/03-social/03-linkedin/.gitkeep,,,main,48db71b13e8108479bcf1961a812c1785140a44f,CORPUS_DIRECT,,,KEEP_PENDING_RECONCILIATION,"Reconcile ID, authority and final target against corpus"
Sas-Executar/Maestr-Docs,GAP,GAP,.gitkeep,blob,SOURCE_PATH_OBSERVED_AUTHORITY_NOT_ASSESSED,30-editorial-marketing/03-social/04-tiktok/.gitkeep,30-editorial-marketing/03-social/04-tiktok/.gitkeep,,,main,48db71b13e8108479bcf1961a812c1785140a44f,CORPUS_DIRECT,,,KEEP_PENDING_RECONCILIATION,"Reconcile ID, authority and final target against corpus"
Sas-Executar/Maestr-Docs,GAP,GAP,.gitkeep,blob,SOURCE_PATH_OBSERVED_AUTHORITY_NOT_ASSESSED,30-editorial-marketing/04-assets/01-visual/.gitkeep,30-editorial-marketing/04-assets/01-visual/.gitkeep,,,main,48db71b13e8108479bcf1961a812c1785140a44f,CORPUS_DIRECT,,,KEEP_PENDING_RECONCILIATION,"Reconcile ID, authority and final target against corpus"
Sas-Executar/Maestr-Docs,GAP,GAP,.gitkeep,blob,SOURCE_PATH_OBSERVED_AUTHORITY_NOT_ASSESSED,30-editorial-marketing/04-assets/02-video/.gitkeep,30-editorial-marketing/04-assets/02-video/.gitkeep,,,main,48db71b13e8108479bcf1961a812c1785140a44f,CORPUS_DIRECT,,,KEEP_PENDING_RECONCILIATION,"Reconcile ID, authority and final target against corpus"
Sas-Executar/Maestr-Docs,GAP,GAP,.gitkeep,blob,SOURCE_PATH_OBSERVED_AUTHORITY_NOT_ASSESSED,30-editorial-marketing/04-assets/03-audio/.gitkeep,30-editorial-marketing/04-assets/03-audio/.gitkeep,,,main,48db71b13e8108479bcf1961a812c1785140a44f,CORPUS_DIRECT,,,KEEP_PENDING_RECONCILIATION,"Reconcile ID, authority and final target against corpus"
Sas-Executar/Maestr-Docs,GAP,GAP,.gitkeep,blob,SOURCE_PATH_OBSERVED_AUTHORITY_NOT_ASSESSED,30-editorial-marketing/05-cta/.gitkeep,30-editorial-marketing/05-cta/.gitkeep,,,main,48db71b13e8108479bcf1961a812c1785140a44f,CORPUS_DIRECT,,,KEEP_PENDING_RECONCILIATION,"Reconcile ID, authority and final target against corpus"
Sas-Executar/Maestr-Docs,GAP,GAP,.gitkeep,blob,SOURCE_PATH_OBSERVED_AUTHORITY_NOT_ASSESSED,30-editorial-marketing/06-brindes/.gitkeep,30-editorial-marketing/06-brindes/.gitkeep,,,main,48db71b13e8108479bcf1961a812c1785140a44f,CORPUS_DIRECT,,,KEEP_PENDING_RECONCILIATION,"Reconcile ID, authority and final target against corpus"
Sas-Executar/Maestr-Docs,GAP,GAP,.gitkeep,blob,SOURCE_PATH_OBSERVED_AUTHORITY_NOT_ASSESSED,30-editorial-marketing/07-buffer/.gitkeep,30-editorial-marketing/07-buffer/.gitkeep,,,main,48db71b13e8108479bcf1961a812c1785140a44f,CORPUS_DIRECT,,,KEEP_PENDING_RECONCILIATION,"Reconcile ID, authority and final target against corpus"
Sas-Executar/Maestr-Docs,GAP,GAP,.gitkeep,blob,SOURCE_PATH_OBSERVED_AUTHORITY_NOT_ASSESSED,30-editorial-marketing/08-skills-assets/.gitkeep,30-editorial-marketing/08-skills-assets/.gitkeep,,,main,48db71b13e8108479bcf1961a812c1785140a44f,CORPUS_DIRECT,,,KEEP_PENDING_RECONCILIATION,"Reconcile ID, authority and final target against corpus"
Sas-Executar/Maestr-Docs,GAP,GAP,30-editorial-marketing.md,blob,SOURCE_PATH_OBSERVED_AUTHORITY_NOT_ASSESSED,30-editorial-marketing/30-editorial-marketing.md,30-editorial-marketing/30-editorial-marketing.md,,,main,48db71b13e8108479bcf1961a812c1785140a44f,CORPUS_DIRECT,,,KEEP_PENDING_RECONCILIATION,"Reconcile ID, authority and final target against corpus"
Sas-Executar/Maestr-Docs,GAP,GAP,.gitkeep,blob,SOURCE_PATH_OBSERVED_AUTHORITY_NOT_ASSESSED,40-comercial-servicos/01-showroom/01-videos/.gitkeep,40-comercial-servicos/01-showroom/01-videos/.gitkeep,,,main,48db71b13e8108479bcf1961a812c1785140a44f,CORPUS_DIRECT,,,KEEP_PENDING_RECONCILIATION,"Reconcile ID, authority and final target against corpus"
Sas-Executar/Maestr-Docs,GAP,GAP,.gitkeep,blob,SOURCE_PATH_OBSERVED_AUTHORITY_NOT_ASSESSED,40-comercial-servicos/01-showroom/02-antes-depois/.gitkeep,40-comercial-servicos/01-showroom/02-antes-depois/.gitkeep,,,main,48db71b13e8108479bcf1961a812c1785140a44f,CORPUS_DIRECT,,,KEEP_PENDING_RECONCILIATION,"Reconcile ID, authority and final target against corpus"
Sas-Executar/Maestr-Docs,GAP,GAP,.gitkeep,blob,SOURCE_PATH_OBSERVED_AUTHORITY_NOT_ASSESSED,40-comercial-servicos/01-showroom/03-comparativos-visuais/.gitkeep,40-comercial-servicos/01-showroom/03-comparativos-visuais/.gitkeep,,,main,48db71b13e8108479bcf1961a812c1785140a44f,CORPUS_DIRECT,,,KEEP_PENDING_RECONCILIATION,"Reconcile ID, authority and final target against corpus"
Sas-Executar/Maestr-Docs,GAP,GAP,.gitkeep,blob,SOURCE_PATH_OBSERVED_AUTHORITY_NOT_ASSESSED,40-comercial-servicos/02-consultoria/01-benchmark/.gitkeep,40-comercial-servicos/02-consultoria/01-benchmark/.gitkeep,,,main,48db71b13e8108479bcf1961a812c1785140a44f,CORPUS_DIRECT,,,KEEP_PENDING_RECONCILIATION,"Reconcile ID, authority and final target against corpus"
Sas-Executar/Maestr-Docs,GAP,GAP,.gitkeep,blob,SOURCE_PATH_OBSERVED_AUTHORITY_NOT_ASSESSED,40-comercial-servicos/02-consultoria/02-definicao-servicos/.gitkeep,40-comercial-servicos/02-consultoria/02-definicao-servicos/.gitkeep,,,main,48db71b13e8108479bcf1961a812c1785140a44f,CORPUS_DIRECT,,,KEEP_PENDING_RECONCILIATION,"Reconcile ID, authority and final target against corpus"
Sas-Executar/Maestr-Docs,GAP,GAP,.gitkeep,blob,SOURCE_PATH_OBSERVED_AUTHORITY_NOT_ASSESSED,40-comercial-servicos/02-consultoria/03-showroom/.gitkeep,40-comercial-servicos/02-consultoria/03-showroom/.gitkeep,,,main,48db71b13e8108479bcf1961a812c1785140a44f,CORPUS_DIRECT,,,KEEP_PENDING_RECONCILIATION,"Reconcile ID, authority and final target against corpus"
Sas-Executar/Maestr-Docs,GAP,GAP,.gitkeep,blob,SOURCE_PATH_OBSERVED_AUTHORITY_NOT_ASSESSED,40-comercial-servicos/03-work-os/01-ofertas/.gitkeep,40-comercial-servicos/03-work-os/01-ofertas/.gitkeep,,,main,48db71b13e8108479bcf1961a812c1785140a44f,CORPUS_DIRECT,,,KEEP_PENDING_RECONCILIATION,"Reconcile ID, authority and final target against corpus"
Sas-Executar/Maestr-Docs,GAP,GAP,.gitkeep,blob,SOURCE_PATH_OBSERVED_AUTHORITY_NOT_ASSESSED,40-comercial-servicos/03-work-os/02-diagnosticos/.gitkeep,40-comercial-servicos/03-work-os/02-diagnosticos/.gitkeep,,,main,48db71b13e8108479bcf1961a812c1785140a44f,CORPUS_DIRECT,,,KEEP_PENDING_RECONCILIATION,"Reconcile ID, authority and final target against corpus"
Sas-Executar/Maestr-Docs,GAP,GAP,.gitkeep,blob,SOURCE_PATH_OBSERVED_AUTHORITY_NOT_ASSESSED,40-comercial-servicos/03-work-os/03-entregas/.gitkeep,40-comercial-servicos/03-work-os/03-entregas/.gitkeep,,,main,48db71b13e8108479bcf1961a812c1785140a44f,CORPUS_DIRECT,,,KEEP_PENDING_RECONCILIATION,"Reconcile ID, authority and final target against corpus"
Sas-Executar/Maestr-Docs,GAP,GAP,.gitkeep,blob,SOURCE_PATH_OBSERVED_AUTHORITY_NOT_ASSESSED,40-comercial-servicos/04-propostas/.gitkeep,40-comercial-servicos/04-propostas/.gitkeep,,,main,48db71b13e8108479bcf1961a812c1785140a44f,CORPUS_DIRECT,,,KEEP_PENDING_RECONCILIATION,"Reconcile ID, authority and final target against corpus"
Sas-Executar/Maestr-Docs,GAP,GAP,.gitkeep,blob,SOURCE_PATH_OBSERVED_AUTHORITY_NOT_ASSESSED,40-comercial-servicos/05-clientes/.gitkeep,40-comercial-servicos/05-clientes/.gitkeep,,,main,48db71b13e8108479bcf1961a812c1785140a44f,CORPUS_DIRECT,,,KEEP_PENDING_RECONCILIATION,"Reconcile ID, authority and final target against corpus"
Sas-Executar/Maestr-Docs,GAP,GAP,40-comercial-servicos.md,blob,SOURCE_PATH_OBSERVED_AUTHORITY_NOT_ASSESSED,40-comercial-servicos/40-comercial-servicos.md,40-comercial-servicos/40-comercial-servicos.md,,,main,48db71b13e8108479bcf1961a812c1785140a44f,CORPUS_DIRECT,,,KEEP_PENDING_RECONCILIATION,"Reconcile ID, authority and final target against corpus"
Sas-Executar/Maestr-Docs,GAP,GAP,.gitkeep,blob,SOURCE_PATH_OBSERVED_AUTHORITY_NOT_ASSESSED,50-portfolio-carreira/01-portfolio/01-case-studies/.gitkeep,50-portfolio-carreira/01-portfolio/01-case-studies/.gitkeep,,,main,48db71b13e8108479bcf1961a812c1785140a44f,CORPUS_DIRECT,,,KEEP_PENDING_RECONCILIATION,"Reconcile ID, authority and final target against corpus"
Sas-Executar/Maestr-Docs,GAP,GAP,.gitkeep,blob,SOURCE_PATH_OBSERVED_AUTHORITY_NOT_ASSESSED,50-portfolio-carreira/01-portfolio/02-visuais/.gitkeep,50-portfolio-carreira/01-portfolio/02-visuais/.gitkeep,,,main,48db71b13e8108479bcf1961a812c1785140a44f,CORPUS_DIRECT,,,KEEP_PENDING_RECONCILIATION,"Reconcile ID, authority and final target against corpus"
Sas-Executar/Maestr-Docs,GAP,GAP,.gitkeep,blob,SOURCE_PATH_OBSERVED_AUTHORITY_NOT_ASSESSED,50-portfolio-carreira/02-linkedin/.gitkeep,50-portfolio-carreira/02-linkedin/.gitkeep,,,main,48db71b13e8108479bcf1961a812c1785140a44f,CORPUS_DIRECT,,,KEEP_PENDING_RECONCILIATION,"Reconcile ID, authority and final target against corpus"
Sas-Executar/Maestr-Docs,GAP,GAP,.gitkeep,blob,SOURCE_PATH_OBSERVED_AUTHORITY_NOT_ASSESSED,50-portfolio-carreira/03-github/.gitkeep,50-portfolio-carreira/03-github/.gitkeep,,,main,48db71b13e8108479bcf1961a812c1785140a44f,CORPUS_DIRECT,,,KEEP_PENDING_RECONCILIATION,"Reconcile ID, authority and final target against corpus"
Sas-Executar/Maestr-Docs,GAP,GAP,.gitkeep,blob,SOURCE_PATH_OBSERVED_AUTHORITY_NOT_ASSESSED,50-portfolio-carreira/04-vagas/01-aplicacoes/.gitkeep,50-portfolio-carreira/04-vagas/01-aplicacoes/.gitkeep,,,main,48db71b13e8108479bcf1961a812c1785140a44f,CORPUS_DIRECT,,,KEEP_PENDING_RECONCILIATION,"Reconcile ID, authority and final target against corpus"
Sas-Executar/Maestr-Docs,GAP,GAP,.gitkeep,blob,SOURCE_PATH_OBSERVED_AUTHORITY_NOT_ASSESSED,50-portfolio-carreira/04-vagas/02-cv/.gitkeep,50-portfolio-carreira/04-vagas/02-cv/.gitkeep,,,main,48db71b13e8108479bcf1961a812c1785140a44f,CORPUS_DIRECT,,,KEEP_PENDING_RECONCILIATION,"Reconcile ID, authority and final target against corpus"
Sas-Executar/Maestr-Docs,GAP,GAP,.gitkeep,blob,SOURCE_PATH_OBSERVED_AUTHORITY_NOT_ASSESSED,50-portfolio-carreira/04-vagas/03-cartas/.gitkeep,50-portfolio-carreira/04-vagas/03-cartas/.gitkeep,,,main,48db71b13e8108479bcf1961a812c1785140a44f,CORPUS_DIRECT,,,KEEP_PENDING_RECONCILIATION,"Reconcile ID, authority and final target against corpus"
Sas-Executar/Maestr-Docs,GAP,GAP,.gitkeep,blob,SOURCE_PATH_OBSERVED_AUTHORITY_NOT_ASSESSED,50-portfolio-carreira/05-case-studies/01-plano-operacional-rastreavel/.gitkeep,50-portfolio-carreira/05-case-studies/01-plano-operacional-rastreavel/.gitkeep,,,main,48db71b13e8108479bcf1961a812c1785140a44f,CORPUS_DIRECT,,,KEEP_PENDING_RECONCILIATION,"Reconcile ID, authority and final target against corpus"
Sas-Executar/Maestr-Docs,GAP,GAP,.gitkeep,blob,SOURCE_PATH_OBSERVED_AUTHORITY_NOT_ASSESSED,50-portfolio-carreira/05-case-studies/02-clean-sea/.gitkeep,50-portfolio-carreira/05-case-studies/02-clean-sea/.gitkeep,,,main,48db71b13e8108479bcf1961a812c1785140a44f,CORPUS_DIRECT,,,KEEP_PENDING_RECONCILIATION,"Reconcile ID, authority and final target against corpus"
Sas-Executar/Maestr-Docs,GAP,GAP,.gitkeep,blob,SOURCE_PATH_OBSERVED_AUTHORITY_NOT_ASSESSED,50-portfolio-carreira/06-tecnologia/01-apps/.gitkeep,50-portfolio-carreira/06-tecnologia/01-apps/.gitkeep,,,main,48db71b13e8108479bcf1961a812c1785140a44f,CORPUS_DIRECT,,,KEEP_PENDING_RECONCILIATION,"Reconcile ID, authority and final target against corpus"
Sas-Executar/Maestr-Docs,GAP,GAP,.gitkeep,blob,SOURCE_PATH_OBSERVED_AUTHORITY_NOT_ASSESSED,50-portfolio-carreira/06-tecnologia/02-mcp/.gitkeep,50-portfolio-carreira/06-tecnologia/02-mcp/.gitkeep,,,main,48db71b13e8108479bcf1961a812c1785140a44f,CORPUS_DIRECT,,,KEEP_PENDING_RECONCILIATION,"Reconcile ID, authority and final target against corpus"
Sas-Executar/Maestr-Docs,GAP,GAP,.gitkeep,blob,SOURCE_PATH_OBSERVED_AUTHORITY_NOT_ASSESSED,50-portfolio-carreira/06-tecnologia/03-agents/.gitkeep,50-portfolio-carreira/06-tecnologia/03-agents/.gitkeep,,,main,48db71b13e8108479bcf1961a812c1785140a44f,CORPUS_DIRECT,,,KEEP_PENDING_RECONCILIATION,"Reconcile ID, authority and final target against corpus"
Sas-Executar/Maestr-Docs,GAP,GAP,.gitkeep,blob,SOURCE_PATH_OBSERVED_AUTHORITY_NOT_ASSESSED,50-portfolio-carreira/06-tecnologia/04-skills/.gitkeep,50-portfolio-carreira/06-tecnologia/04-skills/.gitkeep,,,main,48db71b13e8108479bcf1961a812c1785140a44f,CORPUS_DIRECT,,,KEEP_PENDING_RECONCILIATION,"Reconcile ID, authority and final target against corpus"
Sas-Executar/Maestr-Docs,GAP,GAP,.gitkeep,blob,SOURCE_PATH_OBSERVED_AUTHORITY_NOT_ASSESSED,50-portfolio-carreira/06-tecnologia/05-plugins/.gitkeep,50-portfolio-carreira/06-tecnologia/05-plugins/.gitkeep,,,main,48db71b13e8108479bcf1961a812c1785140a44f,CORPUS_DIRECT,,,KEEP_PENDING_RECONCILIATION,"Reconcile ID, authority and final target against corpus"
Sas-Executar/Maestr-Docs,GAP,GAP,50-portfolio-carreira.md,blob,SOURCE_PATH_OBSERVED_AUTHORITY_NOT_ASSESSED,50-portfolio-carreira/50-portfolio-carreira.md,50-portfolio-carreira/50-portfolio-carreira.md,,,main,48db71b13e8108479bcf1961a812c1785140a44f,CORPUS_DIRECT,,,KEEP_PENDING_RECONCILIATION,"Reconcile ID, authority and final target against corpus"
Sas-Executar/Maestr-Docs,GAP,GAP,FEATURES.md,blob,SOURCE_PATH_OBSERVED_AUTHORITY_NOT_ASSESSED,500-saas-mvp/01-product/FEATURES.md,500-saas-mvp/01-product/FEATURES.md,,,main,48db71b13e8108479bcf1961a812c1785140a44f,CORPUS_DIRECT,,,KEEP_PENDING_RECONCILIATION,"Reconcile ID, authority and final target against corpus"
Sas-Executar/Maestr-Docs,GAP,GAP,PRODUCT_BRIEF.md,blob,SOURCE_PATH_OBSERVED_AUTHORITY_NOT_ASSESSED,500-saas-mvp/01-product/PRODUCT_BRIEF.md,500-saas-mvp/01-product/PRODUCT_BRIEF.md,,,main,48db71b13e8108479bcf1961a812c1785140a44f,CORPUS_DIRECT,,,KEEP_PENDING_RECONCILIATION,"Reconcile ID, authority and final target against corpus"
Sas-Executar/Maestr-Docs,GAP,GAP,REQUIREMENTS.md,blob,SOURCE_PATH_OBSERVED_AUTHORITY_NOT_ASSESSED,500-saas-mvp/01-product/REQUIREMENTS.md,500-saas-mvp/01-product/REQUIREMENTS.md,,,main,48db71b13e8108479bcf1961a812c1785140a44f,CORPUS_DIRECT,,,KEEP_PENDING_RECONCILIATION,"Reconcile ID, authority and final target against corpus"
Sas-Executar/Maestr-Docs,GAP,GAP,SCANNER_README.md,blob,SOURCE_PATH_OBSERVED_AUTHORITY_NOT_ASSESSED,500-saas-mvp/01-product/SCANNER_README.md,500-saas-mvp/01-product/SCANNER_README.md,,,main,48db71b13e8108479bcf1961a812c1785140a44f,CORPUS_DIRECT,,,KEEP_PENDING_RECONCILIATION,"Reconcile ID, authority and final target against corpus"
Sas-Executar/Maestr-Docs,GAP,GAP,CUSTOMER_JOURNEY.md,blob,SOURCE_PATH_OBSERVED_AUTHORITY_NOT_ASSESSED,500-saas-mvp/02-experience/CUSTOMER_JOURNEY.md,500-saas-mvp/02-experience/CUSTOMER_JOURNEY.md,,,main,48db71b13e8108479bcf1961a812c1785140a44f,CORPUS_DIRECT,,,KEEP_PENDING_RECONCILIATION,"Reconcile ID, authority and final target against corpus"
Sas-Executar/Maestr-Docs,GAP,GAP,ONBOARDING.md,blob,SOURCE_PATH_OBSERVED_AUTHORITY_NOT_ASSESSED,500-saas-mvp/02-experience/ONBOARDING.md,500-saas-mvp/02-experience/ONBOARDING.md,,,main,48db71b13e8108479bcf1961a812c1785140a44f,CORPUS_DIRECT,,,KEEP_PENDING_RECONCILIATION,"Reconcile ID, authority and final target against corpus"
Sas-Executar/Maestr-Docs,GAP,GAP,ROUTES.md,blob,SOURCE_PATH_OBSERVED_AUTHORITY_NOT_ASSESSED,500-saas-mvp/02-experience/ROUTES.md,500-saas-mvp/02-experience/ROUTES.md,,,main,48db71b13e8108479bcf1961a812c1785140a44f,CORPUS_DIRECT,,,KEEP_PENDING_RECONCILIATION,"Reconcile ID, authority and final target against corpus"
Sas-Executar/Maestr-Docs,GAP,GAP,SCREEN_FLOW.md,blob,SOURCE_PATH_OBSERVED_AUTHORITY_NOT_ASSESSED,500-saas-mvp/02-experience/SCREEN_FLOW.md,500-saas-mvp/02-experience/SCREEN_FLOW.md,,,main,48db71b13e8108479bcf1961a812c1785140a44f,CORPUS_DIRECT,,,KEEP_PENDING_RECONCILIATION,"Reconcile ID, authority and final target against corpus"
Sas-Executar/Maestr-Docs,GAP,GAP,ACCEPTANCE_CRITERIA.md,blob,SOURCE_PATH_OBSERVED_AUTHORITY_NOT_ASSESSED,500-saas-mvp/03-engineering/ACCEPTANCE_CRITERIA.md,500-saas-mvp/03-engineering/ACCEPTANCE_CRITERIA.md,,,main,48db71b13e8108479bcf1961a812c1785140a44f,CORPUS_DIRECT,,,KEEP_PENDING_RECONCILIATION,"Reconcile ID, authority and final target against corpus"
Sas-Executar/Maestr-Docs,GAP,GAP,ARCHITECTURE.md,blob,SOURCE_PATH_OBSERVED_AUTHORITY_NOT_ASSESSED,500-saas-mvp/03-engineering/ARCHITECTURE.md,500-saas-mvp/03-engineering/ARCHITECTURE.md,,,main,48db71b13e8108479bcf1961a812c1785140a44f,CORPUS_DIRECT,,,KEEP_PENDING_RECONCILIATION,"Reconcile ID, authority and final target against corpus"
Sas-Executar/Maestr-Docs,GAP,GAP,FUNCTIONAL_SPECS.md,blob,SOURCE_PATH_OBSERVED_AUTHORITY_NOT_ASSESSED,500-saas-mvp/03-engineering/FUNCTIONAL_SPECS.md,500-saas-mvp/03-engineering/FUNCTIONAL_SPECS.md,,,main,48db71b13e8108479bcf1961a812c1785140a44f,CORPUS_DIRECT,,,KEEP_PENDING_RECONCILIATION,"Reconcile ID, authority and final target against corpus"
Sas-Executar/Maestr-Docs,GAP,GAP,IMPLEMENTATION_HANDOFF.md,blob,SOURCE_PATH_OBSERVED_AUTHORITY_NOT_ASSESSED,500-saas-mvp/03-engineering/IMPLEMENTATION_HANDOFF.md,500-saas-mvp/03-engineering/IMPLEMENTATION_HANDOFF.md,,,main,48db71b13e8108479bcf1961a812c1785140a44f,CORPUS_DIRECT,,,KEEP_PENDING_RECONCILIATION,"Reconcile ID, authority and final target against corpus"
Sas-Executar/Maestr-Docs,GAP,GAP,README.md,blob,SOURCE_PATH_OBSERVED_AUTHORITY_NOT_ASSESSED,500-saas-mvp/03-engineering/code/README.md,500-saas-mvp/03-engineering/code/README.md,,,main,48db71b13e8108479bcf1961a812c1785140a44f,CORPUS_DIRECT,,,KEEP_PENDING_RECONCILIATION,"Reconcile ID, authority and final target against corpus"
Sas-Executar/Maestr-Docs,GAP,GAP,DECISIONS.md,blob,SOURCE_PATH_OBSERVED_AUTHORITY_NOT_ASSESSED,500-saas-mvp/04-reference/DECISIONS.md,500-saas-mvp/04-reference/DECISIONS.md,,,main,48db71b13e8108479bcf1961a812c1785140a44f,CORPUS_DIRECT,,,KEEP_PENDING_RECONCILIATION,"Reconcile ID, authority and final target against corpus"
Sas-Executar/Maestr-Docs,GAP,GAP,DESIGN_SOT.md,blob,SOURCE_PATH_OBSERVED_AUTHORITY_NOT_ASSESSED,500-saas-mvp/04-reference/DESIGN_SOT.md,500-saas-mvp/04-reference/DESIGN_SOT.md,,,main,48db71b13e8108479bcf1961a812c1785140a44f,CORPUS_DIRECT,,,KEEP_PENDING_RECONCILIATION,"Reconcile ID, authority and final target against corpus"
Sas-Executar/Maestr-Docs,GAP,GAP,METHODOLOGIES.md,blob,SOURCE_PATH_OBSERVED_AUTHORITY_NOT_ASSESSED,500-saas-mvp/04-reference/METHODOLOGIES.md,500-saas-mvp/04-reference/METHODOLOGIES.md,,,main,48db71b13e8108479bcf1961a812c1785140a44f,CORPUS_DIRECT,,,KEEP_PENDING_RECONCILIATION,"Reconcile ID, authority and final target against corpus"
Sas-Executar/Maestr-Docs,GAP,GAP,SOURCES.md,blob,SOURCE_PATH_OBSERVED_AUTHORITY_NOT_ASSESSED,500-saas-mvp/04-reference/SOURCES.md,500-saas-mvp/04-reference/SOURCES.md,,,main,48db71b13e8108479bcf1961a812c1785140a44f,CORPUS_DIRECT,,,KEEP_PENDING_RECONCILIATION,"Reconcile ID, authority and final target against corpus"
Sas-Executar/Maestr-Docs,GAP,GAP,500-saas-mvp.md,blob,SOURCE_PATH_OBSERVED_AUTHORITY_NOT_ASSESSED,500-saas-mvp/500-saas-mvp.md,500-saas-mvp/500-saas-mvp.md,,,main,48db71b13e8108479bcf1961a812c1785140a44f,CORPUS_DIRECT,,,KEEP_PENDING_RECONCILIATION,"Reconcile ID, authority and final target against corpus"
Sas-Executar/Maestr-Docs,GAP,GAP,.gitkeep,blob,SOURCE_PATH_OBSERVED_AUTHORITY_NOT_ASSESSED,60-dados/00-inbox/.gitkeep,60-dados/00-inbox/.gitkeep,,,main,48db71b13e8108479bcf1961a812c1785140a44f,CORPUS_DIRECT,,,KEEP_PENDING_RECONCILIATION,"Reconcile ID, authority and final target against corpus"
Sas-Executar/Maestr-Docs,GAP,GAP,.gitkeep,blob,SOURCE_PATH_OBSERVED_AUTHORITY_NOT_ASSESSED,60-dados/10-raw/01-xls/.gitkeep,60-dados/10-raw/01-xls/.gitkeep,,,main,48db71b13e8108479bcf1961a812c1785140a44f,CORPUS_DIRECT,,,KEEP_PENDING_RECONCILIATION,"Reconcile ID, authority and final target against corpus"
Sas-Executar/Maestr-Docs,GAP,GAP,.gitkeep,blob,SOURCE_PATH_OBSERVED_AUTHORITY_NOT_ASSESSED,60-dados/10-raw/02-csv/.gitkeep,60-dados/10-raw/02-csv/.gitkeep,,,main,48db71b13e8108479bcf1961a812c1785140a44f,CORPUS_DIRECT,,,KEEP_PENDING_RECONCILIATION,"Reconcile ID, authority and final target against corpus"
Sas-Executar/Maestr-Docs,GAP,GAP,.gitkeep,blob,SOURCE_PATH_OBSERVED_AUTHORITY_NOT_ASSESSED,60-dados/10-raw/03-json/.gitkeep,60-dados/10-raw/03-json/.gitkeep,,,main,48db71b13e8108479bcf1961a812c1785140a44f,CORPUS_DIRECT,,,KEEP_PENDING_RECONCILIATION,"Reconcile ID, authority and final target against corpus"
Sas-Executar/Maestr-Docs,GAP,GAP,.gitkeep,blob,SOURCE_PATH_OBSERVED_AUTHORITY_NOT_ASSESSED,60-dados/10-raw/04-docs/.gitkeep,60-dados/10-raw/04-docs/.gitkeep,,,main,48db71b13e8108479bcf1961a812c1785140a44f,CORPUS_DIRECT,,,KEEP_PENDING_RECONCILIATION,"Reconcile ID, authority and final target against corpus"
Sas-Executar/Maestr-Docs,GAP,GAP,.gitkeep,blob,SOURCE_PATH_OBSERVED_AUTHORITY_NOT_ASSESSED,60-dados/20-normalized/01-xls/.gitkeep,60-dados/20-normalized/01-xls/.gitkeep,,,main,48db71b13e8108479bcf1961a812c1785140a44f,CORPUS_DIRECT,,,KEEP_PENDING_RECONCILIATION,"Reconcile ID, authority and final target against corpus"
Sas-Executar/Maestr-Docs,GAP,GAP,.gitkeep,blob,SOURCE_PATH_OBSERVED_AUTHORITY_NOT_ASSESSED,60-dados/20-normalized/02-csv/.gitkeep,60-dados/20-normalized/02-csv/.gitkeep,,,main,48db71b13e8108479bcf1961a812c1785140a44f,CORPUS_DIRECT,,,KEEP_PENDING_RECONCILIATION,"Reconcile ID, authority and final target against corpus"
Sas-Executar/Maestr-Docs,GAP,GAP,.gitkeep,blob,SOURCE_PATH_OBSERVED_AUTHORITY_NOT_ASSESSED,60-dados/20-normalized/03-json/.gitkeep,60-dados/20-normalized/03-json/.gitkeep,,,main,48db71b13e8108479bcf1961a812c1785140a44f,CORPUS_DIRECT,,,KEEP_PENDING_RECONCILIATION,"Reconcile ID, authority and final target against corpus"
Sas-Executar/Maestr-Docs,GAP,GAP,.gitkeep,blob,SOURCE_PATH_OBSERVED_AUTHORITY_NOT_ASSESSED,60-dados/30-clean/01-xls/.gitkeep,60-dados/30-clean/01-xls/.gitkeep,,,main,48db71b13e8108479bcf1961a812c1785140a44f,CORPUS_DIRECT,,,KEEP_PENDING_RECONCILIATION,"Reconcile ID, authority and final target against corpus"
Sas-Executar/Maestr-Docs,GAP,GAP,.gitkeep,blob,SOURCE_PATH_OBSERVED_AUTHORITY_NOT_ASSESSED,60-dados/30-clean/02-csv/.gitkeep,60-dados/30-clean/02-csv/.gitkeep,,,main,48db71b13e8108479bcf1961a812c1785140a44f,CORPUS_DIRECT,,,KEEP_PENDING_RECONCILIATION,"Reconcile ID, authority and final target against corpus"
Sas-Executar/Maestr-Docs,GAP,GAP,.gitkeep,blob,SOURCE_PATH_OBSERVED_AUTHORITY_NOT_ASSESSED,60-dados/30-clean/03-json/.gitkeep,60-dados/30-clean/03-json/.gitkeep,,,main,48db71b13e8108479bcf1961a812c1785140a44f,CORPUS_DIRECT,,,KEEP_PENDING_RECONCILIATION,"Reconcile ID, authority and final target against corpus"
Sas-Executar/Maestr-Docs,GAP,GAP,.gitkeep,blob,SOURCE_PATH_OBSERVED_AUTHORITY_NOT_ASSESSED,60-dados/40-canonical/01-json/.gitkeep,60-dados/40-canonical/01-json/.gitkeep,,,main,48db71b13e8108479bcf1961a812c1785140a44f,CORPUS_DIRECT,,,KEEP_PENDING_RECONCILIATION,"Reconcile ID, authority and final target against corpus"
Sas-Executar/Maestr-Docs,GAP,GAP,.gitkeep,blob,SOURCE_PATH_OBSERVED_AUTHORITY_NOT_ASSESSED,60-dados/40-canonical/02-schemas/.gitkeep,60-dados/40-canonical/02-schemas/.gitkeep,,,main,48db71b13e8108479bcf1961a812c1785140a44f,CORPUS_DIRECT,,,KEEP_PENDING_RECONCILIATION,"Reconcile ID, authority and final target against corpus"
Sas-Executar/Maestr-Docs,GAP,GAP,REGISTRO_DOCUMENTAL_MECE_V1.csv,blob,SOURCE_PATH_OBSERVED_AUTHORITY_NOT_ASSESSED,60-dados/40-canonical/REGISTRO_DOCUMENTAL_MECE_V1.csv,60-dados/40-canonical/REGISTRO_DOCUMENTAL_MECE_V1.csv,,,main,48db71b13e8108479bcf1961a812c1785140a44f,CORPUS_DIRECT,,,KEEP_PENDING_RECONCILIATION,"Reconcile ID, authority and final target against corpus"
Sas-Executar/Maestr-Docs,GAP,GAP,STRATEGIC_INSIGHTS_V1.csv,blob,SOURCE_PATH_OBSERVED_AUTHORITY_NOT_ASSESSED,60-dados/40-canonical/STRATEGIC_INSIGHTS_V1.csv,60-dados/40-canonical/STRATEGIC_INSIGHTS_V1.csv,,,main,48db71b13e8108479bcf1961a812c1785140a44f,CORPUS_DIRECT,,,KEEP_PENDING_RECONCILIATION,"Reconcile ID, authority and final target against corpus"
Sas-Executar/Maestr-Docs,GAP,GAP,.gitkeep,blob,SOURCE_PATH_OBSERVED_AUTHORITY_NOT_ASSESSED,60-dados/50-warehouse/01-json/.gitkeep,60-dados/50-warehouse/01-json/.gitkeep,,,main,48db71b13e8108479bcf1961a812c1785140a44f,CORPUS_DIRECT,,,KEEP_PENDING_RECONCILIATION,"Reconcile ID, authority and final target against corpus"
Sas-Executar/Maestr-Docs,GAP,GAP,.gitkeep,blob,SOURCE_PATH_OBSERVED_AUTHORITY_NOT_ASSESSED,60-dados/50-warehouse/02-master-data/.gitkeep,60-dados/50-warehouse/02-master-data/.gitkeep,,,main,48db71b13e8108479bcf1961a812c1785140a44f,CORPUS_DIRECT,,,KEEP_PENDING_RECONCILIATION,"Reconcile ID, authority and final target against corpus"
Sas-Executar/Maestr-Docs,GAP,GAP,.gitkeep,blob,SOURCE_PATH_OBSERVED_AUTHORITY_NOT_ASSESSED,60-dados/50-warehouse/03-analytics/.gitkeep,60-dados/50-warehouse/03-analytics/.gitkeep,,,main,48db71b13e8108479bcf1961a812c1785140a44f,CORPUS_DIRECT,,,KEEP_PENDING_RECONCILIATION,"Reconcile ID, authority and final target against corpus"
Sas-Executar/Maestr-Docs,GAP,GAP,60-dados.md,blob,SOURCE_PATH_OBSERVED_AUTHORITY_NOT_ASSESSED,60-dados/60-dados.md,60-dados/60-dados.md,,,main,48db71b13e8108479bcf1961a812c1785140a44f,CORPUS_DIRECT,,,KEEP_PENDING_RECONCILIATION,"Reconcile ID, authority and final target against corpus"
Sas-Executar/Maestr-Docs,GAP,GAP,.gitkeep,blob,SOURCE_PATH_OBSERVED_AUTHORITY_NOT_ASSESSED,60-dados/60-exports/01-csv/.gitkeep,60-dados/60-exports/01-csv/.gitkeep,,,main,48db71b13e8108479bcf1961a812c1785140a44f,CORPUS_DIRECT,,,KEEP_PENDING_RECONCILIATION,"Reconcile ID, authority and final target against corpus"
Sas-Executar/Maestr-Docs,GAP,GAP,.gitkeep,blob,SOURCE_PATH_OBSERVED_AUTHORITY_NOT_ASSESSED,60-dados/60-exports/02-xlsx/.gitkeep,60-dados/60-exports/02-xlsx/.gitkeep,,,main,48db71b13e8108479bcf1961a812c1785140a44f,CORPUS_DIRECT,,,KEEP_PENDING_RECONCILIATION,"Reconcile ID, authority and final target against corpus"
Sas-Executar/Maestr-Docs,GAP,GAP,.gitkeep,blob,SOURCE_PATH_OBSERVED_AUTHORITY_NOT_ASSESSED,60-dados/60-exports/03-json/.gitkeep,60-dados/60-exports/03-json/.gitkeep,,,main,48db71b13e8108479bcf1961a812c1785140a44f,CORPUS_DIRECT,,,KEEP_PENDING_RECONCILIATION,"Reconcile ID, authority and final target against corpus"
Sas-Executar/Maestr-Docs,GAP,GAP,.gitkeep,blob,SOURCE_PATH_OBSERVED_AUTHORITY_NOT_ASSESSED,60-dados/60-exports/04-pdf/.gitkeep,60-dados/60-exports/04-pdf/.gitkeep,,,main,48db71b13e8108479bcf1961a812c1785140a44f,CORPUS_DIRECT,,,KEEP_PENDING_RECONCILIATION,"Reconcile ID, authority and final target against corpus"
Sas-Executar/Maestr-Docs,GAP,GAP,ESTADO_CONSOLIDADO_ECOSSISTEMA_EXECUTAR.yaml,blob,SOURCE_PATH_OBSERVED_AUTHORITY_NOT_ASSESSED,60-dados/60-exports/ESTADO_CONSOLIDADO_ECOSSISTEMA_EXECUTAR.yaml,60-dados/60-exports/ESTADO_CONSOLIDADO_ECOSSISTEMA_EXECUTAR.yaml,,,main,48db71b13e8108479bcf1961a812c1785140a44f,CORPUS_DIRECT,,,KEEP_PENDING_RECONCILIATION,"Reconcile ID, authority and final target against corpus"
Sas-Executar/Maestr-Docs,GAP,GAP,README.md,blob,SOURCE_PATH_OBSERVED_AUTHORITY_NOT_ASSESSED,60-dados/60-exports/README.md,60-dados/60-exports/README.md,,,main,48db71b13e8108479bcf1961a812c1785140a44f,CORPUS_DIRECT,,,KEEP_PENDING_RECONCILIATION,"Reconcile ID, authority and final target against corpus"
Sas-Executar/Maestr-Docs,GAP,GAP,WORKBOOK_ECOSSISTEMA_EXECUTAR.json,blob,SOURCE_PATH_OBSERVED_AUTHORITY_NOT_ASSESSED,60-dados/60-exports/WORKBOOK_ECOSSISTEMA_EXECUTAR.json,60-dados/60-exports/WORKBOOK_ECOSSISTEMA_EXECUTAR.json,,,main,48db71b13e8108479bcf1961a812c1785140a44f,CORPUS_DIRECT,,,KEEP_PENDING_RECONCILIATION,"Reconcile ID, authority and final target against corpus"
Sas-Executar/Maestr-Docs,GAP,GAP,WORKBOOK_ECOSSISTEMA_EXECUTAR.yaml,blob,SOURCE_PATH_OBSERVED_AUTHORITY_NOT_ASSESSED,60-dados/60-exports/WORKBOOK_ECOSSISTEMA_EXECUTAR.yaml,60-dados/60-exports/WORKBOOK_ECOSSISTEMA_EXECUTAR.yaml,,,main,48db71b13e8108479bcf1961a812c1785140a44f,CORPUS_DIRECT,,,KEEP_PENDING_RECONCILIATION,"Reconcile ID, authority and final target against corpus"
Sas-Executar/Maestr-Docs,GAP,GAP,WORKBOOK_FORMULARIO.csv,blob,SOURCE_PATH_OBSERVED_AUTHORITY_NOT_ASSESSED,60-dados/60-exports/WORKBOOK_FORMULARIO.csv,60-dados/60-exports/WORKBOOK_FORMULARIO.csv,,,main,48db71b13e8108479bcf1961a812c1785140a44f,CORPUS_DIRECT,,,KEEP_PENDING_RECONCILIATION,"Reconcile ID, authority and final target against corpus"
Sas-Executar/Maestr-Docs,GAP,GAP,WORKBOOK_PMBOK8_ECOSSISTEMA_EXECUTAR.xlsx,blob,SOURCE_PATH_OBSERVED_AUTHORITY_NOT_ASSESSED,60-dados/60-exports/WORKBOOK_PMBOK8_ECOSSISTEMA_EXECUTAR.xlsx,60-dados/60-exports/WORKBOOK_PMBOK8_ECOSSISTEMA_EXECUTAR.xlsx,,,main,48db71b13e8108479bcf1961a812c1785140a44f,CORPUS_DIRECT,,,KEEP_PENDING_RECONCILIATION,"Reconcile ID, authority and final target against corpus"
Sas-Executar/Maestr-Docs,GAP,GAP,.gitkeep,blob,SOURCE_PATH_OBSERVED_AUTHORITY_NOT_ASSESSED,60-dados/70-schemas/01-json-schema/.gitkeep,60-dados/70-schemas/01-json-schema/.gitkeep,,,main,48db71b13e8108479bcf1961a812c1785140a44f,CORPUS_DIRECT,,,KEEP_PENDING_RECONCILIATION,"Reconcile ID, authority and final target against corpus"
Sas-Executar/Maestr-Docs,GAP,GAP,.gitkeep,blob,SOURCE_PATH_OBSERVED_AUTHORITY_NOT_ASSESSED,60-dados/70-schemas/02-data-dictionary/.gitkeep,60-dados/70-schemas/02-data-dictionary/.gitkeep,,,main,48db71b13e8108479bcf1961a812c1785140a44f,CORPUS_DIRECT,,,KEEP_PENDING_RECONCILIATION,"Reconcile ID, authority and final target against corpus"
Sas-Executar/Maestr-Docs,GAP,GAP,.gitkeep,blob,SOURCE_PATH_OBSERVED_AUTHORITY_NOT_ASSESSED,60-dados/90-evidence/.gitkeep,60-dados/90-evidence/.gitkeep,,,main,48db71b13e8108479bcf1961a812c1785140a44f,CORPUS_DIRECT,,,KEEP_PENDING_RECONCILIATION,"Reconcile ID, authority and final target against corpus"
Sas-Executar/Maestr-Docs,GAP,GAP,OUT-54_EVIDENCE_REGISTER.csv,blob,SOURCE_PATH_OBSERVED_AUTHORITY_NOT_ASSESSED,60-dados/90-evidence/OUT-54_EVIDENCE_REGISTER.csv,60-dados/90-evidence/OUT-54_EVIDENCE_REGISTER.csv,,,main,48db71b13e8108479bcf1961a812c1785140a44f,CORPUS_DIRECT,,,KEEP_PENDING_RECONCILIATION,"Reconcile ID, authority and final target against corpus"
Sas-Executar/Maestr-Docs,GAP,GAP,OUT-55_HYPOTHESIS_REGISTER.csv,blob,SOURCE_PATH_OBSERVED_AUTHORITY_NOT_ASSESSED,60-dados/90-evidence/OUT-55_HYPOTHESIS_REGISTER.csv,60-dados/90-evidence/OUT-55_HYPOTHESIS_REGISTER.csv,,,main,48db71b13e8108479bcf1961a812c1785140a44f,CORPUS_DIRECT,,,KEEP_PENDING_RECONCILIATION,"Reconcile ID, authority and final target against corpus"
Sas-Executar/Maestr-Docs,GAP,GAP,OUT-56_DECISION_LOG.csv,blob,SOURCE_PATH_OBSERVED_AUTHORITY_NOT_ASSESSED,60-dados/90-evidence/OUT-56_DECISION_LOG.csv,60-dados/90-evidence/OUT-56_DECISION_LOG.csv,,,main,48db71b13e8108479bcf1961a812c1785140a44f,CORPUS_DIRECT,,,KEEP_PENDING_RECONCILIATION,"Reconcile ID, authority and final target against corpus"
Sas-Executar/Maestr-Docs,GAP,GAP,OUT-57_RISK_REGISTER.csv,blob,SOURCE_PATH_OBSERVED_AUTHORITY_NOT_ASSESSED,60-dados/90-evidence/OUT-57_RISK_REGISTER.csv,60-dados/90-evidence/OUT-57_RISK_REGISTER.csv,,,main,48db71b13e8108479bcf1961a812c1785140a44f,CORPUS_DIRECT,,,KEEP_PENDING_RECONCILIATION,"Reconcile ID, authority and final target against corpus"
Sas-Executar/Maestr-Docs,GAP,GAP,OUT-58_GAP_REGISTER.csv,blob,SOURCE_PATH_OBSERVED_AUTHORITY_NOT_ASSESSED,60-dados/90-evidence/OUT-58_GAP_REGISTER.csv,60-dados/90-evidence/OUT-58_GAP_REGISTER.csv,,,main,48db71b13e8108479bcf1961a812c1785140a44f,CORPUS_DIRECT,,,KEEP_PENDING_RECONCILIATION,"Reconcile ID, authority and final target against corpus"
Sas-Executar/Maestr-Docs,GAP,GAP,OUT-59_SOURCE_REGISTER.csv,blob,SOURCE_PATH_OBSERVED_AUTHORITY_NOT_ASSESSED,60-dados/90-evidence/OUT-59_SOURCE_REGISTER.csv,60-dados/90-evidence/OUT-59_SOURCE_REGISTER.csv,,,main,48db71b13e8108479bcf1961a812c1785140a44f,CORPUS_DIRECT,,,KEEP_PENDING_RECONCILIATION,"Reconcile ID, authority and final target against corpus"
Sas-Executar/Maestr-Docs,GAP,GAP,.gitkeep,blob,SOURCE_PATH_OBSERVED_AUTHORITY_NOT_ASSESSED,70-operacao-governanca/01-planos-acao/.gitkeep,70-operacao-governanca/01-planos-acao/.gitkeep,,,main,48db71b13e8108479bcf1961a812c1785140a44f,CORPUS_DIRECT,,,KEEP_PENDING_RECONCILIATION,"Reconcile ID, authority and final target against corpus"
Sas-Executar/Maestr-Docs,GAP,GAP,PLANO_LANCAMENTO_ECOSSISTEMA.md,blob,SOURCE_PATH_OBSERVED_AUTHORITY_NOT_ASSESSED,70-operacao-governanca/01-planos-acao/PLANO_LANCAMENTO_ECOSSISTEMA.md,70-operacao-governanca/01-planos-acao/PLANO_LANCAMENTO_ECOSSISTEMA.md,,,main,48db71b13e8108479bcf1961a812c1785140a44f,CORPUS_DIRECT,,,KEEP_PENDING_RECONCILIATION,"Reconcile ID, authority and final target against corpus"
Sas-Executar/Maestr-Docs,GAP,GAP,.gitkeep,blob,SOURCE_PATH_OBSERVED_AUTHORITY_NOT_ASSESSED,70-operacao-governanca/02-workflows/.gitkeep,70-operacao-governanca/02-workflows/.gitkeep,,,main,48db71b13e8108479bcf1961a812c1785140a44f,CORPUS_DIRECT,,,KEEP_PENDING_RECONCILIATION,"Reconcile ID, authority and final target against corpus"
Sas-Executar/Maestr-Docs,GAP,GAP,PMBOK8_FUNDAMENTOS_ORDEM_MENTAL.md,blob,SOURCE_PATH_OBSERVED_AUTHORITY_NOT_ASSESSED,70-operacao-governanca/02-workflows/PMBOK8_FUNDAMENTOS_ORDEM_MENTAL.md,70-operacao-governanca/02-workflows/PMBOK8_FUNDAMENTOS_ORDEM_MENTAL.md,,,main,48db71b13e8108479bcf1961a812c1785140a44f,CORPUS_DIRECT,,,KEEP_PENDING_RECONCILIATION,"Reconcile ID, authority and final target against corpus"
Sas-Executar/Maestr-Docs,GAP,GAP,.gitkeep,blob,SOURCE_PATH_OBSERVED_AUTHORITY_NOT_ASSESSED,70-operacao-governanca/03-tasks/.gitkeep,70-operacao-governanca/03-tasks/.gitkeep,,,main,48db71b13e8108479bcf1961a812c1785140a44f,CORPUS_DIRECT,,,KEEP_PENDING_RECONCILIATION,"Reconcile ID, authority and final target against corpus"
Sas-Executar/Maestr-Docs,GAP,GAP,.gitkeep,blob,SOURCE_PATH_OBSERVED_AUTHORITY_NOT_ASSESSED,70-operacao-governanca/04-bloqueantes/.gitkeep,70-operacao-governanca/04-bloqueantes/.gitkeep,,,main,48db71b13e8108479bcf1961a812c1785140a44f,CORPUS_DIRECT,,,KEEP_PENDING_RECONCILIATION,"Reconcile ID, authority and final target against corpus"
Sas-Executar/Maestr-Docs,GAP,GAP,.gitkeep,blob,SOURCE_PATH_OBSERVED_AUTHORITY_NOT_ASSESSED,70-operacao-governanca/05-cronogramas/.gitkeep,70-operacao-governanca/05-cronogramas/.gitkeep,,,main,48db71b13e8108479bcf1961a812c1785140a44f,CORPUS_DIRECT,,,KEEP_PENDING_RECONCILIATION,"Reconcile ID, authority and final target against corpus"
Sas-Executar/Maestr-Docs,GAP,GAP,.gitkeep,blob,SOURCE_PATH_OBSERVED_AUTHORITY_NOT_ASSESSED,70-operacao-governanca/06-decisoes/.gitkeep,70-operacao-governanca/06-decisoes/.gitkeep,,,main,48db71b13e8108479bcf1961a812c1785140a44f,CORPUS_DIRECT,,,KEEP_PENDING_RECONCILIATION,"Reconcile ID, authority and final target against corpus"
Sas-Executar/Maestr-Docs,GAP,GAP,.gitkeep,blob,SOURCE_PATH_OBSERVED_AUTHORITY_NOT_ASSESSED,70-operacao-governanca/07-riscos/.gitkeep,70-operacao-governanca/07-riscos/.gitkeep,,,main,48db71b13e8108479bcf1961a812c1785140a44f,CORPUS_DIRECT,,,KEEP_PENDING_RECONCILIATION,"Reconcile ID, authority and final target against corpus"
Sas-Executar/Maestr-Docs,GAP,GAP,.gitkeep,blob,SOURCE_PATH_OBSERVED_AUTHORITY_NOT_ASSESSED,70-operacao-governanca/08-stakeholders/.gitkeep,70-operacao-governanca/08-stakeholders/.gitkeep,,,main,48db71b13e8108479bcf1961a812c1785140a44f,CORPUS_DIRECT,,,KEEP_PENDING_RECONCILIATION,"Reconcile ID, authority and final target against corpus"
Sas-Executar/Maestr-Docs,GAP,GAP,.gitkeep,blob,SOURCE_PATH_OBSERVED_AUTHORITY_NOT_ASSESSED,70-operacao-governanca/09-evidence/.gitkeep,70-operacao-governanca/09-evidence/.gitkeep,,,main,48db71b13e8108479bcf1961a812c1785140a44f,CORPUS_DIRECT,,,KEEP_PENDING_RECONCILIATION,"Reconcile ID, authority and final target against corpus"
Sas-Executar/Maestr-Docs,GAP,GAP,.gitkeep,blob,SOURCE_PATH_OBSERVED_AUTHORITY_NOT_ASSESSED,70-operacao-governanca/10-sops/.gitkeep,70-operacao-governanca/10-sops/.gitkeep,,,main,48db71b13e8108479bcf1961a812c1785140a44f,CORPUS_DIRECT,,,KEEP_PENDING_RECONCILIATION,"Reconcile ID, authority and final target against corpus"
Sas-Executar/Maestr-Docs,GAP,GAP,70-operacao-governanca.md,blob,SOURCE_PATH_OBSERVED_AUTHORITY_NOT_ASSESSED,70-operacao-governanca/70-operacao-governanca.md,70-operacao-governanca/70-operacao-governanca.md,,,main,48db71b13e8108479bcf1961a812c1785140a44f,CORPUS_DIRECT,,,KEEP_PENDING_RECONCILIATION,"Reconcile ID, authority and final target against corpus"
Sas-Executar/Maestr-Docs,GAP,GAP,.gitkeep,blob,SOURCE_PATH_OBSERVED_AUTHORITY_NOT_ASSESSED,80-tecnologia-plataformas/01-github/01-repos/.gitkeep,80-tecnologia-plataformas/01-github/01-repos/.gitkeep,,,main,48db71b13e8108479bcf1961a812c1785140a44f,CORPUS_DIRECT,,,KEEP_PENDING_RECONCILIATION,"Reconcile ID, authority and final target against corpus"
Sas-Executar/Maestr-Docs,GAP,GAP,.gitkeep,blob,SOURCE_PATH_OBSERVED_AUTHORITY_NOT_ASSESSED,80-tecnologia-plataformas/01-github/02-docs/.gitkeep,80-tecnologia-plataformas/01-github/02-docs/.gitkeep,,,main,48db71b13e8108479bcf1961a812c1785140a44f,CORPUS_DIRECT,,,KEEP_PENDING_RECONCILIATION,"Reconcile ID, authority and final target against corpus"
Sas-Executar/Maestr-Docs,GAP,GAP,.gitkeep,blob,SOURCE_PATH_OBSERVED_AUTHORITY_NOT_ASSESSED,80-tecnologia-plataformas/01-github/03-automation/.gitkeep,80-tecnologia-plataformas/01-github/03-automation/.gitkeep,,,main,48db71b13e8108479bcf1961a812c1785140a44f,CORPUS_DIRECT,,,KEEP_PENDING_RECONCILIATION,"Reconcile ID, authority and final target against corpus"
Sas-Executar/Maestr-Docs,GAP,GAP,.gitkeep,blob,SOURCE_PATH_OBSERVED_AUTHORITY_NOT_ASSESSED,80-tecnologia-plataformas/02-google-drive/01-maps/.gitkeep,80-tecnologia-plataformas/02-google-drive/01-maps/.gitkeep,,,main,48db71b13e8108479bcf1961a812c1785140a44f,CORPUS_DIRECT,,,KEEP_PENDING_RECONCILIATION,"Reconcile ID, authority and final target against corpus"
Sas-Executar/Maestr-Docs,GAP,GAP,.gitkeep,blob,SOURCE_PATH_OBSERVED_AUTHORITY_NOT_ASSESSED,80-tecnologia-plataformas/02-google-drive/02-shortcuts/.gitkeep,80-tecnologia-plataformas/02-google-drive/02-shortcuts/.gitkeep,,,main,48db71b13e8108479bcf1961a812c1785140a44f,CORPUS_DIRECT,,,KEEP_PENDING_RECONCILIATION,"Reconcile ID, authority and final target against corpus"
Sas-Executar/Maestr-Docs,GAP,GAP,.gitkeep,blob,SOURCE_PATH_OBSERVED_AUTHORITY_NOT_ASSESSED,80-tecnologia-plataformas/03-google-docs/01-templates/.gitkeep,80-tecnologia-plataformas/03-google-docs/01-templates/.gitkeep,,,main,48db71b13e8108479bcf1961a812c1785140a44f,CORPUS_DIRECT,,,KEEP_PENDING_RECONCILIATION,"Reconcile ID, authority and final target against corpus"
Sas-Executar/Maestr-Docs,GAP,GAP,.gitkeep,blob,SOURCE_PATH_OBSERVED_AUTHORITY_NOT_ASSESSED,80-tecnologia-plataformas/03-google-docs/02-shortcuts/.gitkeep,80-tecnologia-plataformas/03-google-docs/02-shortcuts/.gitkeep,,,main,48db71b13e8108479bcf1961a812c1785140a44f,CORPUS_DIRECT,,,KEEP_PENDING_RECONCILIATION,"Reconcile ID, authority and final target against corpus"
Sas-Executar/Maestr-Docs,GAP,GAP,.gitkeep,blob,SOURCE_PATH_OBSERVED_AUTHORITY_NOT_ASSESSED,80-tecnologia-plataformas/04-obsidian/01-vault-map/.gitkeep,80-tecnologia-plataformas/04-obsidian/01-vault-map/.gitkeep,,,main,48db71b13e8108479bcf1961a812c1785140a44f,CORPUS_DIRECT,,,KEEP_PENDING_RECONCILIATION,"Reconcile ID, authority and final target against corpus"
Sas-Executar/Maestr-Docs,GAP,GAP,.gitkeep,blob,SOURCE_PATH_OBSERVED_AUTHORITY_NOT_ASSESSED,80-tecnologia-plataformas/04-obsidian/02-templates/.gitkeep,80-tecnologia-plataformas/04-obsidian/02-templates/.gitkeep,,,main,48db71b13e8108479bcf1961a812c1785140a44f,CORPUS_DIRECT,,,KEEP_PENDING_RECONCILIATION,"Reconcile ID, authority and final target against corpus"
Sas-Executar/Maestr-Docs,GAP,GAP,.gitkeep,blob,SOURCE_PATH_OBSERVED_AUTHORITY_NOT_ASSESSED,80-tecnologia-plataformas/04-obsidian/03-panels/.gitkeep,80-tecnologia-plataformas/04-obsidian/03-panels/.gitkeep,,,main,48db71b13e8108479bcf1961a812c1785140a44f,CORPUS_DIRECT,,,KEEP_PENDING_RECONCILIATION,"Reconcile ID, authority and final target against corpus"
Sas-Executar/Maestr-Docs,GAP,GAP,.gitkeep,blob,SOURCE_PATH_OBSERVED_AUTHORITY_NOT_ASSESSED,80-tecnologia-plataformas/05-gpt/01-prompts/.gitkeep,80-tecnologia-plataformas/05-gpt/01-prompts/.gitkeep,,,main,48db71b13e8108479bcf1961a812c1785140a44f,CORPUS_DIRECT,,,KEEP_PENDING_RECONCILIATION,"Reconcile ID, authority and final target against corpus"
Sas-Executar/Maestr-Docs,GAP,GAP,README.md,blob,SOURCE_PATH_OBSERVED_AUTHORITY_NOT_ASSESSED,80-tecnologia-plataformas/05-gpt/02-agents/README.md,80-tecnologia-plataformas/05-gpt/02-agents/README.md,,,main,48db71b13e8108479bcf1961a812c1785140a44f,CORPUS_DIRECT,,,KEEP_PENDING_RECONCILIATION,"Reconcile ID, authority and final target against corpus"
Sas-Executar/Maestr-Docs,GAP,GAP,AGENT_MAESTRO.md,blob,SOURCE_PATH_OBSERVED_AUTHORITY_NOT_ASSESSED,80-tecnologia-plataformas/05-gpt/02-agents/maestro/AGENT_MAESTRO.md,80-tecnologia-plataformas/05-gpt/02-agents/maestro/AGENT_MAESTRO.md,,,main,48db71b13e8108479bcf1961a812c1785140a44f,CORPUS_DIRECT,,,KEEP_PENDING_RECONCILIATION,"Reconcile ID, authority and final target against corpus"
Sas-Executar/Maestr-Docs,GAP,GAP,PORTABILITY.md,blob,SOURCE_PATH_OBSERVED_AUTHORITY_NOT_ASSESSED,80-tecnologia-plataformas/05-gpt/02-agents/maestro/PORTABILITY.md,80-tecnologia-plataformas/05-gpt/02-agents/maestro/PORTABILITY.md,,,main,48db71b13e8108479bcf1961a812c1785140a44f,CORPUS_DIRECT,,,KEEP_PENDING_RECONCILIATION,"Reconcile ID, authority and final target against corpus"
Sas-Executar/Maestr-Docs,GAP,GAP,OUTPUT.md,blob,SOURCE_PATH_OBSERVED_AUTHORITY_NOT_ASSESSED,80-tecnologia-plataformas/05-gpt/02-agents/maestro/config/OUTPUT.md,80-tecnologia-plataformas/05-gpt/02-agents/maestro/config/OUTPUT.md,,,main,48db71b13e8108479bcf1961a812c1785140a44f,CORPUS_DIRECT,,,KEEP_PENDING_RECONCILIATION,"Reconcile ID, authority and final target against corpus"
Sas-Executar/Maestr-Docs,GAP,GAP,POLICY.yaml,blob,SOURCE_PATH_OBSERVED_AUTHORITY_NOT_ASSESSED,80-tecnologia-plataformas/05-gpt/02-agents/maestro/config/POLICY.yaml,80-tecnologia-plataformas/05-gpt/02-agents/maestro/config/POLICY.yaml,,,main,48db71b13e8108479bcf1961a812c1785140a44f,CORPUS_DIRECT,,,KEEP_PENDING_RECONCILIATION,"Reconcile ID, authority and final target against corpus"
Sas-Executar/Maestr-Docs,GAP,GAP,PROVENANCE.md,blob,SOURCE_PATH_OBSERVED_AUTHORITY_NOT_ASSESSED,80-tecnologia-plataformas/05-gpt/02-agents/maestro/config/PROVENANCE.md,80-tecnologia-plataformas/05-gpt/02-agents/maestro/config/PROVENANCE.md,,,main,48db71b13e8108479bcf1961a812c1785140a44f,CORPUS_DIRECT,,,KEEP_PENDING_RECONCILIATION,"Reconcile ID, authority and final target against corpus"
Sas-Executar/Maestr-Docs,GAP,GAP,ROUTING.md,blob,SOURCE_PATH_OBSERVED_AUTHORITY_NOT_ASSESSED,80-tecnologia-plataformas/05-gpt/02-agents/maestro/config/ROUTING.md,80-tecnologia-plataformas/05-gpt/02-agents/maestro/config/ROUTING.md,,,main,48db71b13e8108479bcf1961a812c1785140a44f,CORPUS_DIRECT,,,KEEP_PENDING_RECONCILIATION,"Reconcile ID, authority and final target against corpus"
Sas-Executar/Maestr-Docs,GAP,GAP,__init__.py,blob,SOURCE_PATH_OBSERVED_AUTHORITY_NOT_ASSESSED,80-tecnologia-plataformas/05-gpt/02-agents/maestro/orchestrator/__init__.py,80-tecnologia-plataformas/05-gpt/02-agents/maestro/orchestrator/__init__.py,,,main,48db71b13e8108479bcf1961a812c1785140a44f,CORPUS_DIRECT,,,KEEP_PENDING_RECONCILIATION,"Reconcile ID, authority and final target against corpus"
Sas-Executar/Maestr-Docs,GAP,GAP,maestro.py,blob,SOURCE_PATH_OBSERVED_AUTHORITY_NOT_ASSESSED,80-tecnologia-plataformas/05-gpt/02-agents/maestro/orchestrator/maestro.py,80-tecnologia-plataformas/05-gpt/02-agents/maestro/orchestrator/maestro.py,,,main,48db71b13e8108479bcf1961a812c1785140a44f,CORPUS_DIRECT,,,KEEP_PENDING_RECONCILIATION,"Reconcile ID, authority and final target against corpus"
Sas-Executar/Maestr-Docs,GAP,GAP,registry.py,blob,SOURCE_PATH_OBSERVED_AUTHORITY_NOT_ASSESSED,80-tecnologia-plataformas/05-gpt/02-agents/maestro/orchestrator/registry.py,80-tecnologia-plataformas/05-gpt/02-agents/maestro/orchestrator/registry.py,,,main,48db71b13e8108479bcf1961a812c1785140a44f,CORPUS_DIRECT,,,KEEP_PENDING_RECONCILIATION,"Reconcile ID, authority and final target against corpus"
Sas-Executar/Maestr-Docs,GAP,GAP,router.py,blob,SOURCE_PATH_OBSERVED_AUTHORITY_NOT_ASSESSED,80-tecnologia-plataformas/05-gpt/02-agents/maestro/orchestrator/router.py,80-tecnologia-plataformas/05-gpt/02-agents/maestro/orchestrator/router.py,,,main,48db71b13e8108479bcf1961a812c1785140a44f,CORPUS_DIRECT,,,KEEP_PENDING_RECONCILIATION,"Reconcile ID, authority and final target against corpus"
Sas-Executar/Maestr-Docs,GAP,GAP,maestro.proto,blob,SOURCE_PATH_OBSERVED_AUTHORITY_NOT_ASSESSED,80-tecnologia-plataformas/05-gpt/02-agents/maestro/proto/maestro.proto,80-tecnologia-plataformas/05-gpt/02-agents/maestro/proto/maestro.proto,,,main,48db71b13e8108479bcf1961a812c1785140a44f,CORPUS_DIRECT,,,KEEP_PENDING_RECONCILIATION,"Reconcile ID, authority and final target against corpus"
Sas-Executar/Maestr-Docs,GAP,GAP,.gitkeep,blob,SOURCE_PATH_OBSERVED_AUTHORITY_NOT_ASSESSED,80-tecnologia-plataformas/05-gpt/02-agents/maestro/runtime/inbox/.gitkeep,80-tecnologia-plataformas/05-gpt/02-agents/maestro/runtime/inbox/.gitkeep,,,main,48db71b13e8108479bcf1961a812c1785140a44f,CORPUS_DIRECT,,,KEEP_PENDING_RECONCILIATION,"Reconcile ID, authority and final target against corpus"
Sas-Executar/Maestr-Docs,GAP,GAP,.gitkeep,blob,SOURCE_PATH_OBSERVED_AUTHORITY_NOT_ASSESSED,80-tecnologia-plataformas/05-gpt/02-agents/maestro/runtime/outbox/.gitkeep,80-tecnologia-plataformas/05-gpt/02-agents/maestro/runtime/outbox/.gitkeep,,,main,48db71b13e8108479bcf1961a812c1785140a44f,CORPUS_DIRECT,,,KEEP_PENDING_RECONCILIATION,"Reconcile ID, authority and final target against corpus"
Sas-Executar/Maestr-Docs,GAP,GAP,.gitkeep,blob,SOURCE_PATH_OBSERVED_AUTHORITY_NOT_ASSESSED,80-tecnologia-plataformas/05-gpt/02-agents/maestro/runtime/registry/.gitkeep,80-tecnologia-plataformas/05-gpt/02-agents/maestro/runtime/registry/.gitkeep,,,main,48db71b13e8108479bcf1961a812c1785140a44f,CORPUS_DIRECT,,,KEEP_PENDING_RECONCILIATION,"Reconcile ID, authority and final target against corpus"
Sas-Executar/Maestr-Docs,GAP,GAP,skills-index.json,blob,SOURCE_PATH_OBSERVED_AUTHORITY_NOT_ASSESSED,80-tecnologia-plataformas/05-gpt/02-agents/maestro/runtime/registry/skills-index.json,80-tecnologia-plataformas/05-gpt/02-agents/maestro/runtime/registry/skills-index.json,,,main,48db71b13e8108479bcf1961a812c1785140a44f,CORPUS_DIRECT,,,KEEP_PENDING_RECONCILIATION,"Reconcile ID, authority and final target against corpus"
Sas-Executar/Maestr-Docs,GAP,GAP,bootstrap.sh,blob,SOURCE_PATH_OBSERVED_AUTHORITY_NOT_ASSESSED,80-tecnologia-plataformas/05-gpt/02-agents/maestro/scripts/bootstrap.sh,80-tecnologia-plataformas/05-gpt/02-agents/maestro/scripts/bootstrap.sh,,,main,48db71b13e8108479bcf1961a812c1785140a44f,CORPUS_DIRECT,,,KEEP_PENDING_RECONCILIATION,"Reconcile ID, authority and final target against corpus"
Sas-Executar/Maestr-Docs,GAP,GAP,gen_registros_auxiliares.py,blob,SOURCE_PATH_OBSERVED_AUTHORITY_NOT_ASSESSED,80-tecnologia-plataformas/05-gpt/02-agents/maestro/scripts/gen_registros_auxiliares.py,80-tecnologia-plataformas/05-gpt/02-agents/maestro/scripts/gen_registros_auxiliares.py,,,main,48db71b13e8108479bcf1961a812c1785140a44f,CORPUS_DIRECT,,,KEEP_PENDING_RECONCILIATION,"Reconcile ID, authority and final target against corpus"
Sas-Executar/Maestr-Docs,GAP,GAP,index_skills.py,blob,SOURCE_PATH_OBSERVED_AUTHORITY_NOT_ASSESSED,80-tecnologia-plataformas/05-gpt/02-agents/maestro/scripts/index_skills.py,80-tecnologia-plataformas/05-gpt/02-agents/maestro/scripts/index_skills.py,,,main,48db71b13e8108479bcf1961a812c1785140a44f,CORPUS_DIRECT,,,KEEP_PENDING_RECONCILIATION,"Reconcile ID, authority and final target against corpus"
Sas-Executar/Maestr-Docs,GAP,GAP,schema.sql,blob,SOURCE_PATH_OBSERVED_AUTHORITY_NOT_ASSESSED,80-tecnologia-plataformas/05-gpt/02-agents/maestro/sql/schema.sql,80-tecnologia-plataformas/05-gpt/02-agents/maestro/sql/schema.sql,,,main,48db71b13e8108479bcf1961a812c1785140a44f,CORPUS_DIRECT,,,KEEP_PENDING_RECONCILIATION,"Reconcile ID, authority and final target against corpus"
Sas-Executar/Maestr-Docs,GAP,GAP,README.md,blob,SOURCE_PATH_OBSERVED_AUTHORITY_NOT_ASSESSED,80-tecnologia-plataformas/05-gpt/03-skills/README.md,80-tecnologia-plataformas/05-gpt/03-skills/README.md,,,main,48db71b13e8108479bcf1961a812c1785140a44f,CORPUS_DIRECT,,,KEEP_PENDING_RECONCILIATION,"Reconcile ID, authority and final target against corpus"
Sas-Executar/Maestr-Docs,GAP,GAP,anthropic-knowledge-work-plugins,commit,SOURCE_PATH_OBSERVED_AUTHORITY_NOT_ASSESSED,80-tecnologia-plataformas/05-gpt/03-skills/anthropic-knowledge-work-plugins,80-tecnologia-plataformas/05-gpt/03-skills/anthropic-knowledge-work-plugins,,,main,48db71b13e8108479bcf1961a812c1785140a44f,CORPUS_DIRECT,,,KEEP_PENDING_RECONCILIATION,"Reconcile ID, authority and final target against corpus"
Sas-Executar/Maestr-Docs,GAP,GAP,README.md,blob,SOURCE_PATH_OBSERVED_AUTHORITY_NOT_ASSESSED,80-tecnologia-plataformas/05-gpt/README.md,80-tecnologia-plataformas/05-gpt/README.md,,,main,48db71b13e8108479bcf1961a812c1785140a44f,CORPUS_DIRECT,,,KEEP_PENDING_RECONCILIATION,"Reconcile ID, authority and final target against corpus"
Sas-Executar/Maestr-Docs,GAP,GAP,.gitkeep,blob,SOURCE_PATH_OBSERVED_AUTHORITY_NOT_ASSESSED,80-tecnologia-plataformas/06-vercel/01-projects/.gitkeep,80-tecnologia-plataformas/06-vercel/01-projects/.gitkeep,,,main,48db71b13e8108479bcf1961a812c1785140a44f,CORPUS_DIRECT,,,KEEP_PENDING_RECONCILIATION,"Reconcile ID, authority and final target against corpus"
Sas-Executar/Maestr-Docs,GAP,GAP,.gitkeep,blob,SOURCE_PATH_OBSERVED_AUTHORITY_NOT_ASSESSED,80-tecnologia-plataformas/06-vercel/02-deploy-notes/.gitkeep,80-tecnologia-plataformas/06-vercel/02-deploy-notes/.gitkeep,,,main,48db71b13e8108479bcf1961a812c1785140a44f,CORPUS_DIRECT,,,KEEP_PENDING_RECONCILIATION,"Reconcile ID, authority and final target against corpus"
Sas-Executar/Maestr-Docs,GAP,GAP,.gitkeep,blob,SOURCE_PATH_OBSERVED_AUTHORITY_NOT_ASSESSED,80-tecnologia-plataformas/07-supabase/01-schema/.gitkeep,80-tecnologia-plataformas/07-supabase/01-schema/.gitkeep,,,main,48db71b13e8108479bcf1961a812c1785140a44f,CORPUS_DIRECT,,,KEEP_PENDING_RECONCILIATION,"Reconcile ID, authority and final target against corpus"
Sas-Executar/Maestr-Docs,GAP,GAP,.gitkeep,blob,SOURCE_PATH_OBSERVED_AUTHORITY_NOT_ASSESSED,80-tecnologia-plataformas/07-supabase/02-migrations/.gitkeep,80-tecnologia-plataformas/07-supabase/02-migrations/.gitkeep,,,main,48db71b13e8108479bcf1961a812c1785140a44f,CORPUS_DIRECT,,,KEEP_PENDING_RECONCILIATION,"Reconcile ID, authority and final target against corpus"
Sas-Executar/Maestr-Docs,GAP,GAP,.gitkeep,blob,SOURCE_PATH_OBSERVED_AUTHORITY_NOT_ASSESSED,80-tecnologia-plataformas/07-supabase/03-policies/.gitkeep,80-tecnologia-plataformas/07-supabase/03-policies/.gitkeep,,,main,48db71b13e8108479bcf1961a812c1785140a44f,CORPUS_DIRECT,,,KEEP_PENDING_RECONCILIATION,"Reconcile ID, authority and final target against corpus"
Sas-Executar/Maestr-Docs,GAP,GAP,.gitkeep,blob,SOURCE_PATH_OBSERVED_AUTHORITY_NOT_ASSESSED,80-tecnologia-plataformas/08-buffer/.gitkeep,80-tecnologia-plataformas/08-buffer/.gitkeep,,,main,48db71b13e8108479bcf1961a812c1785140a44f,CORPUS_DIRECT,,,KEEP_PENDING_RECONCILIATION,"Reconcile ID, authority and final target against corpus"
Sas-Executar/Maestr-Docs,GAP,GAP,.gitkeep,blob,SOURCE_PATH_OBSERVED_AUTHORITY_NOT_ASSESSED,80-tecnologia-plataformas/09-integrations/.gitkeep,80-tecnologia-plataformas/09-integrations/.gitkeep,,,main,48db71b13e8108479bcf1961a812c1785140a44f,CORPUS_DIRECT,,,KEEP_PENDING_RECONCILIATION,"Reconcile ID, authority and final target against corpus"
Sas-Executar/Maestr-Docs,GAP,GAP,80-tecnologia-plataformas.md,blob,SOURCE_PATH_OBSERVED_AUTHORITY_NOT_ASSESSED,80-tecnologia-plataformas/80-tecnologia-plataformas.md,80-tecnologia-plataformas/80-tecnologia-plataformas.md,,,main,48db71b13e8108479bcf1961a812c1785140a44f,CORPUS_DIRECT,,,KEEP_PENDING_RECONCILIATION,"Reconcile ID, authority and final target against corpus"
Sas-Executar/Maestr-Docs,GAP,GAP,.gitkeep,blob,SOURCE_PATH_OBSERVED_AUTHORITY_NOT_ASSESSED,90-assets-compartilhados/01-brand/.gitkeep,90-assets-compartilhados/01-brand/.gitkeep,,,main,48db71b13e8108479bcf1961a812c1785140a44f,CORPUS_DIRECT,,,KEEP_PENDING_RECONCILIATION,"Reconcile ID, authority and final target against corpus"
Sas-Executar/Maestr-Docs,GAP,GAP,.gitkeep,blob,SOURCE_PATH_OBSERVED_AUTHORITY_NOT_ASSESSED,90-assets-compartilhados/02-design-system/.gitkeep,90-assets-compartilhados/02-design-system/.gitkeep,,,main,48db71b13e8108479bcf1961a812c1785140a44f,CORPUS_DIRECT,,,KEEP_PENDING_RECONCILIATION,"Reconcile ID, authority and final target against corpus"
Sas-Executar/Maestr-Docs,GAP,GAP,.gitkeep,blob,SOURCE_PATH_OBSERVED_AUTHORITY_NOT_ASSESSED,90-assets-compartilhados/03-templates/.gitkeep,90-assets-compartilhados/03-templates/.gitkeep,,,main,48db71b13e8108479bcf1961a812c1785140a44f,CORPUS_DIRECT,,,KEEP_PENDING_RECONCILIATION,"Reconcile ID, authority and final target against corpus"
Sas-Executar/Maestr-Docs,GAP,GAP,.gitkeep,blob,SOURCE_PATH_OBSERVED_AUTHORITY_NOT_ASSESSED,90-assets-compartilhados/04-placeholders/.gitkeep,90-assets-compartilhados/04-placeholders/.gitkeep,,,main,48db71b13e8108479bcf1961a812c1785140a44f,CORPUS_DIRECT,,,KEEP_PENDING_RECONCILIATION,"Reconcile ID, authority and final target against corpus"
Sas-Executar/Maestr-Docs,GAP,GAP,.gitkeep,blob,SOURCE_PATH_OBSERVED_AUTHORITY_NOT_ASSESSED,90-assets-compartilhados/05-print/.gitkeep,90-assets-compartilhados/05-print/.gitkeep,,,main,48db71b13e8108479bcf1961a812c1785140a44f,CORPUS_DIRECT,,,KEEP_PENDING_RECONCILIATION,"Reconcile ID, authority and final target against corpus"
Sas-Executar/Maestr-Docs,GAP,GAP,.gitkeep,blob,SOURCE_PATH_OBSERVED_AUTHORITY_NOT_ASSESSED,90-assets-compartilhados/06-qr/.gitkeep,90-assets-compartilhados/06-qr/.gitkeep,,,main,48db71b13e8108479bcf1961a812c1785140a44f,CORPUS_DIRECT,,,KEEP_PENDING_RECONCILIATION,"Reconcile ID, authority and final target against corpus"
Sas-Executar/Maestr-Docs,GAP,GAP,.gitkeep,blob,SOURCE_PATH_OBSERVED_AUTHORITY_NOT_ASSESSED,90-assets-compartilhados/07-media/.gitkeep,90-assets-compartilhados/07-media/.gitkeep,,,main,48db71b13e8108479bcf1961a812c1785140a44f,CORPUS_DIRECT,,,KEEP_PENDING_RECONCILIATION,"Reconcile ID, authority and final target against corpus"
Sas-Executar/Maestr-Docs,GAP,GAP,90-assets-compartilhados.md,blob,SOURCE_PATH_OBSERVED_AUTHORITY_NOT_ASSESSED,90-assets-compartilhados/90-assets-compartilhados.md,90-assets-compartilhados/90-assets-compartilhados.md,,,main,48db71b13e8108479bcf1961a812c1785140a44f,CORPUS_DIRECT,,,KEEP_PENDING_RECONCILIATION,"Reconcile ID, authority and final target against corpus"
Sas-Executar/Maestr-Docs,GAP,GAP,.gitkeep,blob,SOURCE_PATH_OBSERVED_AUTHORITY_NOT_ASSESSED,98-private-pointers/01-credentials-index/.gitkeep,98-private-pointers/01-credentials-index/.gitkeep,,,main,48db71b13e8108479bcf1961a812c1785140a44f,CORPUS_DIRECT,,,KEEP_PENDING_RECONCILIATION,"Reconcile ID, authority and final target against corpus"
Sas-Executar/Maestr-Docs,GAP,GAP,.gitkeep,blob,SOURCE_PATH_OBSERVED_AUTHORITY_NOT_ASSESSED,98-private-pointers/02-accounts-index/.gitkeep,98-private-pointers/02-accounts-index/.gitkeep,,,main,48db71b13e8108479bcf1961a812c1785140a44f,CORPUS_DIRECT,,,KEEP_PENDING_RECONCILIATION,"Reconcile ID, authority and final target against corpus"
Sas-Executar/Maestr-Docs,GAP,GAP,.gitkeep,blob,SOURCE_PATH_OBSERVED_AUTHORITY_NOT_ASSESSED,98-private-pointers/03-recovery-procedures/.gitkeep,98-private-pointers/03-recovery-procedures/.gitkeep,,,main,48db71b13e8108479bcf1961a812c1785140a44f,CORPUS_DIRECT,,,KEEP_PENDING_RECONCILIATION,"Reconcile ID, authority and final target against corpus"
Sas-Executar/Maestr-Docs,GAP,GAP,98-private-pointers.md,blob,SOURCE_PATH_OBSERVED_AUTHORITY_NOT_ASSESSED,98-private-pointers/98-private-pointers.md,98-private-pointers/98-private-pointers.md,,,main,48db71b13e8108479bcf1961a812c1785140a44f,CORPUS_DIRECT,,,KEEP_PENDING_RECONCILIATION,"Reconcile ID, authority and final target against corpus"
Sas-Executar/Maestr-Docs,GAP,GAP,.gitkeep,blob,SOURCE_PATH_OBSERVED_AUTHORITY_NOT_ASSESSED,99-archive/01-by-year/2026/.gitkeep,99-archive/01-by-year/2026/.gitkeep,,,main,48db71b13e8108479bcf1961a812c1785140a44f,CORPUS_DIRECT,,,KEEP_PENDING_RECONCILIATION,"Reconcile ID, authority and final target against corpus"
Sas-Executar/Maestr-Docs,GAP,GAP,.gitkeep,blob,SOURCE_PATH_OBSERVED_AUTHORITY_NOT_ASSESSED,99-archive/02-deprecated/.gitkeep,99-archive/02-deprecated/.gitkeep,,,main,48db71b13e8108479bcf1961a812c1785140a44f,CORPUS_DIRECT,,,KEEP_PENDING_RECONCILIATION,"Reconcile ID, authority and final target against corpus"
Sas-Executar/Maestr-Docs,GAP,GAP,.gitkeep,blob,SOURCE_PATH_OBSERVED_AUTHORITY_NOT_ASSESSED,99-archive/03-duplicates/.gitkeep,99-archive/03-duplicates/.gitkeep,,,main,48db71b13e8108479bcf1961a812c1785140a44f,CORPUS_DIRECT,,,KEEP_PENDING_RECONCILIATION,"Reconcile ID, authority and final target against corpus"
Sas-Executar/Maestr-Docs,GAP,GAP,.gitkeep,blob,SOURCE_PATH_OBSERVED_AUTHORITY_NOT_ASSESSED,99-archive/04-superseded/.gitkeep,99-archive/04-superseded/.gitkeep,,,main,48db71b13e8108479bcf1961a812c1785140a44f,CORPUS_DIRECT,,,KEEP_PENDING_RECONCILIATION,"Reconcile ID, authority and final target against corpus"
Sas-Executar/Maestr-Docs,GAP,GAP,99-archive.md,blob,SOURCE_PATH_OBSERVED_AUTHORITY_NOT_ASSESSED,99-archive/99-archive.md,99-archive/99-archive.md,,,main,48db71b13e8108479bcf1961a812c1785140a44f,CORPUS_DIRECT,,,KEEP_PENDING_RECONCILIATION,"Reconcile ID, authority and final target against corpus"
Sas-Executar/Maestr-Docs,GAP,GAP,HOME.md,blob,SOURCE_PATH_OBSERVED_AUTHORITY_NOT_ASSESSED,HOME.md,HOME.md,,,main,48db71b13e8108479bcf1961a812c1785140a44f,CORPUS_DIRECT,,,KEEP_PENDING_RECONCILIATION,"Reconcile ID, authority and final target against corpus"
Sas-Executar/Maestr-Docs,GAP,GAP,README.md,blob,SOURCE_PATH_OBSERVED_AUTHORITY_NOT_ASSESSED,README.md,README.md,,,main,48db71b13e8108479bcf1961a812c1785140a44f,CORPUS_DIRECT,,,KEEP_PENDING_RECONCILIATION,"Reconcile ID, authority and final target against corpus"
Sas-Executar/Maestr-Docs,GAP,GAP,_TEMPLATE_FOLDER.md,blob,SOURCE_PATH_OBSERVED_AUTHORITY_NOT_ASSESSED,_TEMPLATE_FOLDER.md,_TEMPLATE_FOLDER.md,,,main,48db71b13e8108479bcf1961a812c1785140a44f,CORPUS_DIRECT,,,KEEP_PENDING_RECONCILIATION,"Reconcile ID, authority and final target against corpus"
Sas-Executar/Executar-app-Blueprint,GAP,GAP,.env.example,blob,SOURCE_PATH_OBSERVED_AUTHORITY_NOT_ASSESSED,.env.example,.env.example,,,main,b463948413b83325fdde57e53125de8691d751de,CORPUS_DIRECT,,,KEEP_PENDING_RECONCILIATION,"Reconcile ID, authority and final target against corpus"
Sas-Executar/Executar-app-Blueprint,GAP,GAP,CODEOWNERS,blob,SOURCE_PATH_OBSERVED_AUTHORITY_NOT_ASSESSED,.github/CODEOWNERS,.github/CODEOWNERS,,,main,b463948413b83325fdde57e53125de8691d751de,CORPUS_DIRECT,,,KEEP_PENDING_RECONCILIATION,"Reconcile ID, authority and final target against corpus"
Sas-Executar/Executar-app-Blueprint,GAP,GAP,bug.md,blob,SOURCE_PATH_OBSERVED_AUTHORITY_NOT_ASSESSED,.github/ISSUE_TEMPLATE/bug.md,.github/ISSUE_TEMPLATE/bug.md,,,main,b463948413b83325fdde57e53125de8691d751de,CORPUS_DIRECT,,,KEEP_PENDING_RECONCILIATION,"Reconcile ID, authority and final target against corpus"
Sas-Executar/Executar-app-Blueprint,GAP,GAP,feature.md,blob,SOURCE_PATH_OBSERVED_AUTHORITY_NOT_ASSESSED,.github/ISSUE_TEMPLATE/feature.md,.github/ISSUE_TEMPLATE/feature.md,,,main,b463948413b83325fdde57e53125de8691d751de,CORPUS_DIRECT,,,KEEP_PENDING_RECONCILIATION,"Reconcile ID, authority and final target against corpus"
Sas-Executar/Executar-app-Blueprint,GAP,GAP,PULL_REQUEST_TEMPLATE.md,blob,SOURCE_PATH_OBSERVED_AUTHORITY_NOT_ASSESSED,.github/PULL_REQUEST_TEMPLATE.md,.github/PULL_REQUEST_TEMPLATE.md,,,main,b463948413b83325fdde57e53125de8691d751de,CORPUS_DIRECT,,,KEEP_PENDING_RECONCILIATION,"Reconcile ID, authority and final target against corpus"
Sas-Executar/Executar-app-Blueprint,GAP,GAP,quality-gates.yml,blob,SOURCE_PATH_OBSERVED_AUTHORITY_NOT_ASSESSED,.github/workflows/quality-gates.yml,.github/workflows/quality-gates.yml,,,main,b463948413b83325fdde57e53125de8691d751de,CORPUS_DIRECT,,,KEEP_PENDING_RECONCILIATION,"Reconcile ID, authority and final target against corpus"
Sas-Executar/Executar-app-Blueprint,GAP,GAP,AGENTS.md,blob,SOURCE_PATH_OBSERVED_AUTHORITY_NOT_ASSESSED,AGENTS.md,AGENTS.md,,,main,b463948413b83325fdde57e53125de8691d751de,CORPUS_DIRECT,,,KEEP_PENDING_RECONCILIATION,"Reconcile ID, authority and final target against corpus"
Sas-Executar/Executar-app-Blueprint,GAP,GAP,CHANGELOG.md,blob,SOURCE_PATH_OBSERVED_AUTHORITY_NOT_ASSESSED,CHANGELOG.md,CHANGELOG.md,,,main,b463948413b83325fdde57e53125de8691d751de,CORPUS_DIRECT,,,KEEP_PENDING_RECONCILIATION,"Reconcile ID, authority and final target against corpus"
Sas-Executar/Executar-app-Blueprint,GAP,GAP,MASTER_INDEX.md,blob,SOURCE_PATH_OBSERVED_AUTHORITY_NOT_ASSESSED,MASTER_INDEX.md,MASTER_INDEX.md,,,main,b463948413b83325fdde57e53125de8691d751de,CORPUS_DIRECT,,,KEEP_PENDING_RECONCILIATION,"Reconcile ID, authority and final target against corpus"
Sas-Executar/Executar-app-Blueprint,GAP,GAP,MASTER_INDEX_CHECKLIST.md,blob,SOURCE_PATH_OBSERVED_AUTHORITY_NOT_ASSESSED,MASTER_INDEX_CHECKLIST.md,MASTER_INDEX_CHECKLIST.md,,,main,b463948413b83325fdde57e53125de8691d751de,CORPUS_DIRECT,,,KEEP_PENDING_RECONCILIATION,"Reconcile ID, authority and final target against corpus"
Sas-Executar/Executar-app-Blueprint,GAP,GAP,README.md,blob,SOURCE_PATH_OBSERVED_AUTHORITY_NOT_ASSESSED,README.md,README.md,,,main,b463948413b83325fdde57e53125de8691d751de,CORPUS_DIRECT,,,KEEP_PENDING_RECONCILIATION,"Reconcile ID, authority and final target against corpus"
Sas-Executar/Executar-app-Blueprint,GAP,GAP,PLACEHOLDER_POLICY.md,blob,SOURCE_PATH_OBSERVED_AUTHORITY_NOT_ASSESSED,deliverables/PLACEHOLDER_POLICY.md,deliverables/PLACEHOLDER_POLICY.md,,,main,b463948413b83325fdde57e53125de8691d751de,CORPUS_DIRECT,,,KEEP_PENDING_RECONCILIATION,"Reconcile ID, authority and final target against corpus"
Sas-Executar/Executar-app-Blueprint,GAP,GAP,README.md,blob,SOURCE_PATH_OBSERVED_AUTHORITY_NOT_ASSESSED,deliverables/README.md,deliverables/README.md,,,main,b463948413b83325fdde57e53125de8691d751de,CORPUS_DIRECT,,,KEEP_PENDING_RECONCILIATION,"Reconcile ID, authority and final target against corpus"
Sas-Executar/Executar-app-Blueprint,GAP,GAP,README.md,blob,SOURCE_PATH_OBSERVED_AUTHORITY_NOT_ASSESSED,deliverables/templates/README.md,deliverables/templates/README.md,,,main,b463948413b83325fdde57e53125de8691d751de,CORPUS_DIRECT,,,KEEP_PENDING_RECONCILIATION,"Reconcile ID, authority and final target against corpus"
Sas-Executar/Executar-app-Blueprint,GAP,GAP,copiloto-command-outputs.template.md,blob,SOURCE_PATH_OBSERVED_AUTHORITY_NOT_ASSESSED,deliverables/templates/copiloto-command-outputs.template.md,deliverables/templates/copiloto-command-outputs.template.md,,,main,b463948413b83325fdde57e53125de8691d751de,CORPUS_DIRECT,,,KEEP_PENDING_RECONCILIATION,"Reconcile ID, authority and final target against corpus"
Sas-Executar/Executar-app-Blueprint,GAP,GAP,copiloto-orchestrator-output.template.json,blob,SOURCE_PATH_OBSERVED_AUTHORITY_NOT_ASSESSED,deliverables/templates/copiloto-orchestrator-output.template.json,deliverables/templates/copiloto-orchestrator-output.template.json,,,main,b463948413b83325fdde57e53125de8691d751de,CORPUS_DIRECT,,,KEEP_PENDING_RECONCILIATION,"Reconcile ID, authority and final target against corpus"
Sas-Executar/Executar-app-Blueprint,GAP,GAP,mapa-os-scanner-symbol-strip.template.html,blob,SOURCE_PATH_OBSERVED_AUTHORITY_NOT_ASSESSED,deliverables/templates/mapa-os-scanner-symbol-strip.template.html,deliverables/templates/mapa-os-scanner-symbol-strip.template.html,,,main,b463948413b83325fdde57e53125de8691d751de,CORPUS_DIRECT,,,KEEP_PENDING_RECONCILIATION,"Reconcile ID, authority and final target against corpus"
Sas-Executar/Executar-app-Blueprint,GAP,GAP,mapa-projections.template.md,blob,SOURCE_PATH_OBSERVED_AUTHORITY_NOT_ASSESSED,deliverables/templates/mapa-projections.template.md,deliverables/templates/mapa-projections.template.md,,,main,b463948413b83325fdde57e53125de8691d751de,CORPUS_DIRECT,,,KEEP_PENDING_RECONCILIATION,"Reconcile ID, authority and final target against corpus"
Sas-Executar/Executar-app-Blueprint,GAP,GAP,onboarding-copilot-scanner.template.md,blob,SOURCE_PATH_OBSERVED_AUTHORITY_NOT_ASSESSED,deliverables/templates/onboarding-copilot-scanner.template.md,deliverables/templates/onboarding-copilot-scanner.template.md,,,main,b463948413b83325fdde57e53125de8691d751de,CORPUS_DIRECT,,,KEEP_PENDING_RECONCILIATION,"Reconcile ID, authority and final target against corpus"
Sas-Executar/Executar-app-Blueprint,GAP,GAP,plano-semana-prisma-a4.template.html,blob,SOURCE_PATH_OBSERVED_AUTHORITY_NOT_ASSESSED,deliverables/templates/plano-semana-prisma-a4.template.html,deliverables/templates/plano-semana-prisma-a4.template.html,,,main,b463948413b83325fdde57e53125de8691d751de,CORPUS_DIRECT,,,KEEP_PENDING_RECONCILIATION,"Reconcile ID, authority and final target against corpus"
Sas-Executar/Executar-app-Blueprint,GAP,GAP,prism-7d-payload.template.json,blob,SOURCE_PATH_OBSERVED_AUTHORITY_NOT_ASSESSED,deliverables/templates/prism-7d-payload.template.json,deliverables/templates/prism-7d-payload.template.json,,,main,b463948413b83325fdde57e53125de8691d751de,CORPUS_DIRECT,,,KEEP_PENDING_RECONCILIATION,"Reconcile ID, authority and final target against corpus"
Sas-Executar/Executar-app-Blueprint,GAP,GAP,processo-trabalho-formulario-semana.template.html,blob,SOURCE_PATH_OBSERVED_AUTHORITY_NOT_ASSESSED,deliverables/templates/processo-trabalho-formulario-semana.template.html,deliverables/templates/processo-trabalho-formulario-semana.template.html,,,main,b463948413b83325fdde57e53125de8691d751de,CORPUS_DIRECT,,,KEEP_PENDING_RECONCILIATION,"Reconcile ID, authority and final target against corpus"
Sas-Executar/Executar-app-Blueprint,GAP,GAP,status-report-routine-channel-variants.template.md,blob,SOURCE_PATH_OBSERVED_AUTHORITY_NOT_ASSESSED,deliverables/templates/status-report-routine-channel-variants.template.md,deliverables/templates/status-report-routine-channel-variants.template.md,,,main,b463948413b83325fdde57e53125de8691d751de,CORPUS_DIRECT,,,KEEP_PENDING_RECONCILIATION,"Reconcile ID, authority and final target against corpus"
Sas-Executar/Executar-app-Blueprint,GAP,GAP,status-report-routine.template.html,blob,SOURCE_PATH_OBSERVED_AUTHORITY_NOT_ASSESSED,deliverables/templates/status-report-routine.template.html,deliverables/templates/status-report-routine.template.html,,,main,b463948413b83325fdde57e53125de8691d751de,CORPUS_DIRECT,,,KEEP_PENDING_RECONCILIATION,"Reconcile ID, authority and final target against corpus"
Sas-Executar/Executar-app-Blueprint,GAP,GAP,CONTRIBUTING.md,blob,SOURCE_PATH_OBSERVED_AUTHORITY_NOT_ASSESSED,docs/00-governance/CONTRIBUTING.md,docs/00-governance/CONTRIBUTING.md,,,main,b463948413b83325fdde57e53125de8691d751de,CORPUS_DIRECT,,,KEEP_PENDING_RECONCILIATION,"Reconcile ID, authority and final target against corpus"
Sas-Executar/Executar-app-Blueprint,GAP,GAP,DECISION_LOG.md,blob,SOURCE_PATH_OBSERVED_AUTHORITY_NOT_ASSESSED,docs/00-governance/DECISION_LOG.md,docs/00-governance/DECISION_LOG.md,,,main,b463948413b83325fdde57e53125de8691d751de,CORPUS_DIRECT,,,KEEP_PENDING_RECONCILIATION,"Reconcile ID, authority and final target against corpus"
Sas-Executar/Executar-app-Blueprint,GAP,GAP,DOCUMENT_STANDARD.md,blob,SOURCE_PATH_OBSERVED_AUTHORITY_NOT_ASSESSED,docs/00-governance/DOCUMENT_STANDARD.md,docs/00-governance/DOCUMENT_STANDARD.md,,,main,b463948413b83325fdde57e53125de8691d751de,CORPUS_DIRECT,,,KEEP_PENDING_RECONCILIATION,"Reconcile ID, authority and final target against corpus"
Sas-Executar/Executar-app-Blueprint,GAP,GAP,SOURCE_OF_TRUTH.md,blob,SOURCE_PATH_OBSERVED_AUTHORITY_NOT_ASSESSED,docs/00-governance/SOURCE_OF_TRUTH.md,docs/00-governance/SOURCE_OF_TRUTH.md,,,main,b463948413b83325fdde57e53125de8691d751de,CORPUS_DIRECT,,,KEEP_PENDING_RECONCILIATION,"Reconcile ID, authority and final target against corpus"
Sas-Executar/Executar-app-Blueprint,GAP,GAP,TRACEABILITY_MATRIX.md,blob,SOURCE_PATH_OBSERVED_AUTHORITY_NOT_ASSESSED,docs/00-governance/TRACEABILITY_MATRIX.md,docs/00-governance/TRACEABILITY_MATRIX.md,,,main,b463948413b83325fdde57e53125de8691d751de,CORPUS_DIRECT,,,KEEP_PENDING_RECONCILIATION,"Reconcile ID, authority and final target against corpus"
Sas-Executar/Executar-app-Blueprint,GAP,GAP,ICP.md,blob,SOURCE_PATH_OBSERVED_AUTHORITY_NOT_ASSESSED,docs/01-product/ICP.md,docs/01-product/ICP.md,,,main,b463948413b83325fdde57e53125de8691d751de,CORPUS_DIRECT,,,KEEP_PENDING_RECONCILIATION,"Reconcile ID, authority and final target against corpus"
Sas-Executar/Executar-app-Blueprint,GAP,GAP,JTBD.md,blob,SOURCE_PATH_OBSERVED_AUTHORITY_NOT_ASSESSED,docs/01-product/JTBD.md,docs/01-product/JTBD.md,,,main,b463948413b83325fdde57e53125de8691d751de,CORPUS_DIRECT,,,KEEP_PENDING_RECONCILIATION,"Reconcile ID, authority and final target against corpus"
Sas-Executar/Executar-app-Blueprint,GAP,GAP,PRODUCT_BRIEF.md,blob,SOURCE_PATH_OBSERVED_AUTHORITY_NOT_ASSESSED,docs/01-product/PRODUCT_BRIEF.md,docs/01-product/PRODUCT_BRIEF.md,,,main,b463948413b83325fdde57e53125de8691d751de,CORPUS_DIRECT,,,KEEP_PENDING_RECONCILIATION,"Reconcile ID, authority and final target against corpus"
Sas-Executar/Executar-app-Blueprint,GAP,GAP,PRODUCT_USE_FLOW.md,blob,SOURCE_PATH_OBSERVED_AUTHORITY_NOT_ASSESSED,docs/01-product/PRODUCT_USE_FLOW.md,docs/01-product/PRODUCT_USE_FLOW.md,,,main,b463948413b83325fdde57e53125de8691d751de,CORPUS_DIRECT,,,KEEP_PENDING_RECONCILIATION,"Reconcile ID, authority and final target against corpus"
Sas-Executar/Executar-app-Blueprint,GAP,GAP,PRODUCT_VISION.md,blob,SOURCE_PATH_OBSERVED_AUTHORITY_NOT_ASSESSED,docs/01-product/PRODUCT_VISION.md,docs/01-product/PRODUCT_VISION.md,,,main,b463948413b83325fdde57e53125de8691d751de,CORPUS_DIRECT,,,KEEP_PENDING_RECONCILIATION,"Reconcile ID, authority and final target against corpus"
Sas-Executar/Executar-app-Blueprint,GAP,GAP,ROADMAP.md,blob,SOURCE_PATH_OBSERVED_AUTHORITY_NOT_ASSESSED,docs/01-product/ROADMAP.md,docs/01-product/ROADMAP.md,,,main,b463948413b83325fdde57e53125de8691d751de,CORPUS_DIRECT,,,KEEP_PENDING_RECONCILIATION,"Reconcile ID, authority and final target against corpus"
Sas-Executar/Executar-app-Blueprint,GAP,GAP,USER_JOURNEYS.md,blob,SOURCE_PATH_OBSERVED_AUTHORITY_NOT_ASSESSED,docs/01-product/USER_JOURNEYS.md,docs/01-product/USER_JOURNEYS.md,,,main,b463948413b83325fdde57e53125de8691d751de,CORPUS_DIRECT,,,KEEP_PENDING_RECONCILIATION,"Reconcile ID, authority and final target against corpus"
Sas-Executar/Executar-app-Blueprint,GAP,GAP,ACCEPTANCE_CRITERIA.md,blob,SOURCE_PATH_OBSERVED_AUTHORITY_NOT_ASSESSED,docs/02-requirements/ACCEPTANCE_CRITERIA.md,docs/02-requirements/ACCEPTANCE_CRITERIA.md,,,main,b463948413b83325fdde57e53125de8691d751de,CORPUS_DIRECT,,,KEEP_PENDING_RECONCILIATION,"Reconcile ID, authority and final target against corpus"
Sas-Executar/Executar-app-Blueprint,GAP,GAP,FUNCTIONAL_REQUIREMENTS.md,blob,SOURCE_PATH_OBSERVED_AUTHORITY_NOT_ASSESSED,docs/02-requirements/FUNCTIONAL_REQUIREMENTS.md,docs/02-requirements/FUNCTIONAL_REQUIREMENTS.md,,,main,b463948413b83325fdde57e53125de8691d751de,CORPUS_DIRECT,,,KEEP_PENDING_RECONCILIATION,"Reconcile ID, authority and final target against corpus"
Sas-Executar/Executar-app-Blueprint,GAP,GAP,NON_FUNCTIONAL_REQUIREMENTS.md,blob,SOURCE_PATH_OBSERVED_AUTHORITY_NOT_ASSESSED,docs/02-requirements/NON_FUNCTIONAL_REQUIREMENTS.md,docs/02-requirements/NON_FUNCTIONAL_REQUIREMENTS.md,,,main,b463948413b83325fdde57e53125de8691d751de,CORPUS_DIRECT,,,KEEP_PENDING_RECONCILIATION,"Reconcile ID, authority and final target against corpus"
Sas-Executar/Executar-app-Blueprint,GAP,GAP,OUT_OF_SCOPE.md,blob,SOURCE_PATH_OBSERVED_AUTHORITY_NOT_ASSESSED,docs/02-requirements/OUT_OF_SCOPE.md,docs/02-requirements/OUT_OF_SCOPE.md,,,main,b463948413b83325fdde57e53125de8691d751de,CORPUS_DIRECT,,,KEEP_PENDING_RECONCILIATION,"Reconcile ID, authority and final target against corpus"
Sas-Executar/Executar-app-Blueprint,GAP,GAP,PRD-OMNICHANNEL-001.md,blob,SOURCE_PATH_OBSERVED_AUTHORITY_NOT_ASSESSED,docs/02-requirements/PRD-OMNICHANNEL-001.md,docs/02-requirements/PRD-OMNICHANNEL-001.md,,,main,b463948413b83325fdde57e53125de8691d751de,CORPUS_DIRECT,,,KEEP_PENDING_RECONCILIATION,"Reconcile ID, authority and final target against corpus"
Sas-Executar/Executar-app-Blueprint,GAP,GAP,PRD-ROUTINES-001.md,blob,SOURCE_PATH_OBSERVED_AUTHORITY_NOT_ASSESSED,docs/02-requirements/PRD-ROUTINES-001.md,docs/02-requirements/PRD-ROUTINES-001.md,,,main,b463948413b83325fdde57e53125de8691d751de,CORPUS_DIRECT,,,KEEP_PENDING_RECONCILIATION,"Reconcile ID, authority and final target against corpus"
Sas-Executar/Executar-app-Blueprint,GAP,GAP,PRD-SCANNER-001.md,blob,SOURCE_PATH_OBSERVED_AUTHORITY_NOT_ASSESSED,docs/02-requirements/PRD-SCANNER-001.md,docs/02-requirements/PRD-SCANNER-001.md,,,main,b463948413b83325fdde57e53125de8691d751de,CORPUS_DIRECT,,,KEEP_PENDING_RECONCILIATION,"Reconcile ID, authority and final target against corpus"
Sas-Executar/Executar-app-Blueprint,GAP,GAP,PRD.md,blob,SOURCE_PATH_OBSERVED_AUTHORITY_NOT_ASSESSED,docs/02-requirements/PRD.md,docs/02-requirements/PRD.md,,,main,b463948413b83325fdde57e53125de8691d751de,CORPUS_DIRECT,,,KEEP_PENDING_RECONCILIATION,"Reconcile ID, authority and final target against corpus"
Sas-Executar/Executar-app-Blueprint,GAP,GAP,BUSINESS_RULES.md,blob,SOURCE_PATH_OBSERVED_AUTHORITY_NOT_ASSESSED,docs/03-domain/BUSINESS_RULES.md,docs/03-domain/BUSINESS_RULES.md,,,main,b463948413b83325fdde57e53125de8691d751de,CORPUS_DIRECT,,,KEEP_PENDING_RECONCILIATION,"Reconcile ID, authority and final target against corpus"
Sas-Executar/Executar-app-Blueprint,GAP,GAP,DOMAIN_MODEL.md,blob,SOURCE_PATH_OBSERVED_AUTHORITY_NOT_ASSESSED,docs/03-domain/DOMAIN_MODEL.md,docs/03-domain/DOMAIN_MODEL.md,,,main,b463948413b83325fdde57e53125de8691d751de,CORPUS_DIRECT,,,KEEP_PENDING_RECONCILIATION,"Reconcile ID, authority and final target against corpus"
Sas-Executar/Executar-app-Blueprint,GAP,GAP,EVENT_CATALOG.md,blob,SOURCE_PATH_OBSERVED_AUTHORITY_NOT_ASSESSED,docs/03-domain/EVENT_CATALOG.md,docs/03-domain/EVENT_CATALOG.md,,,main,b463948413b83325fdde57e53125de8691d751de,CORPUS_DIRECT,,,KEEP_PENDING_RECONCILIATION,"Reconcile ID, authority and final target against corpus"
Sas-Executar/Executar-app-Blueprint,GAP,GAP,GLOSSARY.md,blob,SOURCE_PATH_OBSERVED_AUTHORITY_NOT_ASSESSED,docs/03-domain/GLOSSARY.md,docs/03-domain/GLOSSARY.md,,,main,b463948413b83325fdde57e53125de8691d751de,CORPUS_DIRECT,,,KEEP_PENDING_RECONCILIATION,"Reconcile ID, authority and final target against corpus"
Sas-Executar/Executar-app-Blueprint,GAP,GAP,STATE_MACHINES.md,blob,SOURCE_PATH_OBSERVED_AUTHORITY_NOT_ASSESSED,docs/03-domain/STATE_MACHINES.md,docs/03-domain/STATE_MACHINES.md,,,main,b463948413b83325fdde57e53125de8691d751de,CORPUS_DIRECT,,,KEEP_PENDING_RECONCILIATION,"Reconcile ID, authority and final target against corpus"
Sas-Executar/Executar-app-Blueprint,GAP,GAP,ADR-INDEX.md,blob,SOURCE_PATH_OBSERVED_AUTHORITY_NOT_ASSESSED,docs/04-architecture/ADR/ADR-INDEX.md,docs/04-architecture/ADR/ADR-INDEX.md,,,main,b463948413b83325fdde57e53125de8691d751de,CORPUS_DIRECT,,,KEEP_PENDING_RECONCILIATION,"Reconcile ID, authority and final target against corpus"
Sas-Executar/Executar-app-Blueprint,GAP,GAP,ADR-OMNICHANNEL-001.md,blob,SOURCE_PATH_OBSERVED_AUTHORITY_NOT_ASSESSED,docs/04-architecture/ADR/ADR-OMNICHANNEL-001.md,docs/04-architecture/ADR/ADR-OMNICHANNEL-001.md,,,main,b463948413b83325fdde57e53125de8691d751de,CORPUS_DIRECT,,,KEEP_PENDING_RECONCILIATION,"Reconcile ID, authority and final target against corpus"
Sas-Executar/Executar-app-Blueprint,GAP,GAP,ADR-ROUTINES-001.md,blob,SOURCE_PATH_OBSERVED_AUTHORITY_NOT_ASSESSED,docs/04-architecture/ADR/ADR-ROUTINES-001.md,docs/04-architecture/ADR/ADR-ROUTINES-001.md,,,main,b463948413b83325fdde57e53125de8691d751de,CORPUS_DIRECT,,,KEEP_PENDING_RECONCILIATION,"Reconcile ID, authority and final target against corpus"
Sas-Executar/Executar-app-Blueprint,GAP,GAP,ADR-SCANNER-001.md,blob,SOURCE_PATH_OBSERVED_AUTHORITY_NOT_ASSESSED,docs/04-architecture/ADR/ADR-SCANNER-001.md,docs/04-architecture/ADR/ADR-SCANNER-001.md,,,main,b463948413b83325fdde57e53125de8691d751de,CORPUS_DIRECT,,,KEEP_PENDING_RECONCILIATION,"Reconcile ID, authority and final target against corpus"
Sas-Executar/Executar-app-Blueprint,GAP,GAP,ADR-TEMPLATE.md,blob,SOURCE_PATH_OBSERVED_AUTHORITY_NOT_ASSESSED,docs/04-architecture/ADR/ADR-TEMPLATE.md,docs/04-architecture/ADR/ADR-TEMPLATE.md,,,main,b463948413b83325fdde57e53125de8691d751de,CORPUS_DIRECT,,,KEEP_PENDING_RECONCILIATION,"Reconcile ID, authority and final target against corpus"
Sas-Executar/Executar-app-Blueprint,GAP,GAP,CONTAINER_COMPONENT_MAP.md,blob,SOURCE_PATH_OBSERVED_AUTHORITY_NOT_ASSESSED,docs/04-architecture/CONTAINER_COMPONENT_MAP.md,docs/04-architecture/CONTAINER_COMPONENT_MAP.md,,,main,b463948413b83325fdde57e53125de8691d751de,CORPUS_DIRECT,,,KEEP_PENDING_RECONCILIATION,"Reconcile ID, authority and final target against corpus"
Sas-Executar/Executar-app-Blueprint,GAP,GAP,DATA_FLOW.md,blob,SOURCE_PATH_OBSERVED_AUTHORITY_NOT_ASSESSED,docs/04-architecture/DATA_FLOW.md,docs/04-architecture/DATA_FLOW.md,,,main,b463948413b83325fdde57e53125de8691d751de,CORPUS_DIRECT,,,KEEP_PENDING_RECONCILIATION,"Reconcile ID, authority and final target against corpus"
Sas-Executar/Executar-app-Blueprint,GAP,GAP,DEPENDENCY_MAP.md,blob,SOURCE_PATH_OBSERVED_AUTHORITY_NOT_ASSESSED,docs/04-architecture/DEPENDENCY_MAP.md,docs/04-architecture/DEPENDENCY_MAP.md,,,main,b463948413b83325fdde57e53125de8691d751de,CORPUS_DIRECT,,,KEEP_PENDING_RECONCILIATION,"Reconcile ID, authority and final target against corpus"
Sas-Executar/Executar-app-Blueprint,GAP,GAP,SYSTEM_ARCHITECTURE.md,blob,SOURCE_PATH_OBSERVED_AUTHORITY_NOT_ASSESSED,docs/04-architecture/SYSTEM_ARCHITECTURE.md,docs/04-architecture/SYSTEM_ARCHITECTURE.md,,,main,b463948413b83325fdde57e53125de8691d751de,CORPUS_DIRECT,,,KEEP_PENDING_RECONCILIATION,"Reconcile ID, authority and final target against corpus"
Sas-Executar/Executar-app-Blueprint,GAP,GAP,SYSTEM_CONTEXT.md,blob,SOURCE_PATH_OBSERVED_AUTHORITY_NOT_ASSESSED,docs/04-architecture/SYSTEM_CONTEXT.md,docs/04-architecture/SYSTEM_CONTEXT.md,,,main,b463948413b83325fdde57e53125de8691d751de,CORPUS_DIRECT,,,KEEP_PENDING_RECONCILIATION,"Reconcile ID, authority and final target against corpus"
Sas-Executar/Executar-app-Blueprint,GAP,GAP,SPEC-ROUTINES-001.md,blob,SOURCE_PATH_OBSERVED_AUTHORITY_NOT_ASSESSED,docs/04-architecture/specs/SPEC-ROUTINES-001.md,docs/04-architecture/specs/SPEC-ROUTINES-001.md,,,main,b463948413b83325fdde57e53125de8691d751de,CORPUS_DIRECT,,,KEEP_PENDING_RECONCILIATION,"Reconcile ID, authority and final target against corpus"
Sas-Executar/Executar-app-Blueprint,GAP,GAP,SPEC-SCANNER-001.md,blob,SOURCE_PATH_OBSERVED_AUTHORITY_NOT_ASSESSED,docs/04-architecture/specs/SPEC-SCANNER-001.md,docs/04-architecture/specs/SPEC-SCANNER-001.md,,,main,b463948413b83325fdde57e53125de8691d751de,CORPUS_DIRECT,,,KEEP_PENDING_RECONCILIATION,"Reconcile ID, authority and final target against corpus"
Sas-Executar/Executar-app-Blueprint,GAP,GAP,AGENT_ARCHITECTURE.md,blob,SOURCE_PATH_OBSERVED_AUTHORITY_NOT_ASSESSED,docs/05-agent/AGENT_ARCHITECTURE.md,docs/05-agent/AGENT_ARCHITECTURE.md,,,main,b463948413b83325fdde57e53125de8691d751de,CORPUS_DIRECT,,,KEEP_PENDING_RECONCILIATION,"Reconcile ID, authority and final target against corpus"
Sas-Executar/Executar-app-Blueprint,GAP,GAP,AGENT_CHARTER.md,blob,SOURCE_PATH_OBSERVED_AUTHORITY_NOT_ASSESSED,docs/05-agent/AGENT_CHARTER.md,docs/05-agent/AGENT_CHARTER.md,,,main,b463948413b83325fdde57e53125de8691d751de,CORPUS_DIRECT,,,KEEP_PENDING_RECONCILIATION,"Reconcile ID, authority and final target against corpus"
Sas-Executar/Executar-app-Blueprint,GAP,GAP,AGENT_CONTEXT_SCHEMA.md,blob,SOURCE_PATH_OBSERVED_AUTHORITY_NOT_ASSESSED,docs/05-agent/AGENT_CONTEXT_SCHEMA.md,docs/05-agent/AGENT_CONTEXT_SCHEMA.md,,,main,b463948413b83325fdde57e53125de8691d751de,CORPUS_DIRECT,,,KEEP_PENDING_RECONCILIATION,"Reconcile ID, authority and final target against corpus"
Sas-Executar/Executar-app-Blueprint,GAP,GAP,AGENT_INSTRUCTIONS.md,blob,SOURCE_PATH_OBSERVED_AUTHORITY_NOT_ASSESSED,docs/05-agent/AGENT_INSTRUCTIONS.md,docs/05-agent/AGENT_INSTRUCTIONS.md,,,main,b463948413b83325fdde57e53125de8691d751de,CORPUS_DIRECT,,,KEEP_PENDING_RECONCILIATION,"Reconcile ID, authority and final target against corpus"
Sas-Executar/Executar-app-Blueprint,GAP,GAP,AGENT_VERSIONING.md,blob,SOURCE_PATH_OBSERVED_AUTHORITY_NOT_ASSESSED,docs/05-agent/AGENT_VERSIONING.md,docs/05-agent/AGENT_VERSIONING.md,,,main,b463948413b83325fdde57e53125de8691d751de,CORPUS_DIRECT,,,KEEP_PENDING_RECONCILIATION,"Reconcile ID, authority and final target against corpus"
Sas-Executar/Executar-app-Blueprint,GAP,GAP,CAPABILITY_SOURCE_MAP.md,blob,SOURCE_PATH_OBSERVED_AUTHORITY_NOT_ASSESSED,docs/05-agent/CAPABILITY_SOURCE_MAP.md,docs/05-agent/CAPABILITY_SOURCE_MAP.md,,,main,b463948413b83325fdde57e53125de8691d751de,CORPUS_DIRECT,,,KEEP_PENDING_RECONCILIATION,"Reconcile ID, authority and final target against corpus"
Sas-Executar/Executar-app-Blueprint,GAP,GAP,CONTEXT_MANAGEMENT.md,blob,SOURCE_PATH_OBSERVED_AUTHORITY_NOT_ASSESSED,docs/05-agent/CONTEXT_MANAGEMENT.md,docs/05-agent/CONTEXT_MANAGEMENT.md,,,main,b463948413b83325fdde57e53125de8691d751de,CORPUS_DIRECT,,,KEEP_PENDING_RECONCILIATION,"Reconcile ID, authority and final target against corpus"
Sas-Executar/Executar-app-Blueprint,GAP,GAP,COPILOT_ORCHESTRATION_FLOW.md,blob,SOURCE_PATH_OBSERVED_AUTHORITY_NOT_ASSESSED,docs/05-agent/COPILOT_ORCHESTRATION_FLOW.md,docs/05-agent/COPILOT_ORCHESTRATION_FLOW.md,,,main,b463948413b83325fdde57e53125de8691d751de,CORPUS_DIRECT,,,KEEP_PENDING_RECONCILIATION,"Reconcile ID, authority and final target against corpus"
Sas-Executar/Executar-app-Blueprint,GAP,GAP,DELIVERABLE_REGISTRY.md,blob,SOURCE_PATH_OBSERVED_AUTHORITY_NOT_ASSESSED,docs/05-agent/DELIVERABLE_REGISTRY.md,docs/05-agent/DELIVERABLE_REGISTRY.md,,,main,b463948413b83325fdde57e53125de8691d751de,CORPUS_DIRECT,,,KEEP_PENDING_RECONCILIATION,"Reconcile ID, authority and final target against corpus"
Sas-Executar/Executar-app-Blueprint,GAP,GAP,GUARDRAILS.md,blob,SOURCE_PATH_OBSERVED_AUTHORITY_NOT_ASSESSED,docs/05-agent/GUARDRAILS.md,docs/05-agent/GUARDRAILS.md,,,main,b463948413b83325fdde57e53125de8691d751de,CORPUS_DIRECT,,,KEEP_PENDING_RECONCILIATION,"Reconcile ID, authority and final target against corpus"
Sas-Executar/Executar-app-Blueprint,GAP,GAP,HANDOFFS.md,blob,SOURCE_PATH_OBSERVED_AUTHORITY_NOT_ASSESSED,docs/05-agent/HANDOFFS.md,docs/05-agent/HANDOFFS.md,,,main,b463948413b83325fdde57e53125de8691d751de,CORPUS_DIRECT,,,KEEP_PENDING_RECONCILIATION,"Reconcile ID, authority and final target against corpus"
Sas-Executar/Executar-app-Blueprint,GAP,GAP,HUMAN_APPROVAL_POLICY.md,blob,SOURCE_PATH_OBSERVED_AUTHORITY_NOT_ASSESSED,docs/05-agent/HUMAN_APPROVAL_POLICY.md,docs/05-agent/HUMAN_APPROVAL_POLICY.md,,,main,b463948413b83325fdde57e53125de8691d751de,CORPUS_DIRECT,,,KEEP_PENDING_RECONCILIATION,"Reconcile ID, authority and final target against corpus"
Sas-Executar/Executar-app-Blueprint,GAP,GAP,MODEL_POLICY.md,blob,SOURCE_PATH_OBSERVED_AUTHORITY_NOT_ASSESSED,docs/05-agent/MODEL_POLICY.md,docs/05-agent/MODEL_POLICY.md,,,main,b463948413b83325fdde57e53125de8691d751de,CORPUS_DIRECT,,,KEEP_PENDING_RECONCILIATION,"Reconcile ID, authority and final target against corpus"
Sas-Executar/Executar-app-Blueprint,GAP,GAP,REGISTRATION_NOTES.md,blob,SOURCE_PATH_OBSERVED_AUTHORITY_NOT_ASSESSED,docs/05-agent/REGISTRATION_NOTES.md,docs/05-agent/REGISTRATION_NOTES.md,,,main,b463948413b83325fdde57e53125de8691d751de,CORPUS_DIRECT,,,KEEP_PENDING_RECONCILIATION,"Reconcile ID, authority and final target against corpus"
Sas-Executar/Executar-app-Blueprint,GAP,GAP,ROUTINES_MODE.md,blob,SOURCE_PATH_OBSERVED_AUTHORITY_NOT_ASSESSED,docs/05-agent/ROUTINES_MODE.md,docs/05-agent/ROUTINES_MODE.md,,,main,b463948413b83325fdde57e53125de8691d751de,CORPUS_DIRECT,,,KEEP_PENDING_RECONCILIATION,"Reconcile ID, authority and final target against corpus"
Sas-Executar/Executar-app-Blueprint,GAP,GAP,SESSION_MEMORY_POLICY.md,blob,SOURCE_PATH_OBSERVED_AUTHORITY_NOT_ASSESSED,docs/05-agent/SESSION_MEMORY_POLICY.md,docs/05-agent/SESSION_MEMORY_POLICY.md,,,main,b463948413b83325fdde57e53125de8691d751de,CORPUS_DIRECT,,,KEEP_PENDING_RECONCILIATION,"Reconcile ID, authority and final target against corpus"
Sas-Executar/Executar-app-Blueprint,GAP,GAP,SKILL_REGISTRY.md,blob,SOURCE_PATH_OBSERVED_AUTHORITY_NOT_ASSESSED,docs/05-agent/SKILL_REGISTRY.md,docs/05-agent/SKILL_REGISTRY.md,,,main,b463948413b83325fdde57e53125de8691d751de,CORPUS_DIRECT,,,KEEP_PENDING_RECONCILIATION,"Reconcile ID, authority and final target against corpus"
Sas-Executar/Executar-app-Blueprint,GAP,GAP,STRUCTURED_OUTPUTS.md,blob,SOURCE_PATH_OBSERVED_AUTHORITY_NOT_ASSESSED,docs/05-agent/STRUCTURED_OUTPUTS.md,docs/05-agent/STRUCTURED_OUTPUTS.md,,,main,b463948413b83325fdde57e53125de8691d751de,CORPUS_DIRECT,,,KEEP_PENDING_RECONCILIATION,"Reconcile ID, authority and final target against corpus"
Sas-Executar/Executar-app-Blueprint,GAP,GAP,TOOL_CONTRACTS.md,blob,SOURCE_PATH_OBSERVED_AUTHORITY_NOT_ASSESSED,docs/05-agent/TOOL_CONTRACTS.md,docs/05-agent/TOOL_CONTRACTS.md,,,main,b463948413b83325fdde57e53125de8691d751de,CORPUS_DIRECT,,,KEEP_PENDING_RECONCILIATION,"Reconcile ID, authority and final target against corpus"
Sas-Executar/Executar-app-Blueprint,GAP,GAP,TOOL_REGISTRY.md,blob,SOURCE_PATH_OBSERVED_AUTHORITY_NOT_ASSESSED,docs/05-agent/TOOL_REGISTRY.md,docs/05-agent/TOOL_REGISTRY.md,,,main,b463948413b83325fdde57e53125de8691d751de,CORPUS_DIRECT,,,KEEP_PENDING_RECONCILIATION,"Reconcile ID, authority and final target against corpus"
Sas-Executar/Executar-app-Blueprint,GAP,GAP,FAILURE_PATTERNS.md,blob,SOURCE_PATH_OBSERVED_AUTHORITY_NOT_ASSESSED,docs/06-prompts/FAILURE_PATTERNS.md,docs/06-prompts/FAILURE_PATTERNS.md,,,main,b463948413b83325fdde57e53125de8691d751de,CORPUS_DIRECT,,,KEEP_PENDING_RECONCILIATION,"Reconcile ID, authority and final target against corpus"
Sas-Executar/Executar-app-Blueprint,GAP,GAP,PROMPT-ROUTINES-001.md,blob,SOURCE_PATH_OBSERVED_AUTHORITY_NOT_ASSESSED,docs/06-prompts/PROMPT-ROUTINES-001.md,docs/06-prompts/PROMPT-ROUTINES-001.md,,,main,b463948413b83325fdde57e53125de8691d751de,CORPUS_DIRECT,,,KEEP_PENDING_RECONCILIATION,"Reconcile ID, authority and final target against corpus"
Sas-Executar/Executar-app-Blueprint,GAP,GAP,PROMPT_CATALOG.md,blob,SOURCE_PATH_OBSERVED_AUTHORITY_NOT_ASSESSED,docs/06-prompts/PROMPT_CATALOG.md,docs/06-prompts/PROMPT_CATALOG.md,,,main,b463948413b83325fdde57e53125de8691d751de,CORPUS_DIRECT,,,KEEP_PENDING_RECONCILIATION,"Reconcile ID, authority and final target against corpus"
Sas-Executar/Executar-app-Blueprint,GAP,GAP,PROMPT_EXAMPLES.md,blob,SOURCE_PATH_OBSERVED_AUTHORITY_NOT_ASSESSED,docs/06-prompts/PROMPT_EXAMPLES.md,docs/06-prompts/PROMPT_EXAMPLES.md,,,main,b463948413b83325fdde57e53125de8691d751de,CORPUS_DIRECT,,,KEEP_PENDING_RECONCILIATION,"Reconcile ID, authority and final target against corpus"
Sas-Executar/Executar-app-Blueprint,GAP,GAP,PROMPT_VARIABLES.md,blob,SOURCE_PATH_OBSERVED_AUTHORITY_NOT_ASSESSED,docs/06-prompts/PROMPT_VARIABLES.md,docs/06-prompts/PROMPT_VARIABLES.md,,,main,b463948413b83325fdde57e53125de8691d751de,CORPUS_DIRECT,,,KEEP_PENDING_RECONCILIATION,"Reconcile ID, authority and final target against corpus"
Sas-Executar/Executar-app-Blueprint,GAP,GAP,SYSTEM_PROMPT.md,blob,SOURCE_PATH_OBSERVED_AUTHORITY_NOT_ASSESSED,docs/06-prompts/SYSTEM_PROMPT.md,docs/06-prompts/SYSTEM_PROMPT.md,,,main,b463948413b83325fdde57e53125de8691d751de,CORPUS_DIRECT,,,KEEP_PENDING_RECONCILIATION,"Reconcile ID, authority and final target against corpus"
Sas-Executar/Executar-app-Blueprint,GAP,GAP,DATA_DICTIONARY.md,blob,SOURCE_PATH_OBSERVED_AUTHORITY_NOT_ASSESSED,docs/07-data/DATA_DICTIONARY.md,docs/07-data/DATA_DICTIONARY.md,,,main,b463948413b83325fdde57e53125de8691d751de,CORPUS_DIRECT,,,KEEP_PENDING_RECONCILIATION,"Reconcile ID, authority and final target against corpus"
Sas-Executar/Executar-app-Blueprint,GAP,GAP,DATA_MODEL.md,blob,SOURCE_PATH_OBSERVED_AUTHORITY_NOT_ASSESSED,docs/07-data/DATA_MODEL.md,docs/07-data/DATA_MODEL.md,,,main,b463948413b83325fdde57e53125de8691d751de,CORPUS_DIRECT,,,KEEP_PENDING_RECONCILIATION,"Reconcile ID, authority and final target against corpus"
Sas-Executar/Executar-app-Blueprint,GAP,GAP,ERD.md,blob,SOURCE_PATH_OBSERVED_AUTHORITY_NOT_ASSESSED,docs/07-data/ERD.md,docs/07-data/ERD.md,,,main,b463948413b83325fdde57e53125de8691d751de,CORPUS_DIRECT,,,KEEP_PENDING_RECONCILIATION,"Reconcile ID, authority and final target against corpus"
Sas-Executar/Executar-app-Blueprint,GAP,GAP,MIGRATION_POLICY.md,blob,SOURCE_PATH_OBSERVED_AUTHORITY_NOT_ASSESSED,docs/07-data/MIGRATION_POLICY.md,docs/07-data/MIGRATION_POLICY.md,,,main,b463948413b83325fdde57e53125de8691d751de,CORPUS_DIRECT,,,KEEP_PENDING_RECONCILIATION,"Reconcile ID, authority and final target against corpus"
Sas-Executar/Executar-app-Blueprint,GAP,GAP,RETENTION_POLICY.md,blob,SOURCE_PATH_OBSERVED_AUTHORITY_NOT_ASSESSED,docs/07-data/RETENTION_POLICY.md,docs/07-data/RETENTION_POLICY.md,,,main,b463948413b83325fdde57e53125de8691d751de,CORPUS_DIRECT,,,KEEP_PENDING_RECONCILIATION,"Reconcile ID, authority and final target against corpus"
Sas-Executar/Executar-app-Blueprint,GAP,GAP,RLS_MATRIX.md,blob,SOURCE_PATH_OBSERVED_AUTHORITY_NOT_ASSESSED,docs/07-data/RLS_MATRIX.md,docs/07-data/RLS_MATRIX.md,,,main,b463948413b83325fdde57e53125de8691d751de,CORPUS_DIRECT,,,KEEP_PENDING_RECONCILIATION,"Reconcile ID, authority and final target against corpus"
Sas-Executar/Executar-app-Blueprint,GAP,GAP,SEED_DATA.md,blob,SOURCE_PATH_OBSERVED_AUTHORITY_NOT_ASSESSED,docs/07-data/SEED_DATA.md,docs/07-data/SEED_DATA.md,,,main,b463948413b83325fdde57e53125de8691d751de,CORPUS_DIRECT,,,KEEP_PENDING_RECONCILIATION,"Reconcile ID, authority and final target against corpus"
Sas-Executar/Executar-app-Blueprint,GAP,GAP,ERROR_CONTRACT.md,blob,SOURCE_PATH_OBSERVED_AUTHORITY_NOT_ASSESSED,docs/08-api-contracts/ERROR_CONTRACT.md,docs/08-api-contracts/ERROR_CONTRACT.md,,,main,b463948413b83325fdde57e53125de8691d751de,CORPUS_DIRECT,,,KEEP_PENDING_RECONCILIATION,"Reconcile ID, authority and final target against corpus"
Sas-Executar/Executar-app-Blueprint,GAP,GAP,EVENT_CONTRACTS.md,blob,SOURCE_PATH_OBSERVED_AUTHORITY_NOT_ASSESSED,docs/08-api-contracts/EVENT_CONTRACTS.md,docs/08-api-contracts/EVENT_CONTRACTS.md,,,main,b463948413b83325fdde57e53125de8691d751de,CORPUS_DIRECT,,,KEEP_PENDING_RECONCILIATION,"Reconcile ID, authority and final target against corpus"
Sas-Executar/Executar-app-Blueprint,GAP,GAP,OPENAPI.yaml,blob,SOURCE_PATH_OBSERVED_AUTHORITY_NOT_ASSESSED,docs/08-api-contracts/OPENAPI.yaml,docs/08-api-contracts/OPENAPI.yaml,,,main,b463948413b83325fdde57e53125de8691d751de,CORPUS_DIRECT,,,KEEP_PENDING_RECONCILIATION,"Reconcile ID, authority and final target against corpus"
Sas-Executar/Executar-app-Blueprint,GAP,GAP,ROUTINE_DELIVERY_CONTRACT.md,blob,SOURCE_PATH_OBSERVED_AUTHORITY_NOT_ASSESSED,docs/08-api-contracts/ROUTINE_DELIVERY_CONTRACT.md,docs/08-api-contracts/ROUTINE_DELIVERY_CONTRACT.md,,,main,b463948413b83325fdde57e53125de8691d751de,CORPUS_DIRECT,,,KEEP_PENDING_RECONCILIATION,"Reconcile ID, authority and final target against corpus"
Sas-Executar/Executar-app-Blueprint,GAP,GAP,SCANNER_ACTION_CONTRACT.md,blob,SOURCE_PATH_OBSERVED_AUTHORITY_NOT_ASSESSED,docs/08-api-contracts/SCANNER_ACTION_CONTRACT.md,docs/08-api-contracts/SCANNER_ACTION_CONTRACT.md,,,main,b463948413b83325fdde57e53125de8691d751de,CORPUS_DIRECT,,,KEEP_PENDING_RECONCILIATION,"Reconcile ID, authority and final target against corpus"
Sas-Executar/Executar-app-Blueprint,GAP,GAP,README.md,blob,SOURCE_PATH_OBSERVED_AUTHORITY_NOT_ASSESSED,docs/08-api-contracts/SCHEMAS/README.md,docs/08-api-contracts/SCHEMAS/README.md,,,main,b463948413b83325fdde57e53125de8691d751de,CORPUS_DIRECT,,,KEEP_PENDING_RECONCILIATION,"Reconcile ID, authority and final target against corpus"
Sas-Executar/Executar-app-Blueprint,GAP,GAP,WEBHOOKS.md,blob,SOURCE_PATH_OBSERVED_AUTHORITY_NOT_ASSESSED,docs/08-api-contracts/WEBHOOKS.md,docs/08-api-contracts/WEBHOOKS.md,,,main,b463948413b83325fdde57e53125de8691d751de,CORPUS_DIRECT,,,KEEP_PENDING_RECONCILIATION,"Reconcile ID, authority and final target against corpus"
Sas-Executar/Executar-app-Blueprint,GAP,GAP,ACCESSIBILITY.md,blob,SOURCE_PATH_OBSERVED_AUTHORITY_NOT_ASSESSED,docs/09-frontend/ACCESSIBILITY.md,docs/09-frontend/ACCESSIBILITY.md,,,main,b463948413b83325fdde57e53125de8691d751de,CORPUS_DIRECT,,,KEEP_PENDING_RECONCILIATION,"Reconcile ID, authority and final target against corpus"
Sas-Executar/Executar-app-Blueprint,GAP,GAP,COMPONENT_INVENTORY.md,blob,SOURCE_PATH_OBSERVED_AUTHORITY_NOT_ASSESSED,docs/09-frontend/COMPONENT_INVENTORY.md,docs/09-frontend/COMPONENT_INVENTORY.md,,,main,b463948413b83325fdde57e53125de8691d751de,CORPUS_DIRECT,,,KEEP_PENDING_RECONCILIATION,"Reconcile ID, authority and final target against corpus"
Sas-Executar/Executar-app-Blueprint,GAP,GAP,DESIGN_SYSTEM.md,blob,SOURCE_PATH_OBSERVED_AUTHORITY_NOT_ASSESSED,docs/09-frontend/DESIGN_SYSTEM.md,docs/09-frontend/DESIGN_SYSTEM.md,,,main,b463948413b83325fdde57e53125de8691d751de,CORPUS_DIRECT,,,KEEP_PENDING_RECONCILIATION,"Reconcile ID, authority and final target against corpus"
Sas-Executar/Executar-app-Blueprint,GAP,GAP,INFORMATION_ARCHITECTURE.md,blob,SOURCE_PATH_OBSERVED_AUTHORITY_NOT_ASSESSED,docs/09-frontend/INFORMATION_ARCHITECTURE.md,docs/09-frontend/INFORMATION_ARCHITECTURE.md,,,main,b463948413b83325fdde57e53125de8691d751de,CORPUS_DIRECT,,,KEEP_PENDING_RECONCILIATION,"Reconcile ID, authority and final target against corpus"
Sas-Executar/Executar-app-Blueprint,GAP,GAP,RESPONSIVE_RULES.md,blob,SOURCE_PATH_OBSERVED_AUTHORITY_NOT_ASSESSED,docs/09-frontend/RESPONSIVE_RULES.md,docs/09-frontend/RESPONSIVE_RULES.md,,,main,b463948413b83325fdde57e53125de8691d751de,CORPUS_DIRECT,,,KEEP_PENDING_RECONCILIATION,"Reconcile ID, authority and final target against corpus"
Sas-Executar/Executar-app-Blueprint,GAP,GAP,ROUTE_MAP.md,blob,SOURCE_PATH_OBSERVED_AUTHORITY_NOT_ASSESSED,docs/09-frontend/ROUTE_MAP.md,docs/09-frontend/ROUTE_MAP.md,,,main,b463948413b83325fdde57e53125de8691d751de,CORPUS_DIRECT,,,KEEP_PENDING_RECONCILIATION,"Reconcile ID, authority and final target against corpus"
Sas-Executar/Executar-app-Blueprint,GAP,GAP,SPEC-WORKSPACE-001.md,blob,SOURCE_PATH_OBSERVED_AUTHORITY_NOT_ASSESSED,docs/09-frontend/SPEC-WORKSPACE-001.md,docs/09-frontend/SPEC-WORKSPACE-001.md,,,main,b463948413b83325fdde57e53125de8691d751de,CORPUS_DIRECT,,,KEEP_PENDING_RECONCILIATION,"Reconcile ID, authority and final target against corpus"
Sas-Executar/Executar-app-Blueprint,GAP,GAP,UI_STATES.md,blob,SOURCE_PATH_OBSERVED_AUTHORITY_NOT_ASSESSED,docs/09-frontend/UI_STATES.md,docs/09-frontend/UI_STATES.md,,,main,b463948413b83325fdde57e53125de8691d751de,CORPUS_DIRECT,,,KEEP_PENDING_RECONCILIATION,"Reconcile ID, authority and final target against corpus"
Sas-Executar/Executar-app-Blueprint,GAP,GAP,ERROR_HANDLING.md,blob,SOURCE_PATH_OBSERVED_AUTHORITY_NOT_ASSESSED,docs/10-backend/ERROR_HANDLING.md,docs/10-backend/ERROR_HANDLING.md,,,main,b463948413b83325fdde57e53125de8691d751de,CORPUS_DIRECT,,,KEEP_PENDING_RECONCILIATION,"Reconcile ID, authority and final target against corpus"
Sas-Executar/Executar-app-Blueprint,GAP,GAP,IDEMPOTENCY.md,blob,SOURCE_PATH_OBSERVED_AUTHORITY_NOT_ASSESSED,docs/10-backend/IDEMPOTENCY.md,docs/10-backend/IDEMPOTENCY.md,,,main,b463948413b83325fdde57e53125de8691d751de,CORPUS_DIRECT,,,KEEP_PENDING_RECONCILIATION,"Reconcile ID, authority and final target against corpus"
Sas-Executar/Executar-app-Blueprint,GAP,GAP,JOBS_AND_SCHEDULERS.md,blob,SOURCE_PATH_OBSERVED_AUTHORITY_NOT_ASSESSED,docs/10-backend/JOBS_AND_SCHEDULERS.md,docs/10-backend/JOBS_AND_SCHEDULERS.md,,,main,b463948413b83325fdde57e53125de8691d751de,CORPUS_DIRECT,,,KEEP_PENDING_RECONCILIATION,"Reconcile ID, authority and final target against corpus"
Sas-Executar/Executar-app-Blueprint,GAP,GAP,SERVICE_BOUNDARIES.md,blob,SOURCE_PATH_OBSERVED_AUTHORITY_NOT_ASSESSED,docs/10-backend/SERVICE_BOUNDARIES.md,docs/10-backend/SERVICE_BOUNDARIES.md,,,main,b463948413b83325fdde57e53125de8691d751de,CORPUS_DIRECT,,,KEEP_PENDING_RECONCILIATION,"Reconcile ID, authority and final target against corpus"
Sas-Executar/Executar-app-Blueprint,GAP,GAP,USE_CASES.md,blob,SOURCE_PATH_OBSERVED_AUTHORITY_NOT_ASSESSED,docs/10-backend/USE_CASES.md,docs/10-backend/USE_CASES.md,,,main,b463948413b83325fdde57e53125de8691d751de,CORPUS_DIRECT,,,KEEP_PENDING_RECONCILIATION,"Reconcile ID, authority and final target against corpus"
Sas-Executar/Executar-app-Blueprint,GAP,GAP,AI_THREAT_MODEL.md,blob,SOURCE_PATH_OBSERVED_AUTHORITY_NOT_ASSESSED,docs/11-security/AI_THREAT_MODEL.md,docs/11-security/AI_THREAT_MODEL.md,,,main,b463948413b83325fdde57e53125de8691d751de,CORPUS_DIRECT,,,KEEP_PENDING_RECONCILIATION,"Reconcile ID, authority and final target against corpus"
Sas-Executar/Executar-app-Blueprint,GAP,GAP,PERMISSION_MATRIX.md,blob,SOURCE_PATH_OBSERVED_AUTHORITY_NOT_ASSESSED,docs/11-security/PERMISSION_MATRIX.md,docs/11-security/PERMISSION_MATRIX.md,,,main,b463948413b83325fdde57e53125de8691d751de,CORPUS_DIRECT,,,KEEP_PENDING_RECONCILIATION,"Reconcile ID, authority and final target against corpus"
Sas-Executar/Executar-app-Blueprint,GAP,GAP,PROMPT_INJECTION_POLICY.md,blob,SOURCE_PATH_OBSERVED_AUTHORITY_NOT_ASSESSED,docs/11-security/PROMPT_INJECTION_POLICY.md,docs/11-security/PROMPT_INJECTION_POLICY.md,,,main,b463948413b83325fdde57e53125de8691d751de,CORPUS_DIRECT,,,KEEP_PENDING_RECONCILIATION,"Reconcile ID, authority and final target against corpus"
Sas-Executar/Executar-app-Blueprint,GAP,GAP,SECRETS_POLICY.md,blob,SOURCE_PATH_OBSERVED_AUTHORITY_NOT_ASSESSED,docs/11-security/SECRETS_POLICY.md,docs/11-security/SECRETS_POLICY.md,,,main,b463948413b83325fdde57e53125de8691d751de,CORPUS_DIRECT,,,KEEP_PENDING_RECONCILIATION,"Reconcile ID, authority and final target against corpus"
Sas-Executar/Executar-app-Blueprint,GAP,GAP,SECURITY.md,blob,SOURCE_PATH_OBSERVED_AUTHORITY_NOT_ASSESSED,docs/11-security/SECURITY.md,docs/11-security/SECURITY.md,,,main,b463948413b83325fdde57e53125de8691d751de,CORPUS_DIRECT,,,KEEP_PENDING_RECONCILIATION,"Reconcile ID, authority and final target against corpus"
Sas-Executar/Executar-app-Blueprint,GAP,GAP,SECURITY_TEST_PLAN.md,blob,SOURCE_PATH_OBSERVED_AUTHORITY_NOT_ASSESSED,docs/11-security/SECURITY_TEST_PLAN.md,docs/11-security/SECURITY_TEST_PLAN.md,,,main,b463948413b83325fdde57e53125de8691d751de,CORPUS_DIRECT,,,KEEP_PENDING_RECONCILIATION,"Reconcile ID, authority and final target against corpus"
Sas-Executar/Executar-app-Blueprint,GAP,GAP,SUPPLY_CHAIN_POLICY.md,blob,SOURCE_PATH_OBSERVED_AUTHORITY_NOT_ASSESSED,docs/11-security/SUPPLY_CHAIN_POLICY.md,docs/11-security/SUPPLY_CHAIN_POLICY.md,,,main,b463948413b83325fdde57e53125de8691d751de,CORPUS_DIRECT,,,KEEP_PENDING_RECONCILIATION,"Reconcile ID, authority and final target against corpus"
Sas-Executar/Executar-app-Blueprint,GAP,GAP,THREAT_MODEL.md,blob,SOURCE_PATH_OBSERVED_AUTHORITY_NOT_ASSESSED,docs/11-security/THREAT_MODEL.md,docs/11-security/THREAT_MODEL.md,,,main,b463948413b83325fdde57e53125de8691d751de,CORPUS_DIRECT,,,KEEP_PENDING_RECONCILIATION,"Reconcile ID, authority and final target against corpus"
Sas-Executar/Executar-app-Blueprint,GAP,GAP,AGENT_EVAL_STRATEGY.md,blob,SOURCE_PATH_OBSERVED_AUTHORITY_NOT_ASSESSED,docs/12-testing-evals/AGENT_EVAL_STRATEGY.md,docs/12-testing-evals/AGENT_EVAL_STRATEGY.md,,,main,b463948413b83325fdde57e53125de8691d751de,CORPUS_DIRECT,,,KEEP_PENDING_RECONCILIATION,"Reconcile ID, authority and final target against corpus"
Sas-Executar/Executar-app-Blueprint,GAP,GAP,CONTRACT_TEST_PLAN.md,blob,SOURCE_PATH_OBSERVED_AUTHORITY_NOT_ASSESSED,docs/12-testing-evals/CONTRACT_TEST_PLAN.md,docs/12-testing-evals/CONTRACT_TEST_PLAN.md,,,main,b463948413b83325fdde57e53125de8691d751de,CORPUS_DIRECT,,,KEEP_PENDING_RECONCILIATION,"Reconcile ID, authority and final target against corpus"
Sas-Executar/Executar-app-Blueprint,GAP,GAP,E2E_TEST_PLAN.md,blob,SOURCE_PATH_OBSERVED_AUTHORITY_NOT_ASSESSED,docs/12-testing-evals/E2E_TEST_PLAN.md,docs/12-testing-evals/E2E_TEST_PLAN.md,,,main,b463948413b83325fdde57e53125de8691d751de,CORPUS_DIRECT,,,KEEP_PENDING_RECONCILIATION,"Reconcile ID, authority and final target against corpus"
Sas-Executar/Executar-app-Blueprint,GAP,GAP,EVAL_DATASET_SCHEMA.md,blob,SOURCE_PATH_OBSERVED_AUTHORITY_NOT_ASSESSED,docs/12-testing-evals/EVAL_DATASET_SCHEMA.md,docs/12-testing-evals/EVAL_DATASET_SCHEMA.md,,,main,b463948413b83325fdde57e53125de8691d751de,CORPUS_DIRECT,,,KEEP_PENDING_RECONCILIATION,"Reconcile ID, authority and final target against corpus"
Sas-Executar/Executar-app-Blueprint,GAP,GAP,GRADERS.md,blob,SOURCE_PATH_OBSERVED_AUTHORITY_NOT_ASSESSED,docs/12-testing-evals/GRADERS.md,docs/12-testing-evals/GRADERS.md,,,main,b463948413b83325fdde57e53125de8691d751de,CORPUS_DIRECT,,,KEEP_PENDING_RECONCILIATION,"Reconcile ID, authority and final target against corpus"
Sas-Executar/Executar-app-Blueprint,GAP,GAP,INTEGRATION_TEST_PLAN.md,blob,SOURCE_PATH_OBSERVED_AUTHORITY_NOT_ASSESSED,docs/12-testing-evals/INTEGRATION_TEST_PLAN.md,docs/12-testing-evals/INTEGRATION_TEST_PLAN.md,,,main,b463948413b83325fdde57e53125de8691d751de,CORPUS_DIRECT,,,KEEP_PENDING_RECONCILIATION,"Reconcile ID, authority and final target against corpus"
Sas-Executar/Executar-app-Blueprint,GAP,GAP,QUALITY_GATES.md,blob,SOURCE_PATH_OBSERVED_AUTHORITY_NOT_ASSESSED,docs/12-testing-evals/QUALITY_GATES.md,docs/12-testing-evals/QUALITY_GATES.md,,,main,b463948413b83325fdde57e53125de8691d751de,CORPUS_DIRECT,,,KEEP_PENDING_RECONCILIATION,"Reconcile ID, authority and final target against corpus"
Sas-Executar/Executar-app-Blueprint,GAP,GAP,TEST_STRATEGY.md,blob,SOURCE_PATH_OBSERVED_AUTHORITY_NOT_ASSESSED,docs/12-testing-evals/TEST_STRATEGY.md,docs/12-testing-evals/TEST_STRATEGY.md,,,main,b463948413b83325fdde57e53125de8691d751de,CORPUS_DIRECT,,,KEEP_PENDING_RECONCILIATION,"Reconcile ID, authority and final target against corpus"
Sas-Executar/Executar-app-Blueprint,GAP,GAP,UNIT_TEST_PLAN.md,blob,SOURCE_PATH_OBSERVED_AUTHORITY_NOT_ASSESSED,docs/12-testing-evals/UNIT_TEST_PLAN.md,docs/12-testing-evals/UNIT_TEST_PLAN.md,,,main,b463948413b83325fdde57e53125de8691d751de,CORPUS_DIRECT,,,KEEP_PENDING_RECONCILIATION,"Reconcile ID, authority and final target against corpus"
Sas-Executar/Executar-app-Blueprint,GAP,GAP,AI_COST_BUDGET.md,blob,SOURCE_PATH_OBSERVED_AUTHORITY_NOT_ASSESSED,docs/13-observability/AI_COST_BUDGET.md,docs/13-observability/AI_COST_BUDGET.md,,,main,b463948413b83325fdde57e53125de8691d751de,CORPUS_DIRECT,,,KEEP_PENDING_RECONCILIATION,"Reconcile ID, authority and final target against corpus"
Sas-Executar/Executar-app-Blueprint,GAP,GAP,BUSINESS_TELEMETRY.md,blob,SOURCE_PATH_OBSERVED_AUTHORITY_NOT_ASSESSED,docs/13-observability/BUSINESS_TELEMETRY.md,docs/13-observability/BUSINESS_TELEMETRY.md,,,main,b463948413b83325fdde57e53125de8691d751de,CORPUS_DIRECT,,,KEEP_PENDING_RECONCILIATION,"Reconcile ID, authority and final target against corpus"
Sas-Executar/Executar-app-Blueprint,GAP,GAP,IMPLEMENTATION_PLAN.md,blob,SOURCE_PATH_OBSERVED_AUTHORITY_NOT_ASSESSED,docs/13-observability/IMPLEMENTATION_PLAN.md,docs/13-observability/IMPLEMENTATION_PLAN.md,,,main,b463948413b83325fdde57e53125de8691d751de,CORPUS_DIRECT,,,KEEP_PENDING_RECONCILIATION,"Reconcile ID, authority and final target against corpus"
Sas-Executar/Executar-app-Blueprint,GAP,GAP,LOGGING_POLICY.md,blob,SOURCE_PATH_OBSERVED_AUTHORITY_NOT_ASSESSED,docs/13-observability/LOGGING_POLICY.md,docs/13-observability/LOGGING_POLICY.md,,,main,b463948413b83325fdde57e53125de8691d751de,CORPUS_DIRECT,,,KEEP_PENDING_RECONCILIATION,"Reconcile ID, authority and final target against corpus"
Sas-Executar/Executar-app-Blueprint,GAP,GAP,METRICS.md,blob,SOURCE_PATH_OBSERVED_AUTHORITY_NOT_ASSESSED,docs/13-observability/METRICS.md,docs/13-observability/METRICS.md,,,main,b463948413b83325fdde57e53125de8691d751de,CORPUS_DIRECT,,,KEEP_PENDING_RECONCILIATION,"Reconcile ID, authority and final target against corpus"
Sas-Executar/Executar-app-Blueprint,GAP,GAP,OBSERVABILITY.md,blob,SOURCE_PATH_OBSERVED_AUTHORITY_NOT_ASSESSED,docs/13-observability/OBSERVABILITY.md,docs/13-observability/OBSERVABILITY.md,,,main,b463948413b83325fdde57e53125de8691d751de,CORPUS_DIRECT,,,KEEP_PENDING_RECONCILIATION,"Reconcile ID, authority and final target against corpus"
Sas-Executar/Executar-app-Blueprint,GAP,GAP,SLO_SLA.md,blob,SOURCE_PATH_OBSERVED_AUTHORITY_NOT_ASSESSED,docs/13-observability/SLO_SLA.md,docs/13-observability/SLO_SLA.md,,,main,b463948413b83325fdde57e53125de8691d751de,CORPUS_DIRECT,,,KEEP_PENDING_RECONCILIATION,"Reconcile ID, authority and final target against corpus"
Sas-Executar/Executar-app-Blueprint,GAP,GAP,TRACE_SCHEMA.md,blob,SOURCE_PATH_OBSERVED_AUTHORITY_NOT_ASSESSED,docs/13-observability/TRACE_SCHEMA.md,docs/13-observability/TRACE_SCHEMA.md,,,main,b463948413b83325fdde57e53125de8691d751de,CORPUS_DIRECT,,,KEEP_PENDING_RECONCILIATION,"Reconcile ID, authority and final target against corpus"
Sas-Executar/Executar-app-Blueprint,GAP,GAP,CI_CD.md,blob,SOURCE_PATH_OBSERVED_AUTHORITY_NOT_ASSESSED,docs/14-devops/CI_CD.md,docs/14-devops/CI_CD.md,,,main,b463948413b83325fdde57e53125de8691d751de,CORPUS_DIRECT,,,KEEP_PENDING_RECONCILIATION,"Reconcile ID, authority and final target against corpus"
Sas-Executar/Executar-app-Blueprint,GAP,GAP,DEPLOYMENT.md,blob,SOURCE_PATH_OBSERVED_AUTHORITY_NOT_ASSESSED,docs/14-devops/DEPLOYMENT.md,docs/14-devops/DEPLOYMENT.md,,,main,b463948413b83325fdde57e53125de8691d751de,CORPUS_DIRECT,,,KEEP_PENDING_RECONCILIATION,"Reconcile ID, authority and final target against corpus"
Sas-Executar/Executar-app-Blueprint,GAP,GAP,ENVIRONMENT_MATRIX.md,blob,SOURCE_PATH_OBSERVED_AUTHORITY_NOT_ASSESSED,docs/14-devops/ENVIRONMENT_MATRIX.md,docs/14-devops/ENVIRONMENT_MATRIX.md,,,main,b463948413b83325fdde57e53125de8691d751de,CORPUS_DIRECT,,,KEEP_PENDING_RECONCILIATION,"Reconcile ID, authority and final target against corpus"
Sas-Executar/Executar-app-Blueprint,GAP,GAP,LOCAL_DEVELOPMENT.md,blob,SOURCE_PATH_OBSERVED_AUTHORITY_NOT_ASSESSED,docs/14-devops/LOCAL_DEVELOPMENT.md,docs/14-devops/LOCAL_DEVELOPMENT.md,,,main,b463948413b83325fdde57e53125de8691d751de,CORPUS_DIRECT,,,KEEP_PENDING_RECONCILIATION,"Reconcile ID, authority and final target against corpus"
Sas-Executar/Executar-app-Blueprint,GAP,GAP,ROLLBACK.md,blob,SOURCE_PATH_OBSERVED_AUTHORITY_NOT_ASSESSED,docs/14-devops/ROLLBACK.md,docs/14-devops/ROLLBACK.md,,,main,b463948413b83325fdde57e53125de8691d751de,CORPUS_DIRECT,,,KEEP_PENDING_RECONCILIATION,"Reconcile ID, authority and final target against corpus"
Sas-Executar/Executar-app-Blueprint,GAP,GAP,BACKUP_RESTORE.md,blob,SOURCE_PATH_OBSERVED_AUTHORITY_NOT_ASSESSED,docs/15-operations-release/BACKUP_RESTORE.md,docs/15-operations-release/BACKUP_RESTORE.md,,,main,b463948413b83325fdde57e53125de8691d751de,CORPUS_DIRECT,,,KEEP_PENDING_RECONCILIATION,"Reconcile ID, authority and final target against corpus"
Sas-Executar/Executar-app-Blueprint,GAP,GAP,INCIDENT_RESPONSE.md,blob,SOURCE_PATH_OBSERVED_AUTHORITY_NOT_ASSESSED,docs/15-operations-release/INCIDENT_RESPONSE.md,docs/15-operations-release/INCIDENT_RESPONSE.md,,,main,b463948413b83325fdde57e53125de8691d751de,CORPUS_DIRECT,,,KEEP_PENDING_RECONCILIATION,"Reconcile ID, authority and final target against corpus"
Sas-Executar/Executar-app-Blueprint,GAP,GAP,KNOWN_ISSUES.md,blob,SOURCE_PATH_OBSERVED_AUTHORITY_NOT_ASSESSED,docs/15-operations-release/KNOWN_ISSUES.md,docs/15-operations-release/KNOWN_ISSUES.md,,,main,b463948413b83325fdde57e53125de8691d751de,CORPUS_DIRECT,,,KEEP_PENDING_RECONCILIATION,"Reconcile ID, authority and final target against corpus"
Sas-Executar/Executar-app-Blueprint,GAP,GAP,RELEASE_CHECKLIST.md,blob,SOURCE_PATH_OBSERVED_AUTHORITY_NOT_ASSESSED,docs/15-operations-release/RELEASE_CHECKLIST.md,docs/15-operations-release/RELEASE_CHECKLIST.md,,,main,b463948413b83325fdde57e53125de8691d751de,CORPUS_DIRECT,,,KEEP_PENDING_RECONCILIATION,"Reconcile ID, authority and final target against corpus"
Sas-Executar/Executar-app-Blueprint,GAP,GAP,RELEASE_NOTES.md,blob,SOURCE_PATH_OBSERVED_AUTHORITY_NOT_ASSESSED,docs/15-operations-release/RELEASE_NOTES.md,docs/15-operations-release/RELEASE_NOTES.md,,,main,b463948413b83325fdde57e53125de8691d751de,CORPUS_DIRECT,,,KEEP_PENDING_RECONCILIATION,"Reconcile ID, authority and final target against corpus"
Sas-Executar/Executar-app-Blueprint,GAP,GAP,RUNBOOK.md,blob,SOURCE_PATH_OBSERVED_AUTHORITY_NOT_ASSESSED,docs/15-operations-release/RUNBOOK.md,docs/15-operations-release/RUNBOOK.md,,,main,b463948413b83325fdde57e53125de8691d751de,CORPUS_DIRECT,,,KEEP_PENDING_RECONCILIATION,"Reconcile ID, authority and final target against corpus"
Sas-Executar/Executar-app-Blueprint,GAP,GAP,CONTEXT_PRECEDENCE.md,blob,SOURCE_PATH_OBSERVED_AUTHORITY_NOT_ASSESSED,docs/16-personalization/CONTEXT_PRECEDENCE.md,docs/16-personalization/CONTEXT_PRECEDENCE.md,,,main,b463948413b83325fdde57e53125de8691d751de,CORPUS_DIRECT,,,KEEP_PENDING_RECONCILIATION,"Reconcile ID, authority and final target against corpus"
Sas-Executar/Executar-app-Blueprint,GAP,GAP,INSTRUCTION_COMPOSITION.md,blob,SOURCE_PATH_OBSERVED_AUTHORITY_NOT_ASSESSED,docs/16-personalization/INSTRUCTION_COMPOSITION.md,docs/16-personalization/INSTRUCTION_COMPOSITION.md,,,main,b463948413b83325fdde57e53125de8691d751de,CORPUS_DIRECT,,,KEEP_PENDING_RECONCILIATION,"Reconcile ID, authority and final target against corpus"
Sas-Executar/Executar-app-Blueprint,GAP,GAP,MEMORY_SCHEMA.md,blob,SOURCE_PATH_OBSERVED_AUTHORITY_NOT_ASSESSED,docs/16-personalization/MEMORY_SCHEMA.md,docs/16-personalization/MEMORY_SCHEMA.md,,,main,b463948413b83325fdde57e53125de8691d751de,CORPUS_DIRECT,,,KEEP_PENDING_RECONCILIATION,"Reconcile ID, authority and final target against corpus"
Sas-Executar/Executar-app-Blueprint,GAP,GAP,MEMORY_WRITE_POLICY.md,blob,SOURCE_PATH_OBSERVED_AUTHORITY_NOT_ASSESSED,docs/16-personalization/MEMORY_WRITE_POLICY.md,docs/16-personalization/MEMORY_WRITE_POLICY.md,,,main,b463948413b83325fdde57e53125de8691d751de,CORPUS_DIRECT,,,KEEP_PENDING_RECONCILIATION,"Reconcile ID, authority and final target against corpus"
Sas-Executar/Executar-app-Blueprint,GAP,GAP,PREFERENCE_SCHEMA.md,blob,SOURCE_PATH_OBSERVED_AUTHORITY_NOT_ASSESSED,docs/16-personalization/PREFERENCE_SCHEMA.md,docs/16-personalization/PREFERENCE_SCHEMA.md,,,main,b463948413b83325fdde57e53125de8691d751de,CORPUS_DIRECT,,,KEEP_PENDING_RECONCILIATION,"Reconcile ID, authority and final target against corpus"
Sas-Executar/Executar-app-Blueprint,GAP,GAP,PRIVACY_BOUNDARIES.md,blob,SOURCE_PATH_OBSERVED_AUTHORITY_NOT_ASSESSED,docs/16-personalization/PRIVACY_BOUNDARIES.md,docs/16-personalization/PRIVACY_BOUNDARIES.md,,,main,b463948413b83325fdde57e53125de8691d751de,CORPUS_DIRECT,,,KEEP_PENDING_RECONCILIATION,"Reconcile ID, authority and final target against corpus"
Sas-Executar/Executar-app-Blueprint,GAP,GAP,USER_PROFILE_SCHEMA.md,blob,SOURCE_PATH_OBSERVED_AUTHORITY_NOT_ASSESSED,docs/16-personalization/USER_PROFILE_SCHEMA.md,docs/16-personalization/USER_PROFILE_SCHEMA.md,,,main,b463948413b83325fdde57e53125de8691d751de,CORPUS_DIRECT,,,KEEP_PENDING_RECONCILIATION,"Reconcile ID, authority and final target against corpus"
Sas-Executar/Executar-app-Blueprint,GAP,GAP,BUSINESS_MODEL.md,blob,SOURCE_PATH_OBSERVED_AUTHORITY_NOT_ASSESSED,docs/17-business/BUSINESS_MODEL.md,docs/17-business/BUSINESS_MODEL.md,,,main,b463948413b83325fdde57e53125de8691d751de,CORPUS_DIRECT,,,KEEP_PENDING_RECONCILIATION,"Reconcile ID, authority and final target against corpus"
Sas-Executar/Executar-app-Blueprint,GAP,GAP,PRICING.md,blob,SOURCE_PATH_OBSERVED_AUTHORITY_NOT_ASSESSED,docs/17-business/PRICING.md,docs/17-business/PRICING.md,,,main,b463948413b83325fdde57e53125de8691d751de,CORPUS_DIRECT,,,KEEP_PENDING_RECONCILIATION,"Reconcile ID, authority and final target against corpus"
Sas-Executar/Executar-app-Blueprint,GAP,GAP,README.md,blob,SOURCE_PATH_OBSERVED_AUTHORITY_NOT_ASSESSED,docs/17-business/README.md,docs/17-business/README.md,,,main,b463948413b83325fdde57e53125de8691d751de,CORPUS_DIRECT,,,KEEP_PENDING_RECONCILIATION,"Reconcile ID, authority and final target against corpus"
Sas-Executar/Executar-app-Blueprint,GAP,GAP,UNIT_ECONOMICS.md,blob,SOURCE_PATH_OBSERVED_AUTHORITY_NOT_ASSESSED,docs/17-business/UNIT_ECONOMICS.md,docs/17-business/UNIT_ECONOMICS.md,,,main,b463948413b83325fdde57e53125de8691d751de,CORPUS_DIRECT,,,KEEP_PENDING_RECONCILIATION,"Reconcile ID, authority and final target against corpus"
Sas-Executar/Executar-app-Blueprint,GAP,GAP,unit-economics-scenarios.csv,blob,SOURCE_PATH_OBSERVED_AUTHORITY_NOT_ASSESSED,docs/17-business/unit-economics-scenarios.csv,docs/17-business/unit-economics-scenarios.csv,,,main,b463948413b83325fdde57e53125de8691d751de,CORPUS_DIRECT,,,KEEP_PENDING_RECONCILIATION,"Reconcile ID, authority and final target against corpus"
Sas-Executar/Executar-app-Blueprint,GAP,GAP,DOCUMENT_TEMPLATE.md,blob,SOURCE_PATH_OBSERVED_AUTHORITY_NOT_ASSESSED,docs/_templates/DOCUMENT_TEMPLATE.md,docs/_templates/DOCUMENT_TEMPLATE.md,,,main,b463948413b83325fdde57e53125de8691d751de,CORPUS_DIRECT,,,KEEP_PENDING_RECONCILIATION,"Reconcile ID, authority and final target against corpus"
Sas-Executar/Executar-app-Blueprint,GAP,GAP,ADVERSARIAL_CASES.jsonl,blob,SOURCE_PATH_OBSERVED_AUTHORITY_NOT_ASSESSED,evals/adversarial/ADVERSARIAL_CASES.jsonl,evals/adversarial/ADVERSARIAL_CASES.jsonl,,,main,b463948413b83325fdde57e53125de8691d751de,CORPUS_DIRECT,,,KEEP_PENDING_RECONCILIATION,"Reconcile ID, authority and final target against corpus"
Sas-Executar/Executar-app-Blueprint,GAP,GAP,GOLDEN_CASES.jsonl,blob,SOURCE_PATH_OBSERVED_AUTHORITY_NOT_ASSESSED,evals/datasets/GOLDEN_CASES.jsonl,evals/datasets/GOLDEN_CASES.jsonl,,,main,b463948413b83325fdde57e53125de8691d751de,CORPUS_DIRECT,,,KEEP_PENDING_RECONCILIATION,"Reconcile ID, authority and final target against corpus"
Sas-Executar/Executar-app-Blueprint,GAP,GAP,README.md,blob,SOURCE_PATH_OBSERVED_AUTHORITY_NOT_ASSESSED,evals/graders/README.md,evals/graders/README.md,,,main,b463948413b83325fdde57e53125de8691d751de,CORPUS_DIRECT,,,KEEP_PENDING_RECONCILIATION,"Reconcile ID, authority and final target against corpus"
Sas-Executar/Executar-app-Blueprint,GAP,GAP,REGRESSION_SUITE.jsonl,blob,SOURCE_PATH_OBSERVED_AUTHORITY_NOT_ASSESSED,evals/regression/REGRESSION_SUITE.jsonl,evals/regression/REGRESSION_SUITE.jsonl,,,main,b463948413b83325fdde57e53125de8691d751de,CORPUS_DIRECT,,,KEEP_PENDING_RECONCILIATION,"Reconcile ID, authority and final target against corpus"
Sas-Executar/Executar-app-Blueprint,GAP,GAP,EXECUTAR_Showroom_reconstructed.html,blob,SOURCE_PATH_OBSERVED_AUTHORITY_NOT_ASSESSED,references/design-system/EXECUTAR_Showroom_reconstructed.html,references/design-system/EXECUTAR_Showroom_reconstructed.html,,,main,b463948413b83325fdde57e53125de8691d751de,CORPUS_DIRECT,,,KEEP_PENDING_RECONCILIATION,"Reconcile ID, authority and final target against corpus"
Sas-Executar/Executar-app-Blueprint,GAP,GAP,README.md,blob,SOURCE_PATH_OBSERVED_AUTHORITY_NOT_ASSESSED,references/design-system/README.md,references/design-system/README.md,,,main,b463948413b83325fdde57e53125de8691d751de,CORPUS_DIRECT,,,KEEP_PENDING_RECONCILIATION,"Reconcile ID, authority and final target against corpus"
Sas-Executar/Executar-app-Blueprint,GAP,GAP,SOURCE_MANIFEST.json,blob,SOURCE_PATH_OBSERVED_AUTHORITY_NOT_ASSESSED,references/design-system/SOURCE_MANIFEST.json,references/design-system/SOURCE_MANIFEST.json,,,main,b463948413b83325fdde57e53125de8691d751de,CORPUS_DIRECT,,,KEEP_PENDING_RECONCILIATION,"Reconcile ID, authority and final target against corpus"
Sas-Executar/Executar-app-Blueprint,GAP,GAP,SOURCE_README.txt,blob,SOURCE_PATH_OBSERVED_AUTHORITY_NOT_ASSESSED,references/design-system/SOURCE_README.txt,references/design-system/SOURCE_README.txt,,,main,b463948413b83325fdde57e53125de8691d751de,CORPUS_DIRECT,,,KEEP_PENDING_RECONCILIATION,"Reconcile ID, authority and final target against corpus"
Sas-Executar/Executar-app-Blueprint,GAP,GAP,package.json,blob,SOURCE_PATH_OBSERVED_AUTHORITY_NOT_ASSESSED,references/design-system/package.json,references/design-system/package.json,,,main,b463948413b83325fdde57e53125de8691d751de,CORPUS_DIRECT,,,KEEP_PENDING_RECONCILIATION,"Reconcile ID, authority and final target against corpus"
Sas-Executar/Executar-app-Blueprint,GAP,GAP,variables.css,blob,SOURCE_PATH_OBSERVED_AUTHORITY_NOT_ASSESSED,references/design-system/variables.css,references/design-system/variables.css,,,main,b463948413b83325fdde57e53125de8691d751de,CORPUS_DIRECT,,,KEEP_PENDING_RECONCILIATION,"Reconcile ID, authority and final target against corpus"
Sas-Executar/Executar-app-Blueprint,GAP,GAP,README.md,blob,SOURCE_PATH_OBSERVED_AUTHORITY_NOT_ASSESSED,skills/README.md,skills/README.md,,,main,b463948413b83325fdde57e53125de8691d751de,CORPUS_DIRECT,,,KEEP_PENDING_RECONCILIATION,"Reconcile ID, authority and final target against corpus"
Sas-Executar/Executar-app-Blueprint,GAP,GAP,REGISTRATION.md,blob,SOURCE_PATH_OBSERVED_AUTHORITY_NOT_ASSESSED,skills/copiloto-executar/REGISTRATION.md,skills/copiloto-executar/REGISTRATION.md,,,main,b463948413b83325fdde57e53125de8691d751de,CORPUS_DIRECT,,,KEEP_PENDING_RECONCILIATION,"Reconcile ID, authority and final target against corpus"
Sas-Executar/Executar-app-Blueprint,GAP,GAP,SKILL.md,blob,SOURCE_PATH_OBSERVED_AUTHORITY_NOT_ASSESSED,skills/copiloto-executar/SKILL.md,skills/copiloto-executar/SKILL.md,,,main,b463948413b83325fdde57e53125de8691d751de,CORPUS_DIRECT,,,KEEP_PENDING_RECONCILIATION,"Reconcile ID, authority and final target against corpus"
Sas-Executar/Executar-app-Blueprint,GAP,GAP,SOURCE_MANIFEST.json,blob,SOURCE_PATH_OBSERVED_AUTHORITY_NOT_ASSESSED,skills/copiloto-executar/SOURCE_MANIFEST.json,skills/copiloto-executar/SOURCE_MANIFEST.json,,,main,b463948413b83325fdde57e53125de8691d751de,CORPUS_DIRECT,,,KEEP_PENDING_RECONCILIATION,"Reconcile ID, authority and final target against corpus"
Sas-Executar/Executar-app-Blueprint,GAP,GAP,commands.md,blob,SOURCE_PATH_OBSERVED_AUTHORITY_NOT_ASSESSED,skills/copiloto-executar/references/commands.md,skills/copiloto-executar/references/commands.md,,,main,b463948413b83325fdde57e53125de8691d751de,CORPUS_DIRECT,,,KEEP_PENDING_RECONCILIATION,"Reconcile ID, authority and final target against corpus"
Sas-Executar/Executar-app-Blueprint,GAP,GAP,orchestrator-output.schema.json,blob,SOURCE_PATH_OBSERVED_AUTHORITY_NOT_ASSESSED,skills/copiloto-executar/references/contracts/orchestrator-output.schema.json,skills/copiloto-executar/references/contracts/orchestrator-output.schema.json,,,main,b463948413b83325fdde57e53125de8691d751de,CORPUS_DIRECT,,,KEEP_PENDING_RECONCILIATION,"Reconcile ID, authority and final target against corpus"
Sas-Executar/Executar-app-Blueprint,GAP,GAP,INTERNAL_ASSET_INDEX.md,blob,SOURCE_PATH_OBSERVED_AUTHORITY_NOT_ASSESSED,skills/executar-mapa-os/INTERNAL_ASSET_INDEX.md,skills/executar-mapa-os/INTERNAL_ASSET_INDEX.md,,,main,b463948413b83325fdde57e53125de8691d751de,CORPUS_DIRECT,,,KEEP_PENDING_RECONCILIATION,"Reconcile ID, authority and final target against corpus"
Sas-Executar/Executar-app-Blueprint,GAP,GAP,REGISTRATION.md,blob,SOURCE_PATH_OBSERVED_AUTHORITY_NOT_ASSESSED,skills/executar-mapa-os/REGISTRATION.md,skills/executar-mapa-os/REGISTRATION.md,,,main,b463948413b83325fdde57e53125de8691d751de,CORPUS_DIRECT,,,KEEP_PENDING_RECONCILIATION,"Reconcile ID, authority and final target against corpus"
Sas-Executar/Executar-app-Blueprint,GAP,GAP,SKILL.md,blob,SOURCE_PATH_OBSERVED_AUTHORITY_NOT_ASSESSED,skills/executar-mapa-os/SKILL.md,skills/executar-mapa-os/SKILL.md,,,main,b463948413b83325fdde57e53125de8691d751de,CORPUS_DIRECT,,,KEEP_PENDING_RECONCILIATION,"Reconcile ID, authority and final target against corpus"
Sas-Executar/Executar-app-Blueprint,GAP,GAP,SOURCE_MANIFEST.json,blob,SOURCE_PATH_OBSERVED_AUTHORITY_NOT_ASSESSED,skills/executar-mapa-os/SOURCE_MANIFEST.json,skills/executar-mapa-os/SOURCE_MANIFEST.json,,,main,b463948413b83325fdde57e53125de8691d751de,CORPUS_DIRECT,,,KEEP_PENDING_RECONCILIATION,"Reconcile ID, authority and final target against corpus"
Sas-Executar/Executar-app-Blueprint,GAP,GAP,status-report-prisma-a4-v4.html,blob,SOURCE_PATH_OBSERVED_AUTHORITY_NOT_ASSESSED,skills/executar-mapa-os/assets/templates/status-report-prisma-a4-v4.html,skills/executar-mapa-os/assets/templates/status-report-prisma-a4-v4.html,,,main,b463948413b83325fdde57e53125de8691d751de,CORPUS_DIRECT,,,KEEP_PENDING_RECONCILIATION,"Reconcile ID, authority and final target against corpus"
Sas-Executar/Executar-app-Blueprint,GAP,GAP,mapa-os-contract.md,blob,SOURCE_PATH_OBSERVED_AUTHORITY_NOT_ASSESSED,skills/executar-mapa-os/references/mapa-os-contract.md,skills/executar-mapa-os/references/mapa-os-contract.md,,,main,b463948413b83325fdde57e53125de8691d751de,CORPUS_DIRECT,,,KEEP_PENDING_RECONCILIATION,"Reconcile ID, authority and final target against corpus"
Sas-Executar/Executar-app-Blueprint,GAP,GAP,projections.md,blob,SOURCE_PATH_OBSERVED_AUTHORITY_NOT_ASSESSED,skills/executar-mapa-os/references/projections.md,skills/executar-mapa-os/references/projections.md,,,main,b463948413b83325fdde57e53125de8691d751de,CORPUS_DIRECT,,,KEEP_PENDING_RECONCILIATION,"Reconcile ID, authority and final target against corpus"
Sas-Executar/Executar-app-Blueprint,GAP,GAP,01-prompt-mestre-prisma.md,blob,SOURCE_PATH_OBSERVED_AUTHORITY_NOT_ASSESSED,skills/executar-mapa-os/references/prompts/01-prompt-mestre-prisma.md,skills/executar-mapa-os/references/prompts/01-prompt-mestre-prisma.md,,,main,b463948413b83325fdde57e53125de8691d751de,CORPUS_DIRECT,,,KEEP_PENDING_RECONCILIATION,"Reconcile ID, authority and final target against corpus"
Sas-Executar/Executar-app-Blueprint,GAP,GAP,02-exemplo-preenchido-prisma.md,blob,SOURCE_PATH_OBSERVED_AUTHORITY_NOT_ASSESSED,skills/executar-mapa-os/references/prompts/02-exemplo-preenchido-prisma.md,skills/executar-mapa-os/references/prompts/02-exemplo-preenchido-prisma.md,,,main,b463948413b83325fdde57e53125de8691d751de,CORPUS_DIRECT,,,KEEP_PENDING_RECONCILIATION,"Reconcile ID, authority and final target against corpus"
Sas-Executar/Executar-app-Blueprint,GAP,GAP,01-build-mapa-os.md,blob,SOURCE_PATH_OBSERVED_AUTHORITY_NOT_ASSESSED,skills/executar-mapa-os/references/workflows/01-build-mapa-os.md,skills/executar-mapa-os/references/workflows/01-build-mapa-os.md,,,main,b463948413b83325fdde57e53125de8691d751de,CORPUS_DIRECT,,,KEEP_PENDING_RECONCILIATION,"Reconcile ID, authority and final target against corpus"
Sas-Executar/Executar-app-Blueprint,GAP,GAP,02-prisma-7d.md,blob,SOURCE_PATH_OBSERVED_AUTHORITY_NOT_ASSESSED,skills/executar-mapa-os/references/workflows/02-prisma-7d.md,skills/executar-mapa-os/references/workflows/02-prisma-7d.md,,,main,b463948413b83325fdde57e53125de8691d751de,CORPUS_DIRECT,,,KEEP_PENDING_RECONCILIATION,"Reconcile ID, authority and final target against corpus"
Sas-Executar/Executar-app-Blueprint,GAP,GAP,03-example-test.md,blob,SOURCE_PATH_OBSERVED_AUTHORITY_NOT_ASSESSED,skills/executar-mapa-os/references/workflows/03-example-test.md,skills/executar-mapa-os/references/workflows/03-example-test.md,,,main,b463948413b83325fdde57e53125de8691d751de,CORPUS_DIRECT,,,KEEP_PENDING_RECONCILIATION,"Reconcile ID, authority and final target against corpus"
Sas-Executar/Executar-app-Blueprint,GAP,GAP,README.md,blob,SOURCE_PATH_OBSERVED_AUTHORITY_NOT_ASSESSED,src/README.md,src/README.md,,,main,b463948413b83325fdde57e53125de8691d751de,CORPUS_DIRECT,,,KEEP_PENDING_RECONCILIATION,"Reconcile ID, authority and final target against corpus"
Sas-Executar/Executar-app-Blueprint,GAP,GAP,README.md,blob,SOURCE_PATH_OBSERVED_AUTHORITY_NOT_ASSESSED,src/agents/README.md,src/agents/README.md,,,main,b463948413b83325fdde57e53125de8691d751de,CORPUS_DIRECT,,,KEEP_PENDING_RECONCILIATION,"Reconcile ID, authority and final target against corpus"
Sas-Executar/Executar-app-Blueprint,GAP,GAP,README.md,blob,SOURCE_PATH_OBSERVED_AUTHORITY_NOT_ASSESSED,src/app/README.md,src/app/README.md,,,main,b463948413b83325fdde57e53125de8691d751de,CORPUS_DIRECT,,,KEEP_PENDING_RECONCILIATION,"Reconcile ID, authority and final target against corpus"
Sas-Executar/Executar-app-Blueprint,GAP,GAP,README.md,blob,SOURCE_PATH_OBSERVED_AUTHORITY_NOT_ASSESSED,src/components/README.md,src/components/README.md,,,main,b463948413b83325fdde57e53125de8691d751de,CORPUS_DIRECT,,,KEEP_PENDING_RECONCILIATION,"Reconcile ID, authority and final target against corpus"
Sas-Executar/Executar-app-Blueprint,GAP,GAP,README.md,blob,SOURCE_PATH_OBSERVED_AUTHORITY_NOT_ASSESSED,src/domain/README.md,src/domain/README.md,,,main,b463948413b83325fdde57e53125de8691d751de,CORPUS_DIRECT,,,KEEP_PENDING_RECONCILIATION,"Reconcile ID, authority and final target against corpus"
Sas-Executar/Executar-app-Blueprint,GAP,GAP,README.md,blob,SOURCE_PATH_OBSERVED_AUTHORITY_NOT_ASSESSED,src/features/README.md,src/features/README.md,,,main,b463948413b83325fdde57e53125de8691d751de,CORPUS_DIRECT,,,KEEP_PENDING_RECONCILIATION,"Reconcile ID, authority and final target against corpus"
Sas-Executar/Executar-app-Blueprint,GAP,GAP,README.md,blob,SOURCE_PATH_OBSERVED_AUTHORITY_NOT_ASSESSED,src/guardrails/README.md,src/guardrails/README.md,,,main,b463948413b83325fdde57e53125de8691d751de,CORPUS_DIRECT,,,KEEP_PENDING_RECONCILIATION,"Reconcile ID, authority and final target against corpus"
Sas-Executar/Executar-app-Blueprint,GAP,GAP,instrumentation.ts,blob,SOURCE_PATH_OBSERVED_AUTHORITY_NOT_ASSESSED,src/instrumentation.ts,src/instrumentation.ts,,,main,b463948413b83325fdde57e53125de8691d751de,CORPUS_DIRECT,,,KEEP_PENDING_RECONCILIATION,"Reconcile ID, authority and final target against corpus"
Sas-Executar/Executar-app-Blueprint,GAP,GAP,README.md,blob,SOURCE_PATH_OBSERVED_AUTHORITY_NOT_ASSESSED,src/lib/README.md,src/lib/README.md,,,main,b463948413b83325fdde57e53125de8691d751de,CORPUS_DIRECT,,,KEEP_PENDING_RECONCILIATION,"Reconcile ID, authority and final target against corpus"
Sas-Executar/Executar-app-Blueprint,GAP,GAP,README.md,blob,SOURCE_PATH_OBSERVED_AUTHORITY_NOT_ASSESSED,src/prompts/README.md,src/prompts/README.md,,,main,b463948413b83325fdde57e53125de8691d751de,CORPUS_DIRECT,,,KEEP_PENDING_RECONCILIATION,"Reconcile ID, authority and final target against corpus"
Sas-Executar/Executar-app-Blueprint,GAP,GAP,README.md,blob,SOURCE_PATH_OBSERVED_AUTHORITY_NOT_ASSESSED,src/repositories/README.md,src/repositories/README.md,,,main,b463948413b83325fdde57e53125de8691d751de,CORPUS_DIRECT,,,KEEP_PENDING_RECONCILIATION,"Reconcile ID, authority and final target against corpus"
Sas-Executar/Executar-app-Blueprint,GAP,GAP,README.md,blob,SOURCE_PATH_OBSERVED_AUTHORITY_NOT_ASSESSED,src/schemas/README.md,src/schemas/README.md,,,main,b463948413b83325fdde57e53125de8691d751de,CORPUS_DIRECT,,,KEEP_PENDING_RECONCILIATION,"Reconcile ID, authority and final target against corpus"
Sas-Executar/Executar-app-Blueprint,GAP,GAP,README.md,blob,SOURCE_PATH_OBSERVED_AUTHORITY_NOT_ASSESSED,src/services/README.md,src/services/README.md,,,main,b463948413b83325fdde57e53125de8691d751de,CORPUS_DIRECT,,,KEEP_PENDING_RECONCILIATION,"Reconcile ID, authority and final target against corpus"
Sas-Executar/Executar-app-Blueprint,GAP,GAP,README.md,blob,SOURCE_PATH_OBSERVED_AUTHORITY_NOT_ASSESSED,src/tools/README.md,src/tools/README.md,,,main,b463948413b83325fdde57e53125de8691d751de,CORPUS_DIRECT,,,KEEP_PENDING_RECONCILIATION,"Reconcile ID, authority and final target against corpus"
Sas-Executar/Executar-app-Blueprint,GAP,GAP,README.md,blob,SOURCE_PATH_OBSERVED_AUTHORITY_NOT_ASSESSED,supabase/README.md,supabase/README.md,,,main,b463948413b83325fdde57e53125de8691d751de,CORPUS_DIRECT,,,KEEP_PENDING_RECONCILIATION,"Reconcile ID, authority and final target against corpus"
Sas-Executar/Executar-app-Blueprint,GAP,GAP,README.md,blob,SOURCE_PATH_OBSERVED_AUTHORITY_NOT_ASSESSED,supabase/functions/README.md,supabase/functions/README.md,,,main,b463948413b83325fdde57e53125de8691d751de,CORPUS_DIRECT,,,KEEP_PENDING_RECONCILIATION,"Reconcile ID, authority and final target against corpus"
Sas-Executar/Executar-app-Blueprint,GAP,GAP,README.md,blob,SOURCE_PATH_OBSERVED_AUTHORITY_NOT_ASSESSED,supabase/migrations/README.md,supabase/migrations/README.md,,,main,b463948413b83325fdde57e53125de8691d751de,CORPUS_DIRECT,,,KEEP_PENDING_RECONCILIATION,"Reconcile ID, authority and final target against corpus"
Sas-Executar/Executar-app-Blueprint,GAP,GAP,seed.sql,blob,SOURCE_PATH_OBSERVED_AUTHORITY_NOT_ASSESSED,supabase/seed.sql,supabase/seed.sql,,,main,b463948413b83325fdde57e53125de8691d751de,CORPUS_DIRECT,,,KEEP_PENDING_RECONCILIATION,"Reconcile ID, authority and final target against corpus"
Sas-Executar/Executar-app-Blueprint,GAP,GAP,README.md,blob,SOURCE_PATH_OBSERVED_AUTHORITY_NOT_ASSESSED,supabase/tests/README.md,supabase/tests/README.md,,,main,b463948413b83325fdde57e53125de8691d751de,CORPUS_DIRECT,,,KEEP_PENDING_RECONCILIATION,"Reconcile ID, authority and final target against corpus"
Sas-Executar/Executar-app-Blueprint,GAP,GAP,README.md,blob,SOURCE_PATH_OBSERVED_AUTHORITY_NOT_ASSESSED,tests/contract/README.md,tests/contract/README.md,,,main,b463948413b83325fdde57e53125de8691d751de,CORPUS_DIRECT,,,KEEP_PENDING_RECONCILIATION,"Reconcile ID, authority and final target against corpus"
Sas-Executar/Executar-app-Blueprint,GAP,GAP,README.md,blob,SOURCE_PATH_OBSERVED_AUTHORITY_NOT_ASSESSED,tests/e2e/README.md,tests/e2e/README.md,,,main,b463948413b83325fdde57e53125de8691d751de,CORPUS_DIRECT,,,KEEP_PENDING_RECONCILIATION,"Reconcile ID, authority and final target against corpus"
Sas-Executar/Executar-app-Blueprint,GAP,GAP,README.md,blob,SOURCE_PATH_OBSERVED_AUTHORITY_NOT_ASSESSED,tests/integration/README.md,tests/integration/README.md,,,main,b463948413b83325fdde57e53125de8691d751de,CORPUS_DIRECT,,,KEEP_PENDING_RECONCILIATION,"Reconcile ID, authority and final target against corpus"
Sas-Executar/Executar-app-Blueprint,GAP,GAP,README.md,blob,SOURCE_PATH_OBSERVED_AUTHORITY_NOT_ASSESSED,tests/security/README.md,tests/security/README.md,,,main,b463948413b83325fdde57e53125de8691d751de,CORPUS_DIRECT,,,KEEP_PENDING_RECONCILIATION,"Reconcile ID, authority and final target against corpus"
Sas-Executar/Executar-app-Blueprint,GAP,GAP,README.md,blob,SOURCE_PATH_OBSERVED_AUTHORITY_NOT_ASSESSED,tests/unit/README.md,tests/unit/README.md,,,main,b463948413b83325fdde57e53125de8691d751de,CORPUS_DIRECT,,,KEEP_PENDING_RECONCILIATION,"Reconcile ID, authority and final target against corpus"
Sas-Executar/Programa-Sas,GAP,GAP,GOV-IDX-030-001__fonte-recebida.md,blob,SOURCE_PATH_OBSERVED_AUTHORITY_NOT_ASSESSED,00_governanca/01_referencias/GOV-IDX-030-001__fonte-recebida.md,00_governanca/01_referencias/GOV-IDX-030-001__fonte-recebida.md,,,claude/plugin-engineer-workflow-klbtix,7397fe403da1f1e59744d4f0bb6a0fa33bd03655,CORPUS_DIRECT,,,KEEP_PENDING_RECONCILIATION,"Reconcile ID, authority and final target against corpus"
Sas-Executar/Programa-Sas,GAP,GAP,GUIA_DE_SUBMISSAO.md,blob,SOURCE_PATH_OBSERVED_AUTHORITY_NOT_ASSESSED,00_governanca/GUIA_DE_SUBMISSAO.md,00_governanca/GUIA_DE_SUBMISSAO.md,,,claude/plugin-engineer-workflow-klbtix,7397fe403da1f1e59744d4f0bb6a0fa33bd03655,CORPUS_DIRECT,,,KEEP_PENDING_RECONCILIATION,"Reconcile ID, authority and final target against corpus"
Sas-Executar/Programa-Sas,GAP,GAP,MASTER_INDEX.md,blob,SOURCE_PATH_OBSERVED_AUTHORITY_NOT_ASSESSED,00_governanca/MASTER_INDEX.md,00_governanca/MASTER_INDEX.md,,,claude/plugin-engineer-workflow-klbtix,7397fe403da1f1e59744d4f0bb6a0fa33bd03655,CORPUS_DIRECT,,,KEEP_PENDING_RECONCILIATION,"Reconcile ID, authority and final target against corpus"
Sas-Executar/Programa-Sas,GAP,GAP,RMOC_MASTER_IDS_16_DOMINIOS_V1.csv,blob,SOURCE_PATH_OBSERVED_AUTHORITY_NOT_ASSESSED,00_governanca/RMOC_MASTER_IDS_16_DOMINIOS_V1.csv,00_governanca/RMOC_MASTER_IDS_16_DOMINIOS_V1.csv,,,claude/plugin-engineer-workflow-klbtix,7397fe403da1f1e59744d4f0bb6a0fa33bd03655,CORPUS_DIRECT,,,KEEP_PENDING_RECONCILIATION,"Reconcile ID, authority and final target against corpus"
Sas-Executar/Programa-Sas,GAP,GAP,TAXONOMIA_TOPICOS_SUBTOPICOS.csv,blob,SOURCE_PATH_OBSERVED_AUTHORITY_NOT_ASSESSED,00_governanca/TAXONOMIA_TOPICOS_SUBTOPICOS.csv,00_governanca/TAXONOMIA_TOPICOS_SUBTOPICOS.csv,,,claude/plugin-engineer-workflow-klbtix,7397fe403da1f1e59744d4f0bb6a0fa33bd03655,CORPUS_DIRECT,,,KEEP_PENDING_RECONCILIATION,"Reconcile ID, authority and final target against corpus"
Sas-Executar/Programa-Sas,GAP,GAP,D01-DOC-DDE-001__documento-de-direcao-empresarial.md,blob,SOURCE_PATH_OBSERVED_AUTHORITY_NOT_ASSESSED,01_areas/D01__gestao-empresarial/00_documentos/D01-DOC-DDE-001__documento-de-direcao-empresarial.md,01_areas/D01__gestao-empresarial/00_documentos/D01-DOC-DDE-001__documento-de-direcao-empresarial.md,,,claude/plugin-engineer-workflow-klbtix,7397fe403da1f1e59744d4f0bb6a0fa33bd03655,CORPUS_DIRECT,,,KEEP_PENDING_RECONCILIATION,"Reconcile ID, authority and final target against corpus"
Sas-Executar/Programa-Sas,GAP,GAP,D01-DOC-MNE-001__modelo-de-negocio-do-ecossistema.md,blob,SOURCE_PATH_OBSERVED_AUTHORITY_NOT_ASSESSED,01_areas/D01__gestao-empresarial/00_documentos/D01-DOC-MNE-001__modelo-de-negocio-do-ecossistema.md,01_areas/D01__gestao-empresarial/00_documentos/D01-DOC-MNE-001__modelo-de-negocio-do-ecossistema.md,,,claude/plugin-engineer-workflow-klbtix,7397fe403da1f1e59744d4f0bb6a0fa33bd03655,CORPUS_DIRECT,,,KEEP_PENDING_RECONCILIATION,"Reconcile ID, authority and final target against corpus"
Sas-Executar/Programa-Sas,GAP,GAP,D01-DOC-MRE-001__mapa-de-relacoes-do-ecossistema.md,blob,SOURCE_PATH_OBSERVED_AUTHORITY_NOT_ASSESSED,01_areas/D01__gestao-empresarial/00_documentos/D01-DOC-MRE-001__mapa-de-relacoes-do-ecossistema.md,01_areas/D01__gestao-empresarial/00_documentos/D01-DOC-MRE-001__mapa-de-relacoes-do-ecossistema.md,,,claude/plugin-engineer-workflow-klbtix,7397fe403da1f1e59744d4f0bb6a0fa33bd03655,CORPUS_DIRECT,,,KEEP_PENDING_RECONCILIATION,"Reconcile ID, authority and final target against corpus"
Sas-Executar/Programa-Sas,GAP,GAP,D01-DOC-TAP-001__termo-de-abertura-do-ecossistema.md,blob,SOURCE_PATH_OBSERVED_AUTHORITY_NOT_ASSESSED,01_areas/D01__gestao-empresarial/00_documentos/D01-DOC-TAP-001__termo-de-abertura-do-ecossistema.md,01_areas/D01__gestao-empresarial/00_documentos/D01-DOC-TAP-001__termo-de-abertura-do-ecossistema.md,,,claude/plugin-engineer-workflow-klbtix,7397fe403da1f1e59744d4f0bb6a0fa33bd03655,CORPUS_DIRECT,,,KEEP_PENDING_RECONCILIATION,"Reconcile ID, authority and final target against corpus"
Sas-Executar/Programa-Sas,GAP,GAP,README.md,blob,SOURCE_PATH_OBSERVED_AUTHORITY_NOT_ASSESSED,01_areas/D01__gestao-empresarial/01__direcao-e-estrategia/01__proposito-e-visao/README.md,01_areas/D01__gestao-empresarial/01__direcao-e-estrategia/01__proposito-e-visao/README.md,,,claude/plugin-engineer-workflow-klbtix,7397fe403da1f1e59744d4f0bb6a0fa33bd03655,CORPUS_DIRECT,,,KEEP_PENDING_RECONCILIATION,"Reconcile ID, authority and final target against corpus"
Sas-Executar/Programa-Sas,GAP,GAP,README.md,blob,SOURCE_PATH_OBSERVED_AUTHORITY_NOT_ASSESSED,01_areas/D01__gestao-empresarial/01__direcao-e-estrategia/02__objetivos-e-indicadores/README.md,01_areas/D01__gestao-empresarial/01__direcao-e-estrategia/02__objetivos-e-indicadores/README.md,,,claude/plugin-engineer-workflow-klbtix,7397fe403da1f1e59744d4f0bb6a0fa33bd03655,CORPUS_DIRECT,,,KEEP_PENDING_RECONCILIATION,"Reconcile ID, authority and final target against corpus"
Sas-Executar/Programa-Sas,GAP,GAP,README.md,blob,SOURCE_PATH_OBSERVED_AUTHORITY_NOT_ASSESSED,01_areas/D01__gestao-empresarial/01__direcao-e-estrategia/README.md,01_areas/D01__gestao-empresarial/01__direcao-e-estrategia/README.md,,,claude/plugin-engineer-workflow-klbtix,7397fe403da1f1e59744d4f0bb6a0fa33bd03655,CORPUS_DIRECT,,,KEEP_PENDING_RECONCILIATION,"Reconcile ID, authority and final target against corpus"
Sas-Executar/Programa-Sas,GAP,GAP,README.md,blob,SOURCE_PATH_OBSERVED_AUTHORITY_NOT_ASSESSED,01_areas/D01__gestao-empresarial/02__modelo-empresarial/01__proposta-de-valor/README.md,01_areas/D01__gestao-empresarial/02__modelo-empresarial/01__proposta-de-valor/README.md,,,claude/plugin-engineer-workflow-klbtix,7397fe403da1f1e59744d4f0bb6a0fa33bd03655,CORPUS_DIRECT,,,KEEP_PENDING_RECONCILIATION,"Reconcile ID, authority and final target against corpus"
Sas-Executar/Programa-Sas,GAP,GAP,README.md,blob,SOURCE_PATH_OBSERVED_AUTHORITY_NOT_ASSESSED,01_areas/D01__gestao-empresarial/02__modelo-empresarial/02__receitas-e-parcerias/README.md,01_areas/D01__gestao-empresarial/02__modelo-empresarial/02__receitas-e-parcerias/README.md,,,claude/plugin-engineer-workflow-klbtix,7397fe403da1f1e59744d4f0bb6a0fa33bd03655,CORPUS_DIRECT,,,KEEP_PENDING_RECONCILIATION,"Reconcile ID, authority and final target against corpus"
Sas-Executar/Programa-Sas,GAP,GAP,README.md,blob,SOURCE_PATH_OBSERVED_AUTHORITY_NOT_ASSESSED,01_areas/D01__gestao-empresarial/02__modelo-empresarial/README.md,01_areas/D01__gestao-empresarial/02__modelo-empresarial/README.md,,,claude/plugin-engineer-workflow-klbtix,7397fe403da1f1e59744d4f0bb6a0fa33bd03655,CORPUS_DIRECT,,,KEEP_PENDING_RECONCILIATION,"Reconcile ID, authority and final target against corpus"
Sas-Executar/Programa-Sas,GAP,GAP,README.md,blob,SOURCE_PATH_OBSERVED_AUTHORITY_NOT_ASSESSED,01_areas/D01__gestao-empresarial/03__governanca-do-programa/01__papeis-e-decisoes/README.md,01_areas/D01__gestao-empresarial/03__governanca-do-programa/01__papeis-e-decisoes/README.md,,,claude/plugin-engineer-workflow-klbtix,7397fe403da1f1e59744d4f0bb6a0fa33bd03655,CORPUS_DIRECT,,,KEEP_PENDING_RECONCILIATION,"Reconcile ID, authority and final target against corpus"
Sas-Executar/Programa-Sas,GAP,GAP,README.md,blob,SOURCE_PATH_OBSERVED_AUTHORITY_NOT_ASSESSED,01_areas/D01__gestao-empresarial/03__governanca-do-programa/02__relacoes-do-ecossistema/README.md,01_areas/D01__gestao-empresarial/03__governanca-do-programa/02__relacoes-do-ecossistema/README.md,,,claude/plugin-engineer-workflow-klbtix,7397fe403da1f1e59744d4f0bb6a0fa33bd03655,CORPUS_DIRECT,,,KEEP_PENDING_RECONCILIATION,"Reconcile ID, authority and final target against corpus"
Sas-Executar/Programa-Sas,GAP,GAP,README.md,blob,SOURCE_PATH_OBSERVED_AUTHORITY_NOT_ASSESSED,01_areas/D01__gestao-empresarial/03__governanca-do-programa/README.md,01_areas/D01__gestao-empresarial/03__governanca-do-programa/README.md,,,claude/plugin-engineer-workflow-klbtix,7397fe403da1f1e59744d4f0bb6a0fa33bd03655,CORPUS_DIRECT,,,KEEP_PENDING_RECONCILIATION,"Reconcile ID, authority and final target against corpus"
Sas-Executar/Programa-Sas,GAP,GAP,README.md,blob,SOURCE_PATH_OBSERVED_AUTHORITY_NOT_ASSESSED,01_areas/D01__gestao-empresarial/README.md,01_areas/D01__gestao-empresarial/README.md,,,claude/plugin-engineer-workflow-klbtix,7397fe403da1f1e59744d4f0bb6a0fa33bd03655,CORPUS_DIRECT,,,KEEP_PENDING_RECONCILIATION,"Reconcile ID, authority and final target against corpus"
Sas-Executar/Programa-Sas,GAP,GAP,D02-DOC-DGRC-001__documento-de-governanca-riscos-e-conformidade.md,blob,SOURCE_PATH_OBSERVED_AUTHORITY_NOT_ASSESSED,01_areas/D02__juridico-riscos-e-conformidade/00_documentos/D02-DOC-DGRC-001__documento-de-governanca-riscos-e-conformidade.md,01_areas/D02__juridico-riscos-e-conformidade/00_documentos/D02-DOC-DGRC-001__documento-de-governanca-riscos-e-conformidade.md,,,claude/plugin-engineer-workflow-klbtix,7397fe403da1f1e59744d4f0bb6a0fa33bd03655,CORPUS_DIRECT,,,KEEP_PENDING_RECONCILIATION,"Reconcile ID, authority and final target against corpus"
Sas-Executar/Programa-Sas,GAP,GAP,D02-DOC-MRC-001__matriz-de-riscos-e-controles.md,blob,SOURCE_PATH_OBSERVED_AUTHORITY_NOT_ASSESSED,01_areas/D02__juridico-riscos-e-conformidade/00_documentos/D02-DOC-MRC-001__matriz-de-riscos-e-controles.md,01_areas/D02__juridico-riscos-e-conformidade/00_documentos/D02-DOC-MRC-001__matriz-de-riscos-e-controles.md,,,claude/plugin-engineer-workflow-klbtix,7397fe403da1f1e59744d4f0bb6a0fa33bd03655,CORPUS_DIRECT,,,KEEP_PENDING_RECONCILIATION,"Reconcile ID, authority and final target against corpus"
Sas-Executar/Programa-Sas,GAP,GAP,D02-DOC-PPT-001__politica-de-privacidade-e-termos.md,blob,SOURCE_PATH_OBSERVED_AUTHORITY_NOT_ASSESSED,01_areas/D02__juridico-riscos-e-conformidade/00_documentos/D02-DOC-PPT-001__politica-de-privacidade-e-termos.md,01_areas/D02__juridico-riscos-e-conformidade/00_documentos/D02-DOC-PPT-001__politica-de-privacidade-e-termos.md,,,claude/plugin-engineer-workflow-klbtix,7397fe403da1f1e59744d4f0bb6a0fa33bd03655,CORPUS_DIRECT,,,KEEP_PENDING_RECONCILIATION,"Reconcile ID, authority and final target against corpus"
Sas-Executar/Programa-Sas,GAP,GAP,README.md,blob,SOURCE_PATH_OBSERVED_AUTHORITY_NOT_ASSESSED,01_areas/D02__juridico-riscos-e-conformidade/01__governanca-e-conformidade/01__obrigacoes-e-controles/README.md,01_areas/D02__juridico-riscos-e-conformidade/01__governanca-e-conformidade/01__obrigacoes-e-controles/README.md,,,claude/plugin-engineer-workflow-klbtix,7397fe403da1f1e59744d4f0bb6a0fa33bd03655,CORPUS_DIRECT,,,KEEP_PENDING_RECONCILIATION,"Reconcile ID, authority and final target against corpus"
Sas-Executar/Programa-Sas,GAP,GAP,README.md,blob,SOURCE_PATH_OBSERVED_AUTHORITY_NOT_ASSESSED,01_areas/D02__juridico-riscos-e-conformidade/01__governanca-e-conformidade/02__auditorias-e-evidencias/README.md,01_areas/D02__juridico-riscos-e-conformidade/01__governanca-e-conformidade/02__auditorias-e-evidencias/README.md,,,claude/plugin-engineer-workflow-klbtix,7397fe403da1f1e59744d4f0bb6a0fa33bd03655,CORPUS_DIRECT,,,KEEP_PENDING_RECONCILIATION,"Reconcile ID, authority and final target against corpus"
Sas-Executar/Programa-Sas,GAP,GAP,README.md,blob,SOURCE_PATH_OBSERVED_AUTHORITY_NOT_ASSESSED,01_areas/D02__juridico-riscos-e-conformidade/01__governanca-e-conformidade/README.md,01_areas/D02__juridico-riscos-e-conformidade/01__governanca-e-conformidade/README.md,,,claude/plugin-engineer-workflow-klbtix,7397fe403da1f1e59744d4f0bb6a0fa33bd03655,CORPUS_DIRECT,,,KEEP_PENDING_RECONCILIATION,"Reconcile ID, authority and final target against corpus"
Sas-Executar/Programa-Sas,GAP,GAP,README.md,blob,SOURCE_PATH_OBSERVED_AUTHORITY_NOT_ASSESSED,01_areas/D02__juridico-riscos-e-conformidade/02__riscos/01__identificacao-e-avaliacao/README.md,01_areas/D02__juridico-riscos-e-conformidade/02__riscos/01__identificacao-e-avaliacao/README.md,,,claude/plugin-engineer-workflow-klbtix,7397fe403da1f1e59744d4f0bb6a0fa33bd03655,CORPUS_DIRECT,,,KEEP_PENDING_RECONCILIATION,"Reconcile ID, authority and final target against corpus"
Sas-Executar/Programa-Sas,GAP,GAP,README.md,blob,SOURCE_PATH_OBSERVED_AUTHORITY_NOT_ASSESSED,01_areas/D02__juridico-riscos-e-conformidade/02__riscos/02__respostas-e-monitoramento/README.md,01_areas/D02__juridico-riscos-e-conformidade/02__riscos/02__respostas-e-monitoramento/README.md,,,claude/plugin-engineer-workflow-klbtix,7397fe403da1f1e59744d4f0bb6a0fa33bd03655,CORPUS_DIRECT,,,KEEP_PENDING_RECONCILIATION,"Reconcile ID, authority and final target against corpus"
Sas-Executar/Programa-Sas,GAP,GAP,README.md,blob,SOURCE_PATH_OBSERVED_AUTHORITY_NOT_ASSESSED,01_areas/D02__juridico-riscos-e-conformidade/02__riscos/README.md,01_areas/D02__juridico-riscos-e-conformidade/02__riscos/README.md,,,claude/plugin-engineer-workflow-klbtix,7397fe403da1f1e59744d4f0bb6a0fa33bd03655,CORPUS_DIRECT,,,KEEP_PENDING_RECONCILIATION,"Reconcile ID, authority and final target against corpus"
Sas-Executar/Programa-Sas,GAP,GAP,README.md,blob,SOURCE_PATH_OBSERVED_AUTHORITY_NOT_ASSESSED,01_areas/D02__juridico-riscos-e-conformidade/03__privacidade-e-contratos/01__tratamento-de-dados/README.md,01_areas/D02__juridico-riscos-e-conformidade/03__privacidade-e-contratos/01__tratamento-de-dados/README.md,,,claude/plugin-engineer-workflow-klbtix,7397fe403da1f1e59744d4f0bb6a0fa33bd03655,CORPUS_DIRECT,,,KEEP_PENDING_RECONCILIATION,"Reconcile ID, authority and final target against corpus"
Sas-Executar/Programa-Sas,GAP,GAP,README.md,blob,SOURCE_PATH_OBSERVED_AUTHORITY_NOT_ASSESSED,01_areas/D02__juridico-riscos-e-conformidade/03__privacidade-e-contratos/02__termos-e-propriedade-intelectual/README.md,01_areas/D02__juridico-riscos-e-conformidade/03__privacidade-e-contratos/02__termos-e-propriedade-intelectual/README.md,,,claude/plugin-engineer-workflow-klbtix,7397fe403da1f1e59744d4f0bb6a0fa33bd03655,CORPUS_DIRECT,,,KEEP_PENDING_RECONCILIATION,"Reconcile ID, authority and final target against corpus"
Sas-Executar/Programa-Sas,GAP,GAP,README.md,blob,SOURCE_PATH_OBSERVED_AUTHORITY_NOT_ASSESSED,01_areas/D02__juridico-riscos-e-conformidade/03__privacidade-e-contratos/README.md,01_areas/D02__juridico-riscos-e-conformidade/03__privacidade-e-contratos/README.md,,,claude/plugin-engineer-workflow-klbtix,7397fe403da1f1e59744d4f0bb6a0fa33bd03655,CORPUS_DIRECT,,,KEEP_PENDING_RECONCILIATION,"Reconcile ID, authority and final target against corpus"
Sas-Executar/Programa-Sas,GAP,GAP,README.md,blob,SOURCE_PATH_OBSERVED_AUTHORITY_NOT_ASSESSED,01_areas/D02__juridico-riscos-e-conformidade/README.md,01_areas/D02__juridico-riscos-e-conformidade/README.md,,,claude/plugin-engineer-workflow-klbtix,7397fe403da1f1e59744d4f0bb6a0fa33bd03655,CORPUS_DIRECT,,,KEEP_PENDING_RECONCILIATION,"Reconcile ID, authority and final target against corpus"
Sas-Executar/Programa-Sas,GAP,GAP,D03-DOC-MFO-001__modelo-financeiro-do-ecossistema.md,blob,SOURCE_PATH_OBSERVED_AUTHORITY_NOT_ASSESSED,01_areas/D03__financas/00_documentos/D03-DOC-MFO-001__modelo-financeiro-do-ecossistema.md,01_areas/D03__financas/00_documentos/D03-DOC-MFO-001__modelo-financeiro-do-ecossistema.md,,,claude/plugin-engineer-workflow-klbtix,7397fe403da1f1e59744d4f0bb6a0fa33bd03655,CORPUS_DIRECT,,,KEEP_PENDING_RECONCILIATION,"Reconcile ID, authority and final target against corpus"
Sas-Executar/Programa-Sas,GAP,GAP,D03-DOC-PFO-001__plano-financeiro-e-orcamentario.md,blob,SOURCE_PATH_OBSERVED_AUTHORITY_NOT_ASSESSED,01_areas/D03__financas/00_documentos/D03-DOC-PFO-001__plano-financeiro-e-orcamentario.md,01_areas/D03__financas/00_documentos/D03-DOC-PFO-001__plano-financeiro-e-orcamentario.md,,,claude/plugin-engineer-workflow-klbtix,7397fe403da1f1e59744d4f0bb6a0fa33bd03655,CORPUS_DIRECT,,,KEEP_PENDING_RECONCILIATION,"Reconcile ID, authority and final target against corpus"
Sas-Executar/Programa-Sas,GAP,GAP,README.md,blob,SOURCE_PATH_OBSERVED_AUTHORITY_NOT_ASSESSED,01_areas/D03__financas/01__planejamento-financeiro/01__orcamento-e-investimentos/README.md,01_areas/D03__financas/01__planejamento-financeiro/01__orcamento-e-investimentos/README.md,,,claude/plugin-engineer-workflow-klbtix,7397fe403da1f1e59744d4f0bb6a0fa33bd03655,CORPUS_DIRECT,,,KEEP_PENDING_RECONCILIATION,"Reconcile ID, authority and final target against corpus"
Sas-Executar/Programa-Sas,GAP,GAP,README.md,blob,SOURCE_PATH_OBSERVED_AUTHORITY_NOT_ASSESSED,01_areas/D03__financas/01__planejamento-financeiro/02__cenarios-e-premissas/README.md,01_areas/D03__financas/01__planejamento-financeiro/02__cenarios-e-premissas/README.md,,,claude/plugin-engineer-workflow-klbtix,7397fe403da1f1e59744d4f0bb6a0fa33bd03655,CORPUS_DIRECT,,,KEEP_PENDING_RECONCILIATION,"Reconcile ID, authority and final target against corpus"
Sas-Executar/Programa-Sas,GAP,GAP,README.md,blob,SOURCE_PATH_OBSERVED_AUTHORITY_NOT_ASSESSED,01_areas/D03__financas/01__planejamento-financeiro/README.md,01_areas/D03__financas/01__planejamento-financeiro/README.md,,,claude/plugin-engineer-workflow-klbtix,7397fe403da1f1e59744d4f0bb6a0fa33bd03655,CORPUS_DIRECT,,,KEEP_PENDING_RECONCILIATION,"Reconcile ID, authority and final target against corpus"
Sas-Executar/Programa-Sas,GAP,GAP,README.md,blob,SOURCE_PATH_OBSERVED_AUTHORITY_NOT_ASSESSED,01_areas/D03__financas/02__gestao-de-caixa/01__entradas-e-saidas/README.md,01_areas/D03__financas/02__gestao-de-caixa/01__entradas-e-saidas/README.md,,,claude/plugin-engineer-workflow-klbtix,7397fe403da1f1e59744d4f0bb6a0fa33bd03655,CORPUS_DIRECT,,,KEEP_PENDING_RECONCILIATION,"Reconcile ID, authority and final target against corpus"
Sas-Executar/Programa-Sas,GAP,GAP,README.md,blob,SOURCE_PATH_OBSERVED_AUTHORITY_NOT_ASSESSED,01_areas/D03__financas/02__gestao-de-caixa/02__compromissos-e-reservas/README.md,01_areas/D03__financas/02__gestao-de-caixa/02__compromissos-e-reservas/README.md,,,claude/plugin-engineer-workflow-klbtix,7397fe403da1f1e59744d4f0bb6a0fa33bd03655,CORPUS_DIRECT,,,KEEP_PENDING_RECONCILIATION,"Reconcile ID, authority and final target against corpus"
Sas-Executar/Programa-Sas,GAP,GAP,README.md,blob,SOURCE_PATH_OBSERVED_AUTHORITY_NOT_ASSESSED,01_areas/D03__financas/02__gestao-de-caixa/README.md,01_areas/D03__financas/02__gestao-de-caixa/README.md,,,claude/plugin-engineer-workflow-klbtix,7397fe403da1f1e59744d4f0bb6a0fa33bd03655,CORPUS_DIRECT,,,KEEP_PENDING_RECONCILIATION,"Reconcile ID, authority and final target against corpus"
Sas-Executar/Programa-Sas,GAP,GAP,README.md,blob,SOURCE_PATH_OBSERVED_AUTHORITY_NOT_ASSESSED,01_areas/D03__financas/03__resultados-e-viabilidade/01__custos-e-margens/README.md,01_areas/D03__financas/03__resultados-e-viabilidade/01__custos-e-margens/README.md,,,claude/plugin-engineer-workflow-klbtix,7397fe403da1f1e59744d4f0bb6a0fa33bd03655,CORPUS_DIRECT,,,KEEP_PENDING_RECONCILIATION,"Reconcile ID, authority and final target against corpus"
Sas-Executar/Programa-Sas,GAP,GAP,README.md,blob,SOURCE_PATH_OBSERVED_AUTHORITY_NOT_ASSESSED,01_areas/D03__financas/03__resultados-e-viabilidade/02__receitas-e-sustentabilidade/README.md,01_areas/D03__financas/03__resultados-e-viabilidade/02__receitas-e-sustentabilidade/README.md,,,claude/plugin-engineer-workflow-klbtix,7397fe403da1f1e59744d4f0bb6a0fa33bd03655,CORPUS_DIRECT,,,KEEP_PENDING_RECONCILIATION,"Reconcile ID, authority and final target against corpus"
Sas-Executar/Programa-Sas,GAP,GAP,README.md,blob,SOURCE_PATH_OBSERVED_AUTHORITY_NOT_ASSESSED,01_areas/D03__financas/03__resultados-e-viabilidade/README.md,01_areas/D03__financas/03__resultados-e-viabilidade/README.md,,,claude/plugin-engineer-workflow-klbtix,7397fe403da1f1e59744d4f0bb6a0fa33bd03655,CORPUS_DIRECT,,,KEEP_PENDING_RECONCILIATION,"Reconcile ID, authority and final target against corpus"
Sas-Executar/Programa-Sas,GAP,GAP,README.md,blob,SOURCE_PATH_OBSERVED_AUTHORITY_NOT_ASSESSED,01_areas/D03__financas/README.md,01_areas/D03__financas/README.md,,,claude/plugin-engineer-workflow-klbtix,7397fe403da1f1e59744d4f0bb6a0fa33bd03655,CORPUS_DIRECT,,,KEEP_PENDING_RECONCILIATION,"Reconcile ID, authority and final target against corpus"
Sas-Executar/Programa-Sas,GAP,GAP,D04-DOC-PPC-001__plano-de-pessoas-e-capacidade.md,blob,SOURCE_PATH_OBSERVED_AUTHORITY_NOT_ASSESSED,01_areas/D04__pessoas-e-recursos-humanos/00_documentos/D04-DOC-PPC-001__plano-de-pessoas-e-capacidade.md,01_areas/D04__pessoas-e-recursos-humanos/00_documentos/D04-DOC-PPC-001__plano-de-pessoas-e-capacidade.md,,,claude/plugin-engineer-workflow-klbtix,7397fe403da1f1e59744d4f0bb6a0fa33bd03655,CORPUS_DIRECT,,,KEEP_PENDING_RECONCILIATION,"Reconcile ID, authority and final target against corpus"
Sas-Executar/Programa-Sas,GAP,GAP,README.md,blob,SOURCE_PATH_OBSERVED_AUTHORITY_NOT_ASSESSED,01_areas/D04__pessoas-e-recursos-humanos/01__papeis-e-organizacao/01__responsabilidades/README.md,01_areas/D04__pessoas-e-recursos-humanos/01__papeis-e-organizacao/01__responsabilidades/README.md,,,claude/plugin-engineer-workflow-klbtix,7397fe403da1f1e59744d4f0bb6a0fa33bd03655,CORPUS_DIRECT,,,KEEP_PENDING_RECONCILIATION,"Reconcile ID, authority and final target against corpus"
Sas-Executar/Programa-Sas,GAP,GAP,README.md,blob,SOURCE_PATH_OBSERVED_AUTHORITY_NOT_ASSESSED,01_areas/D04__pessoas-e-recursos-humanos/01__papeis-e-organizacao/02__alocacao-de-funcoes/README.md,01_areas/D04__pessoas-e-recursos-humanos/01__papeis-e-organizacao/02__alocacao-de-funcoes/README.md,,,claude/plugin-engineer-workflow-klbtix,7397fe403da1f1e59744d4f0bb6a0fa33bd03655,CORPUS_DIRECT,,,KEEP_PENDING_RECONCILIATION,"Reconcile ID, authority and final target against corpus"
Sas-Executar/Programa-Sas,GAP,GAP,README.md,blob,SOURCE_PATH_OBSERVED_AUTHORITY_NOT_ASSESSED,01_areas/D04__pessoas-e-recursos-humanos/01__papeis-e-organizacao/README.md,01_areas/D04__pessoas-e-recursos-humanos/01__papeis-e-organizacao/README.md,,,claude/plugin-engineer-workflow-klbtix,7397fe403da1f1e59744d4f0bb6a0fa33bd03655,CORPUS_DIRECT,,,KEEP_PENDING_RECONCILIATION,"Reconcile ID, authority and final target against corpus"
Sas-Executar/Programa-Sas,GAP,GAP,README.md,blob,SOURCE_PATH_OBSERVED_AUTHORITY_NOT_ASSESSED,01_areas/D04__pessoas-e-recursos-humanos/02__capacidade-de-trabalho/01__disponibilidade/README.md,01_areas/D04__pessoas-e-recursos-humanos/02__capacidade-de-trabalho/01__disponibilidade/README.md,,,claude/plugin-engineer-workflow-klbtix,7397fe403da1f1e59744d4f0bb6a0fa33bd03655,CORPUS_DIRECT,,,KEEP_PENDING_RECONCILIATION,"Reconcile ID, authority and final target against corpus"
Sas-Executar/Programa-Sas,GAP,GAP,README.md,blob,SOURCE_PATH_OBSERVED_AUTHORITY_NOT_ASSESSED,01_areas/D04__pessoas-e-recursos-humanos/02__capacidade-de-trabalho/02__carga-e-limites/README.md,01_areas/D04__pessoas-e-recursos-humanos/02__capacidade-de-trabalho/02__carga-e-limites/README.md,,,claude/plugin-engineer-workflow-klbtix,7397fe403da1f1e59744d4f0bb6a0fa33bd03655,CORPUS_DIRECT,,,KEEP_PENDING_RECONCILIATION,"Reconcile ID, authority and final target against corpus"
Sas-Executar/Programa-Sas,GAP,GAP,README.md,blob,SOURCE_PATH_OBSERVED_AUTHORITY_NOT_ASSESSED,01_areas/D04__pessoas-e-recursos-humanos/02__capacidade-de-trabalho/README.md,01_areas/D04__pessoas-e-recursos-humanos/02__capacidade-de-trabalho/README.md,,,claude/plugin-engineer-workflow-klbtix,7397fe403da1f1e59744d4f0bb6a0fa33bd03655,CORPUS_DIRECT,,,KEEP_PENDING_RECONCILIATION,"Reconcile ID, authority and final target against corpus"
Sas-Executar/Programa-Sas,GAP,GAP,README.md,blob,SOURCE_PATH_OBSERVED_AUTHORITY_NOT_ASSESSED,01_areas/D04__pessoas-e-recursos-humanos/03__competencias-e-desenvolvimento/01__mapa-de-competencias/README.md,01_areas/D04__pessoas-e-recursos-humanos/03__competencias-e-desenvolvimento/01__mapa-de-competencias/README.md,,,claude/plugin-engineer-workflow-klbtix,7397fe403da1f1e59744d4f0bb6a0fa33bd03655,CORPUS_DIRECT,,,KEEP_PENDING_RECONCILIATION,"Reconcile ID, authority and final target against corpus"
Sas-Executar/Programa-Sas,GAP,GAP,README.md,blob,SOURCE_PATH_OBSERVED_AUTHORITY_NOT_ASSESSED,01_areas/D04__pessoas-e-recursos-humanos/03__competencias-e-desenvolvimento/02__formacao-e-integracao/README.md,01_areas/D04__pessoas-e-recursos-humanos/03__competencias-e-desenvolvimento/02__formacao-e-integracao/README.md,,,claude/plugin-engineer-workflow-klbtix,7397fe403da1f1e59744d4f0bb6a0fa33bd03655,CORPUS_DIRECT,,,KEEP_PENDING_RECONCILIATION,"Reconcile ID, authority and final target against corpus"
Sas-Executar/Programa-Sas,GAP,GAP,README.md,blob,SOURCE_PATH_OBSERVED_AUTHORITY_NOT_ASSESSED,01_areas/D04__pessoas-e-recursos-humanos/03__competencias-e-desenvolvimento/README.md,01_areas/D04__pessoas-e-recursos-humanos/03__competencias-e-desenvolvimento/README.md,,,claude/plugin-engineer-workflow-klbtix,7397fe403da1f1e59744d4f0bb6a0fa33bd03655,CORPUS_DIRECT,,,KEEP_PENDING_RECONCILIATION,"Reconcile ID, authority and final target against corpus"
Sas-Executar/Programa-Sas,GAP,GAP,README.md,blob,SOURCE_PATH_OBSERVED_AUTHORITY_NOT_ASSESSED,01_areas/D04__pessoas-e-recursos-humanos/README.md,01_areas/D04__pessoas-e-recursos-humanos/README.md,,,claude/plugin-engineer-workflow-klbtix,7397fe403da1f1e59744d4f0bb6a0fa33bd03655,CORPUS_DIRECT,,,KEEP_PENDING_RECONCILIATION,"Reconcile ID, authority and final target against corpus"
Sas-Executar/Programa-Sas,GAP,GAP,D05-DOC-DCM-001__dicionario-de-dados-e-catalogo-de-metricas.md,blob,SOURCE_PATH_OBSERVED_AUTHORITY_NOT_ASSESSED,01_areas/D05__dados/00_documentos/D05-DOC-DCM-001__dicionario-de-dados-e-catalogo-de-metricas.md,01_areas/D05__dados/00_documentos/D05-DOC-DCM-001__dicionario-de-dados-e-catalogo-de-metricas.md,,,claude/plugin-engineer-workflow-klbtix,7397fe403da1f1e59744d4f0bb6a0fa33bd03655,CORPUS_DIRECT,,,KEEP_PENDING_RECONCILIATION,"Reconcile ID, authority and final target against corpus"
Sas-Executar/Programa-Sas,GAP,GAP,D05-DOC-EPGD-001__estrategia-e-plano-de-gestao-de-dados.md,blob,SOURCE_PATH_OBSERVED_AUTHORITY_NOT_ASSESSED,01_areas/D05__dados/00_documentos/D05-DOC-EPGD-001__estrategia-e-plano-de-gestao-de-dados.md,01_areas/D05__dados/00_documentos/D05-DOC-EPGD-001__estrategia-e-plano-de-gestao-de-dados.md,,,claude/plugin-engineer-workflow-klbtix,7397fe403da1f1e59744d4f0bb6a0fa33bd03655,CORPUS_DIRECT,,,KEEP_PENDING_RECONCILIATION,"Reconcile ID, authority and final target against corpus"
Sas-Executar/Programa-Sas,GAP,GAP,README.md,blob,SOURCE_PATH_OBSERVED_AUTHORITY_NOT_ASSESSED,01_areas/D05__dados/01__arquitetura-de-dados/01__fontes-e-coleta/README.md,01_areas/D05__dados/01__arquitetura-de-dados/01__fontes-e-coleta/README.md,,,claude/plugin-engineer-workflow-klbtix,7397fe403da1f1e59744d4f0bb6a0fa33bd03655,CORPUS_DIRECT,,,KEEP_PENDING_RECONCILIATION,"Reconcile ID, authority and final target against corpus"
Sas-Executar/Programa-Sas,GAP,GAP,README.md,blob,SOURCE_PATH_OBSERVED_AUTHORITY_NOT_ASSESSED,01_areas/D05__dados/01__arquitetura-de-dados/02__armazenamento-e-linhagem/README.md,01_areas/D05__dados/01__arquitetura-de-dados/02__armazenamento-e-linhagem/README.md,,,claude/plugin-engineer-workflow-klbtix,7397fe403da1f1e59744d4f0bb6a0fa33bd03655,CORPUS_DIRECT,,,KEEP_PENDING_RECONCILIATION,"Reconcile ID, authority and final target against corpus"
Sas-Executar/Programa-Sas,GAP,GAP,README.md,blob,SOURCE_PATH_OBSERVED_AUTHORITY_NOT_ASSESSED,01_areas/D05__dados/01__arquitetura-de-dados/README.md,01_areas/D05__dados/01__arquitetura-de-dados/README.md,,,claude/plugin-engineer-workflow-klbtix,7397fe403da1f1e59744d4f0bb6a0fa33bd03655,CORPUS_DIRECT,,,KEEP_PENDING_RECONCILIATION,"Reconcile ID, authority and final target against corpus"
Sas-Executar/Programa-Sas,GAP,GAP,README.md,blob,SOURCE_PATH_OBSERVED_AUTHORITY_NOT_ASSESSED,01_areas/D05__dados/02__governanca-de-dados/01__qualidade/README.md,01_areas/D05__dados/02__governanca-de-dados/01__qualidade/README.md,,,claude/plugin-engineer-workflow-klbtix,7397fe403da1f1e59744d4f0bb6a0fa33bd03655,CORPUS_DIRECT,,,KEEP_PENDING_RECONCILIATION,"Reconcile ID, authority and final target against corpus"
Sas-Executar/Programa-Sas,GAP,GAP,README.md,blob,SOURCE_PATH_OBSERVED_AUTHORITY_NOT_ASSESSED,01_areas/D05__dados/02__governanca-de-dados/02__acesso-e-retencao/README.md,01_areas/D05__dados/02__governanca-de-dados/02__acesso-e-retencao/README.md,,,claude/plugin-engineer-workflow-klbtix,7397fe403da1f1e59744d4f0bb6a0fa33bd03655,CORPUS_DIRECT,,,KEEP_PENDING_RECONCILIATION,"Reconcile ID, authority and final target against corpus"
Sas-Executar/Programa-Sas,GAP,GAP,README.md,blob,SOURCE_PATH_OBSERVED_AUTHORITY_NOT_ASSESSED,01_areas/D05__dados/02__governanca-de-dados/README.md,01_areas/D05__dados/02__governanca-de-dados/README.md,,,claude/plugin-engineer-workflow-klbtix,7397fe403da1f1e59744d4f0bb6a0fa33bd03655,CORPUS_DIRECT,,,KEEP_PENDING_RECONCILIATION,"Reconcile ID, authority and final target against corpus"
Sas-Executar/Programa-Sas,GAP,GAP,README.md,blob,SOURCE_PATH_OBSERVED_AUTHORITY_NOT_ASSESSED,01_areas/D05__dados/03__metricas-e-analise/01__eventos-e-propriedades/README.md,01_areas/D05__dados/03__metricas-e-analise/01__eventos-e-propriedades/README.md,,,claude/plugin-engineer-workflow-klbtix,7397fe403da1f1e59744d4f0bb6a0fa33bd03655,CORPUS_DIRECT,,,KEEP_PENDING_RECONCILIATION,"Reconcile ID, authority and final target against corpus"
Sas-Executar/Programa-Sas,GAP,GAP,README.md,blob,SOURCE_PATH_OBSERVED_AUTHORITY_NOT_ASSESSED,01_areas/D05__dados/03__metricas-e-analise/02__indicadores-e-formulas/README.md,01_areas/D05__dados/03__metricas-e-analise/02__indicadores-e-formulas/README.md,,,claude/plugin-engineer-workflow-klbtix,7397fe403da1f1e59744d4f0bb6a0fa33bd03655,CORPUS_DIRECT,,,KEEP_PENDING_RECONCILIATION,"Reconcile ID, authority and final target against corpus"
Sas-Executar/Programa-Sas,GAP,GAP,README.md,blob,SOURCE_PATH_OBSERVED_AUTHORITY_NOT_ASSESSED,01_areas/D05__dados/03__metricas-e-analise/README.md,01_areas/D05__dados/03__metricas-e-analise/README.md,,,claude/plugin-engineer-workflow-klbtix,7397fe403da1f1e59744d4f0bb6a0fa33bd03655,CORPUS_DIRECT,,,KEEP_PENDING_RECONCILIATION,"Reconcile ID, authority and final target against corpus"
Sas-Executar/Programa-Sas,GAP,GAP,README.md,blob,SOURCE_PATH_OBSERVED_AUTHORITY_NOT_ASSESSED,01_areas/D05__dados/README.md,01_areas/D05__dados/README.md,,,claude/plugin-engineer-workflow-klbtix,7397fe403da1f1e59744d4f0bb6a0fa33bd03655,CORPUS_DIRECT,,,KEEP_PENDING_RECONCILIATION,"Reconcile ID, authority and final target against corpus"
Sas-Executar/Programa-Sas,GAP,GAP,D06-DOC-EGC-001__estrategia-de-gestao-do-conhecimento.md,blob,SOURCE_PATH_OBSERVED_AUTHORITY_NOT_ASSESSED,01_areas/D06__conhecimento-e-busca-corporativa/00_documentos/D06-DOC-EGC-001__estrategia-de-gestao-do-conhecimento.md,01_areas/D06__conhecimento-e-busca-corporativa/00_documentos/D06-DOC-EGC-001__estrategia-de-gestao-do-conhecimento.md,,,claude/plugin-engineer-workflow-klbtix,7397fe403da1f1e59744d4f0bb6a0fa33bd03655,CORPUS_DIRECT,,,KEEP_PENDING_RECONCILIATION,"Reconcile ID, authority and final target against corpus"
Sas-Executar/Programa-Sas,GAP,GAP,D06-DOC-RMI-001__registro-mestre-de-identidades.md,blob,SOURCE_PATH_OBSERVED_AUTHORITY_NOT_ASSESSED,01_areas/D06__conhecimento-e-busca-corporativa/00_documentos/D06-DOC-RMI-001__registro-mestre-de-identidades.md,01_areas/D06__conhecimento-e-busca-corporativa/00_documentos/D06-DOC-RMI-001__registro-mestre-de-identidades.md,,,claude/plugin-engineer-workflow-klbtix,7397fe403da1f1e59744d4f0bb6a0fa33bd03655,CORPUS_DIRECT,,,KEEP_PENDING_RECONCILIATION,"Reconcile ID, authority and final target against corpus"
Sas-Executar/Programa-Sas,GAP,GAP,README.md,blob,SOURCE_PATH_OBSERVED_AUTHORITY_NOT_ASSESSED,01_areas/D06__conhecimento-e-busca-corporativa/01__organizacao-do-conhecimento/01__taxonomia-e-glossario/README.md,01_areas/D06__conhecimento-e-busca-corporativa/01__organizacao-do-conhecimento/01__taxonomia-e-glossario/README.md,,,claude/plugin-engineer-workflow-klbtix,7397fe403da1f1e59744d4f0bb6a0fa33bd03655,CORPUS_DIRECT,,,KEEP_PENDING_RECONCILIATION,"Reconcile ID, authority and final target against corpus"
Sas-Executar/Programa-Sas,GAP,GAP,README.md,blob,SOURCE_PATH_OBSERVED_AUTHORITY_NOT_ASSESSED,01_areas/D06__conhecimento-e-busca-corporativa/01__organizacao-do-conhecimento/02__identidades-e-versoes/README.md,01_areas/D06__conhecimento-e-busca-corporativa/01__organizacao-do-conhecimento/02__identidades-e-versoes/README.md,,,claude/plugin-engineer-workflow-klbtix,7397fe403da1f1e59744d4f0bb6a0fa33bd03655,CORPUS_DIRECT,,,KEEP_PENDING_RECONCILIATION,"Reconcile ID, authority and final target against corpus"
Sas-Executar/Programa-Sas,GAP,GAP,README.md,blob,SOURCE_PATH_OBSERVED_AUTHORITY_NOT_ASSESSED,01_areas/D06__conhecimento-e-busca-corporativa/01__organizacao-do-conhecimento/README.md,01_areas/D06__conhecimento-e-busca-corporativa/01__organizacao-do-conhecimento/README.md,,,claude/plugin-engineer-workflow-klbtix,7397fe403da1f1e59744d4f0bb6a0fa33bd03655,CORPUS_DIRECT,,,KEEP_PENDING_RECONCILIATION,"Reconcile ID, authority and final target against corpus"
Sas-Executar/Programa-Sas,GAP,GAP,README.md,blob,SOURCE_PATH_OBSERVED_AUTHORITY_NOT_ASSESSED,01_areas/D06__conhecimento-e-busca-corporativa/02__fontes-e-acervo/01__catalogacao/README.md,01_areas/D06__conhecimento-e-busca-corporativa/02__fontes-e-acervo/01__catalogacao/README.md,,,claude/plugin-engineer-workflow-klbtix,7397fe403da1f1e59744d4f0bb6a0fa33bd03655,CORPUS_DIRECT,,,KEEP_PENDING_RECONCILIATION,"Reconcile ID, authority and final target against corpus"
Sas-Executar/Programa-Sas,GAP,GAP,README.md,blob,SOURCE_PATH_OBSERVED_AUTHORITY_NOT_ASSESSED,01_areas/D06__conhecimento-e-busca-corporativa/02__fontes-e-acervo/02__proveniencia-e-validade/README.md,01_areas/D06__conhecimento-e-busca-corporativa/02__fontes-e-acervo/02__proveniencia-e-validade/README.md,,,claude/plugin-engineer-workflow-klbtix,7397fe403da1f1e59744d4f0bb6a0fa33bd03655,CORPUS_DIRECT,,,KEEP_PENDING_RECONCILIATION,"Reconcile ID, authority and final target against corpus"
Sas-Executar/Programa-Sas,GAP,GAP,README.md,blob,SOURCE_PATH_OBSERVED_AUTHORITY_NOT_ASSESSED,01_areas/D06__conhecimento-e-busca-corporativa/02__fontes-e-acervo/README.md,01_areas/D06__conhecimento-e-busca-corporativa/02__fontes-e-acervo/README.md,,,claude/plugin-engineer-workflow-klbtix,7397fe403da1f1e59744d4f0bb6a0fa33bd03655,CORPUS_DIRECT,,,KEEP_PENDING_RECONCILIATION,"Reconcile ID, authority and final target against corpus"
Sas-Executar/Programa-Sas,GAP,GAP,README.md,blob,SOURCE_PATH_OBSERVED_AUTHORITY_NOT_ASSESSED,01_areas/D06__conhecimento-e-busca-corporativa/03__busca-e-reutilizacao/01__recuperacao/README.md,01_areas/D06__conhecimento-e-busca-corporativa/03__busca-e-reutilizacao/01__recuperacao/README.md,,,claude/plugin-engineer-workflow-klbtix,7397fe403da1f1e59744d4f0bb6a0fa33bd03655,CORPUS_DIRECT,,,KEEP_PENDING_RECONCILIATION,"Reconcile ID, authority and final target against corpus"
Sas-Executar/Programa-Sas,GAP,GAP,README.md,blob,SOURCE_PATH_OBSERVED_AUTHORITY_NOT_ASSESSED,01_areas/D06__conhecimento-e-busca-corporativa/03__busca-e-reutilizacao/02__sintese-e-referencias/README.md,01_areas/D06__conhecimento-e-busca-corporativa/03__busca-e-reutilizacao/02__sintese-e-referencias/README.md,,,claude/plugin-engineer-workflow-klbtix,7397fe403da1f1e59744d4f0bb6a0fa33bd03655,CORPUS_DIRECT,,,KEEP_PENDING_RECONCILIATION,"Reconcile ID, authority and final target against corpus"
Sas-Executar/Programa-Sas,GAP,GAP,README.md,blob,SOURCE_PATH_OBSERVED_AUTHORITY_NOT_ASSESSED,01_areas/D06__conhecimento-e-busca-corporativa/03__busca-e-reutilizacao/README.md,01_areas/D06__conhecimento-e-busca-corporativa/03__busca-e-reutilizacao/README.md,,,claude/plugin-engineer-workflow-klbtix,7397fe403da1f1e59744d4f0bb6a0fa33bd03655,CORPUS_DIRECT,,,KEEP_PENDING_RECONCILIATION,"Reconcile ID, authority and final target against corpus"
Sas-Executar/Programa-Sas,GAP,GAP,README.md,blob,SOURCE_PATH_OBSERVED_AUTHORITY_NOT_ASSESSED,01_areas/D06__conhecimento-e-busca-corporativa/README.md,01_areas/D06__conhecimento-e-busca-corporativa/README.md,,,claude/plugin-engineer-workflow-klbtix,7397fe403da1f1e59744d4f0bb6a0fa33bd03655,CORPUS_DIRECT,,,KEEP_PENDING_RECONCILIATION,"Reconcile ID, authority and final target against corpus"
Sas-Executar/Programa-Sas,GAP,GAP,D07-DOC-PEX-001__plano-de-execucao.md,blob,SOURCE_PATH_OBSERVED_AUTHORITY_NOT_ASSESSED,01_areas/D07__produtividade-e-execucao/00_documentos/D07-DOC-PEX-001__plano-de-execucao.md,01_areas/D07__produtividade-e-execucao/00_documentos/D07-DOC-PEX-001__plano-de-execucao.md,,,claude/plugin-engineer-workflow-klbtix,7397fe403da1f1e59744d4f0bb6a0fa33bd03655,CORPUS_DIRECT,,,KEEP_PENDING_RECONCILIATION,"Reconcile ID, authority and final target against corpus"
Sas-Executar/Programa-Sas,GAP,GAP,D07-DOC-PIM-001__plano-de-implementacao-e-marcos.md,blob,SOURCE_PATH_OBSERVED_AUTHORITY_NOT_ASSESSED,01_areas/D07__produtividade-e-execucao/00_documentos/D07-DOC-PIM-001__plano-de-implementacao-e-marcos.md,01_areas/D07__produtividade-e-execucao/00_documentos/D07-DOC-PIM-001__plano-de-implementacao-e-marcos.md,,,claude/plugin-engineer-workflow-klbtix,7397fe403da1f1e59744d4f0bb6a0fa33bd03655,CORPUS_DIRECT,,,KEEP_PENDING_RECONCILIATION,"Reconcile ID, authority and final target against corpus"
Sas-Executar/Programa-Sas,GAP,GAP,README.md,blob,SOURCE_PATH_OBSERVED_AUTHORITY_NOT_ASSESSED,01_areas/D07__produtividade-e-execucao/01__portfolio-e-prioridades/01__escopo-e-entregas/README.md,01_areas/D07__produtividade-e-execucao/01__portfolio-e-prioridades/01__escopo-e-entregas/README.md,,,claude/plugin-engineer-workflow-klbtix,7397fe403da1f1e59744d4f0bb6a0fa33bd03655,CORPUS_DIRECT,,,KEEP_PENDING_RECONCILIATION,"Reconcile ID, authority and final target against corpus"
Sas-Executar/Programa-Sas,GAP,GAP,README.md,blob,SOURCE_PATH_OBSERVED_AUTHORITY_NOT_ASSESSED,01_areas/D07__produtividade-e-execucao/01__portfolio-e-prioridades/02__priorizacao/README.md,01_areas/D07__produtividade-e-execucao/01__portfolio-e-prioridades/02__priorizacao/README.md,,,claude/plugin-engineer-workflow-klbtix,7397fe403da1f1e59744d4f0bb6a0fa33bd03655,CORPUS_DIRECT,,,KEEP_PENDING_RECONCILIATION,"Reconcile ID, authority and final target against corpus"
Sas-Executar/Programa-Sas,GAP,GAP,README.md,blob,SOURCE_PATH_OBSERVED_AUTHORITY_NOT_ASSESSED,01_areas/D07__produtividade-e-execucao/01__portfolio-e-prioridades/README.md,01_areas/D07__produtividade-e-execucao/01__portfolio-e-prioridades/README.md,,,claude/plugin-engineer-workflow-klbtix,7397fe403da1f1e59744d4f0bb6a0fa33bd03655,CORPUS_DIRECT,,,KEEP_PENDING_RECONCILIATION,"Reconcile ID, authority and final target against corpus"
Sas-Executar/Programa-Sas,GAP,GAP,README.md,blob,SOURCE_PATH_OBSERVED_AUTHORITY_NOT_ASSESSED,01_areas/D07__produtividade-e-execucao/02__planejamento-de-execucao/01__marcos-e-dependencias/README.md,01_areas/D07__produtividade-e-execucao/02__planejamento-de-execucao/01__marcos-e-dependencias/README.md,,,claude/plugin-engineer-workflow-klbtix,7397fe403da1f1e59744d4f0bb6a0fa33bd03655,CORPUS_DIRECT,,,KEEP_PENDING_RECONCILIATION,"Reconcile ID, authority and final target against corpus"
Sas-Executar/Programa-Sas,GAP,GAP,README.md,blob,SOURCE_PATH_OBSERVED_AUTHORITY_NOT_ASSESSED,01_areas/D07__produtividade-e-execucao/02__planejamento-de-execucao/02__cronograma-e-capacidade/README.md,01_areas/D07__produtividade-e-execucao/02__planejamento-de-execucao/02__cronograma-e-capacidade/README.md,,,claude/plugin-engineer-workflow-klbtix,7397fe403da1f1e59744d4f0bb6a0fa33bd03655,CORPUS_DIRECT,,,KEEP_PENDING_RECONCILIATION,"Reconcile ID, authority and final target against corpus"
Sas-Executar/Programa-Sas,GAP,GAP,README.md,blob,SOURCE_PATH_OBSERVED_AUTHORITY_NOT_ASSESSED,01_areas/D07__produtividade-e-execucao/02__planejamento-de-execucao/README.md,01_areas/D07__produtividade-e-execucao/02__planejamento-de-execucao/README.md,,,claude/plugin-engineer-workflow-klbtix,7397fe403da1f1e59744d4f0bb6a0fa33bd03655,CORPUS_DIRECT,,,KEEP_PENDING_RECONCILIATION,"Reconcile ID, authority and final target against corpus"
Sas-Executar/Programa-Sas,GAP,GAP,README.md,blob,SOURCE_PATH_OBSERVED_AUTHORITY_NOT_ASSESSED,01_areas/D07__produtividade-e-execucao/03__controle-de-execucao/01__tarefas-e-estados/README.md,01_areas/D07__produtividade-e-execucao/03__controle-de-execucao/01__tarefas-e-estados/README.md,,,claude/plugin-engineer-workflow-klbtix,7397fe403da1f1e59744d4f0bb6a0fa33bd03655,CORPUS_DIRECT,,,KEEP_PENDING_RECONCILIATION,"Reconcile ID, authority and final target against corpus"
Sas-Executar/Programa-Sas,GAP,GAP,README.md,blob,SOURCE_PATH_OBSERVED_AUTHORITY_NOT_ASSESSED,01_areas/D07__produtividade-e-execucao/03__controle-de-execucao/02__criterios-de-pronto-e-evidencias/README.md,01_areas/D07__produtividade-e-execucao/03__controle-de-execucao/02__criterios-de-pronto-e-evidencias/README.md,,,claude/plugin-engineer-workflow-klbtix,7397fe403da1f1e59744d4f0bb6a0fa33bd03655,CORPUS_DIRECT,,,KEEP_PENDING_RECONCILIATION,"Reconcile ID, authority and final target against corpus"
Sas-Executar/Programa-Sas,GAP,GAP,README.md,blob,SOURCE_PATH_OBSERVED_AUTHORITY_NOT_ASSESSED,01_areas/D07__produtividade-e-execucao/03__controle-de-execucao/README.md,01_areas/D07__produtividade-e-execucao/03__controle-de-execucao/README.md,,,claude/plugin-engineer-workflow-klbtix,7397fe403da1f1e59744d4f0bb6a0fa33bd03655,CORPUS_DIRECT,,,KEEP_PENDING_RECONCILIATION,"Reconcile ID, authority and final target against corpus"
Sas-Executar/Programa-Sas,GAP,GAP,README.md,blob,SOURCE_PATH_OBSERVED_AUTHORITY_NOT_ASSESSED,01_areas/D07__produtividade-e-execucao/README.md,01_areas/D07__produtividade-e-execucao/README.md,,,claude/plugin-engineer-workflow-klbtix,7397fe403da1f1e59744d4f0bb6a0fa33bd03655,CORPUS_DIRECT,,,KEEP_PENDING_RECONCILIATION,"Reconcile ID, authority and final target against corpus"
Sas-Executar/Programa-Sas,GAP,GAP,D08-DOC-MOP-001__manual-de-operacoes.md,blob,SOURCE_PATH_OBSERVED_AUTHORITY_NOT_ASSESSED,01_areas/D08__operacoes/00_documentos/D08-DOC-MOP-001__manual-de-operacoes.md,01_areas/D08__operacoes/00_documentos/D08-DOC-MOP-001__manual-de-operacoes.md,,,claude/plugin-engineer-workflow-klbtix,7397fe403da1f1e59744d4f0bb6a0fa33bd03655,CORPUS_DIRECT,,,KEEP_PENDING_RECONCILIATION,"Reconcile ID, authority and final target against corpus"
Sas-Executar/Programa-Sas,GAP,GAP,D08-DOC-RUN-001__runbook-operacional-do-ecossistema.md,blob,SOURCE_PATH_OBSERVED_AUTHORITY_NOT_ASSESSED,01_areas/D08__operacoes/00_documentos/D08-DOC-RUN-001__runbook-operacional-do-ecossistema.md,01_areas/D08__operacoes/00_documentos/D08-DOC-RUN-001__runbook-operacional-do-ecossistema.md,,,claude/plugin-engineer-workflow-klbtix,7397fe403da1f1e59744d4f0bb6a0fa33bd03655,CORPUS_DIRECT,,,KEEP_PENDING_RECONCILIATION,"Reconcile ID, authority and final target against corpus"
Sas-Executar/Programa-Sas,GAP,GAP,README.md,blob,SOURCE_PATH_OBSERVED_AUTHORITY_NOT_ASSESSED,01_areas/D08__operacoes/01__processos-e-servicos/01__catalogo-de-processos/README.md,01_areas/D08__operacoes/01__processos-e-servicos/01__catalogo-de-processos/README.md,,,claude/plugin-engineer-workflow-klbtix,7397fe403da1f1e59744d4f0bb6a0fa33bd03655,CORPUS_DIRECT,,,KEEP_PENDING_RECONCILIATION,"Reconcile ID, authority and final target against corpus"
Sas-Executar/Programa-Sas,GAP,GAP,README.md,blob,SOURCE_PATH_OBSERVED_AUTHORITY_NOT_ASSESSED,01_areas/D08__operacoes/01__processos-e-servicos/02__procedimentos/README.md,01_areas/D08__operacoes/01__processos-e-servicos/02__procedimentos/README.md,,,claude/plugin-engineer-workflow-klbtix,7397fe403da1f1e59744d4f0bb6a0fa33bd03655,CORPUS_DIRECT,,,KEEP_PENDING_RECONCILIATION,"Reconcile ID, authority and final target against corpus"
Sas-Executar/Programa-Sas,GAP,GAP,README.md,blob,SOURCE_PATH_OBSERVED_AUTHORITY_NOT_ASSESSED,01_areas/D08__operacoes/01__processos-e-servicos/README.md,01_areas/D08__operacoes/01__processos-e-servicos/README.md,,,claude/plugin-engineer-workflow-klbtix,7397fe403da1f1e59744d4f0bb6a0fa33bd03655,CORPUS_DIRECT,,,KEEP_PENDING_RECONCILIATION,"Reconcile ID, authority and final target against corpus"
Sas-Executar/Programa-Sas,GAP,GAP,README.md,blob,SOURCE_PATH_OBSERVED_AUTHORITY_NOT_ASSESSED,01_areas/D08__operacoes/02__rotina-operacional/01__entrada-e-execucao/README.md,01_areas/D08__operacoes/02__rotina-operacional/01__entrada-e-execucao/README.md,,,claude/plugin-engineer-workflow-klbtix,7397fe403da1f1e59744d4f0bb6a0fa33bd03655,CORPUS_DIRECT,,,KEEP_PENDING_RECONCILIATION,"Reconcile ID, authority and final target against corpus"
Sas-Executar/Programa-Sas,GAP,GAP,README.md,blob,SOURCE_PATH_OBSERVED_AUTHORITY_NOT_ASSESSED,01_areas/D08__operacoes/02__rotina-operacional/02__revisao-e-publicacao/README.md,01_areas/D08__operacoes/02__rotina-operacional/02__revisao-e-publicacao/README.md,,,claude/plugin-engineer-workflow-klbtix,7397fe403da1f1e59744d4f0bb6a0fa33bd03655,CORPUS_DIRECT,,,KEEP_PENDING_RECONCILIATION,"Reconcile ID, authority and final target against corpus"
Sas-Executar/Programa-Sas,GAP,GAP,README.md,blob,SOURCE_PATH_OBSERVED_AUTHORITY_NOT_ASSESSED,01_areas/D08__operacoes/02__rotina-operacional/README.md,01_areas/D08__operacoes/02__rotina-operacional/README.md,,,claude/plugin-engineer-workflow-klbtix,7397fe403da1f1e59744d4f0bb6a0fa33bd03655,CORPUS_DIRECT,,,KEEP_PENDING_RECONCILIATION,"Reconcile ID, authority and final target against corpus"
Sas-Executar/Programa-Sas,GAP,GAP,README.md,blob,SOURCE_PATH_OBSERVED_AUTHORITY_NOT_ASSESSED,01_areas/D08__operacoes/03__continuidade/01__incidentes-e-escalonamento/README.md,01_areas/D08__operacoes/03__continuidade/01__incidentes-e-escalonamento/README.md,,,claude/plugin-engineer-workflow-klbtix,7397fe403da1f1e59744d4f0bb6a0fa33bd03655,CORPUS_DIRECT,,,KEEP_PENDING_RECONCILIATION,"Reconcile ID, authority and final target against corpus"
Sas-Executar/Programa-Sas,GAP,GAP,README.md,blob,SOURCE_PATH_OBSERVED_AUTHORITY_NOT_ASSESSED,01_areas/D08__operacoes/03__continuidade/02__recuperacao/README.md,01_areas/D08__operacoes/03__continuidade/02__recuperacao/README.md,,,claude/plugin-engineer-workflow-klbtix,7397fe403da1f1e59744d4f0bb6a0fa33bd03655,CORPUS_DIRECT,,,KEEP_PENDING_RECONCILIATION,"Reconcile ID, authority and final target against corpus"
Sas-Executar/Programa-Sas,GAP,GAP,README.md,blob,SOURCE_PATH_OBSERVED_AUTHORITY_NOT_ASSESSED,01_areas/D08__operacoes/03__continuidade/README.md,01_areas/D08__operacoes/03__continuidade/README.md,,,claude/plugin-engineer-workflow-klbtix,7397fe403da1f1e59744d4f0bb6a0fa33bd03655,CORPUS_DIRECT,,,KEEP_PENDING_RECONCILIATION,"Reconcile ID, authority and final target against corpus"
Sas-Executar/Programa-Sas,GAP,GAP,README.md,blob,SOURCE_PATH_OBSERVED_AUTHORITY_NOT_ASSESSED,01_areas/D08__operacoes/README.md,01_areas/D08__operacoes/README.md,,,claude/plugin-engineer-workflow-klbtix,7397fe403da1f1e59744d4f0bb6a0fa33bd03655,CORPUS_DIRECT,,,KEEP_PENDING_RECONCILIATION,"Reconcile ID, authority and final target against corpus"
Sas-Executar/Programa-Sas,GAP,GAP,D09-DOC-DEB-001__dossie-de-evidencias-e-base-cientifica.md,blob,SOURCE_PATH_OBSERVED_AUTHORITY_NOT_ASSESSED,01_areas/D09__pesquisa-e-inovacao/00_documentos/D09-DOC-DEB-001__dossie-de-evidencias-e-base-cientifica.md,01_areas/D09__pesquisa-e-inovacao/00_documentos/D09-DOC-DEB-001__dossie-de-evidencias-e-base-cientifica.md,,,claude/plugin-engineer-workflow-klbtix,7397fe403da1f1e59744d4f0bb6a0fa33bd03655,CORPUS_DIRECT,,,KEEP_PENDING_RECONCILIATION,"Reconcile ID, authority and final target against corpus"
Sas-Executar/Programa-Sas,GAP,GAP,D09-DOC-PPE-001__plano-de-pesquisa-e-experimentacao.md,blob,SOURCE_PATH_OBSERVED_AUTHORITY_NOT_ASSESSED,01_areas/D09__pesquisa-e-inovacao/00_documentos/D09-DOC-PPE-001__plano-de-pesquisa-e-experimentacao.md,01_areas/D09__pesquisa-e-inovacao/00_documentos/D09-DOC-PPE-001__plano-de-pesquisa-e-experimentacao.md,,,claude/plugin-engineer-workflow-klbtix,7397fe403da1f1e59744d4f0bb6a0fa33bd03655,CORPUS_DIRECT,,,KEEP_PENDING_RECONCILIATION,"Reconcile ID, authority and final target against corpus"
Sas-Executar/Programa-Sas,GAP,GAP,README.md,blob,SOURCE_PATH_OBSERVED_AUTHORITY_NOT_ASSESSED,01_areas/D09__pesquisa-e-inovacao/01__agenda-de-pesquisa/01__perguntas/README.md,01_areas/D09__pesquisa-e-inovacao/01__agenda-de-pesquisa/01__perguntas/README.md,,,claude/plugin-engineer-workflow-klbtix,7397fe403da1f1e59744d4f0bb6a0fa33bd03655,CORPUS_DIRECT,,,KEEP_PENDING_RECONCILIATION,"Reconcile ID, authority and final target against corpus"
Sas-Executar/Programa-Sas,GAP,GAP,README.md,blob,SOURCE_PATH_OBSERVED_AUTHORITY_NOT_ASSESSED,01_areas/D09__pesquisa-e-inovacao/01__agenda-de-pesquisa/02__hipoteses/README.md,01_areas/D09__pesquisa-e-inovacao/01__agenda-de-pesquisa/02__hipoteses/README.md,,,claude/plugin-engineer-workflow-klbtix,7397fe403da1f1e59744d4f0bb6a0fa33bd03655,CORPUS_DIRECT,,,KEEP_PENDING_RECONCILIATION,"Reconcile ID, authority and final target against corpus"
Sas-Executar/Programa-Sas,GAP,GAP,README.md,blob,SOURCE_PATH_OBSERVED_AUTHORITY_NOT_ASSESSED,01_areas/D09__pesquisa-e-inovacao/01__agenda-de-pesquisa/README.md,01_areas/D09__pesquisa-e-inovacao/01__agenda-de-pesquisa/README.md,,,claude/plugin-engineer-workflow-klbtix,7397fe403da1f1e59744d4f0bb6a0fa33bd03655,CORPUS_DIRECT,,,KEEP_PENDING_RECONCILIATION,"Reconcile ID, authority and final target against corpus"
Sas-Executar/Programa-Sas,GAP,GAP,README.md,blob,SOURCE_PATH_OBSERVED_AUTHORITY_NOT_ASSESSED,01_areas/D09__pesquisa-e-inovacao/02__pesquisa-e-evidencias/01__fontes-e-afirmacoes/README.md,01_areas/D09__pesquisa-e-inovacao/02__pesquisa-e-evidencias/01__fontes-e-afirmacoes/README.md,,,claude/plugin-engineer-workflow-klbtix,7397fe403da1f1e59744d4f0bb6a0fa33bd03655,CORPUS_DIRECT,,,KEEP_PENDING_RECONCILIATION,"Reconcile ID, authority and final target against corpus"
Sas-Executar/Programa-Sas,GAP,GAP,README.md,blob,SOURCE_PATH_OBSERVED_AUTHORITY_NOT_ASSESSED,01_areas/D09__pesquisa-e-inovacao/02__pesquisa-e-evidencias/02__limitacoes-e-qualidade/README.md,01_areas/D09__pesquisa-e-inovacao/02__pesquisa-e-evidencias/02__limitacoes-e-qualidade/README.md,,,claude/plugin-engineer-workflow-klbtix,7397fe403da1f1e59744d4f0bb6a0fa33bd03655,CORPUS_DIRECT,,,KEEP_PENDING_RECONCILIATION,"Reconcile ID, authority and final target against corpus"
Sas-Executar/Programa-Sas,GAP,GAP,README.md,blob,SOURCE_PATH_OBSERVED_AUTHORITY_NOT_ASSESSED,01_areas/D09__pesquisa-e-inovacao/02__pesquisa-e-evidencias/README.md,01_areas/D09__pesquisa-e-inovacao/02__pesquisa-e-evidencias/README.md,,,claude/plugin-engineer-workflow-klbtix,7397fe403da1f1e59744d4f0bb6a0fa33bd03655,CORPUS_DIRECT,,,KEEP_PENDING_RECONCILIATION,"Reconcile ID, authority and final target against corpus"
Sas-Executar/Programa-Sas,GAP,GAP,README.md,blob,SOURCE_PATH_OBSERVED_AUTHORITY_NOT_ASSESSED,01_areas/D09__pesquisa-e-inovacao/03__experimentacao/01__protocolos-e-criterios/README.md,01_areas/D09__pesquisa-e-inovacao/03__experimentacao/01__protocolos-e-criterios/README.md,,,claude/plugin-engineer-workflow-klbtix,7397fe403da1f1e59744d4f0bb6a0fa33bd03655,CORPUS_DIRECT,,,KEEP_PENDING_RECONCILIATION,"Reconcile ID, authority and final target against corpus"
Sas-Executar/Programa-Sas,GAP,GAP,README.md,blob,SOURCE_PATH_OBSERVED_AUTHORITY_NOT_ASSESSED,01_areas/D09__pesquisa-e-inovacao/03__experimentacao/02__resultados-e-aprendizados/README.md,01_areas/D09__pesquisa-e-inovacao/03__experimentacao/02__resultados-e-aprendizados/README.md,,,claude/plugin-engineer-workflow-klbtix,7397fe403da1f1e59744d4f0bb6a0fa33bd03655,CORPUS_DIRECT,,,KEEP_PENDING_RECONCILIATION,"Reconcile ID, authority and final target against corpus"
Sas-Executar/Programa-Sas,GAP,GAP,README.md,blob,SOURCE_PATH_OBSERVED_AUTHORITY_NOT_ASSESSED,01_areas/D09__pesquisa-e-inovacao/03__experimentacao/README.md,01_areas/D09__pesquisa-e-inovacao/03__experimentacao/README.md,,,claude/plugin-engineer-workflow-klbtix,7397fe403da1f1e59744d4f0bb6a0fa33bd03655,CORPUS_DIRECT,,,KEEP_PENDING_RECONCILIATION,"Reconcile ID, authority and final target against corpus"
Sas-Executar/Programa-Sas,GAP,GAP,README.md,blob,SOURCE_PATH_OBSERVED_AUTHORITY_NOT_ASSESSED,01_areas/D09__pesquisa-e-inovacao/README.md,01_areas/D09__pesquisa-e-inovacao/README.md,,,claude/plugin-engineer-workflow-klbtix,7397fe403da1f1e59744d4f0bb6a0fa33bd03655,CORPUS_DIRECT,,,KEEP_PENDING_RECONCILIATION,"Reconcile ID, authority and final target against corpus"
Sas-Executar/Programa-Sas,GAP,GAP,D10-DOC-DRP-001__documento-de-requisitos-de-produto.md,blob,SOURCE_PATH_OBSERVED_AUTHORITY_NOT_ASSESSED,01_areas/D10__gestao-de-produto/00_documentos/D10-DOC-DRP-001__documento-de-requisitos-de-produto.md,01_areas/D10__gestao-de-produto/00_documentos/D10-DOC-DRP-001__documento-de-requisitos-de-produto.md,,,claude/plugin-engineer-workflow-klbtix,7397fe403da1f1e59744d4f0bb6a0fa33bd03655,CORPUS_DIRECT,,,KEEP_PENDING_RECONCILIATION,"Reconcile ID, authority and final target against corpus"
Sas-Executar/Programa-Sas,GAP,GAP,D10-DOC-PRD-001__requisitos-integrados-dos-produtos.md,blob,SOURCE_PATH_OBSERVED_AUTHORITY_NOT_ASSESSED,01_areas/D10__gestao-de-produto/00_documentos/D10-DOC-PRD-001__requisitos-integrados-dos-produtos.md,01_areas/D10__gestao-de-produto/00_documentos/D10-DOC-PRD-001__requisitos-integrados-dos-produtos.md,,,claude/plugin-engineer-workflow-klbtix,7397fe403da1f1e59744d4f0bb6a0fa33bd03655,CORPUS_DIRECT,,,KEEP_PENDING_RECONCILIATION,"Reconcile ID, authority and final target against corpus"
Sas-Executar/Programa-Sas,GAP,GAP,README.md,blob,SOURCE_PATH_OBSERVED_AUTHORITY_NOT_ASSESSED,01_areas/D10__gestao-de-produto/01__descoberta-de-produto/01__problemas-e-publicos/README.md,01_areas/D10__gestao-de-produto/01__descoberta-de-produto/01__problemas-e-publicos/README.md,,,claude/plugin-engineer-workflow-klbtix,7397fe403da1f1e59744d4f0bb6a0fa33bd03655,CORPUS_DIRECT,,,KEEP_PENDING_RECONCILIATION,"Reconcile ID, authority and final target against corpus"
Sas-Executar/Programa-Sas,GAP,GAP,README.md,blob,SOURCE_PATH_OBSERVED_AUTHORITY_NOT_ASSESSED,01_areas/D10__gestao-de-produto/01__descoberta-de-produto/02__resultados-esperados/README.md,01_areas/D10__gestao-de-produto/01__descoberta-de-produto/02__resultados-esperados/README.md,,,claude/plugin-engineer-workflow-klbtix,7397fe403da1f1e59744d4f0bb6a0fa33bd03655,CORPUS_DIRECT,,,KEEP_PENDING_RECONCILIATION,"Reconcile ID, authority and final target against corpus"
Sas-Executar/Programa-Sas,GAP,GAP,README.md,blob,SOURCE_PATH_OBSERVED_AUTHORITY_NOT_ASSESSED,01_areas/D10__gestao-de-produto/01__descoberta-de-produto/README.md,01_areas/D10__gestao-de-produto/01__descoberta-de-produto/README.md,,,claude/plugin-engineer-workflow-klbtix,7397fe403da1f1e59744d4f0bb6a0fa33bd03655,CORPUS_DIRECT,,,KEEP_PENDING_RECONCILIATION,"Reconcile ID, authority and final target against corpus"
Sas-Executar/Programa-Sas,GAP,GAP,README.md,blob,SOURCE_PATH_OBSERVED_AUTHORITY_NOT_ASSESSED,01_areas/D10__gestao-de-produto/02__requisitos-e-escopo/01__funcionais-e-nao-funcionais/README.md,01_areas/D10__gestao-de-produto/02__requisitos-e-escopo/01__funcionais-e-nao-funcionais/README.md,,,claude/plugin-engineer-workflow-klbtix,7397fe403da1f1e59744d4f0bb6a0fa33bd03655,CORPUS_DIRECT,,,KEEP_PENDING_RECONCILIATION,"Reconcile ID, authority and final target against corpus"
Sas-Executar/Programa-Sas,GAP,GAP,README.md,blob,SOURCE_PATH_OBSERVED_AUTHORITY_NOT_ASSESSED,01_areas/D10__gestao-de-produto/02__requisitos-e-escopo/02__aceite-e-priorizacao/README.md,01_areas/D10__gestao-de-produto/02__requisitos-e-escopo/02__aceite-e-priorizacao/README.md,,,claude/plugin-engineer-workflow-klbtix,7397fe403da1f1e59744d4f0bb6a0fa33bd03655,CORPUS_DIRECT,,,KEEP_PENDING_RECONCILIATION,"Reconcile ID, authority and final target against corpus"
Sas-Executar/Programa-Sas,GAP,GAP,README.md,blob,SOURCE_PATH_OBSERVED_AUTHORITY_NOT_ASSESSED,01_areas/D10__gestao-de-produto/02__requisitos-e-escopo/README.md,01_areas/D10__gestao-de-produto/02__requisitos-e-escopo/README.md,,,claude/plugin-engineer-workflow-klbtix,7397fe403da1f1e59744d4f0bb6a0fa33bd03655,CORPUS_DIRECT,,,KEEP_PENDING_RECONCILIATION,"Reconcile ID, authority and final target against corpus"
Sas-Executar/Programa-Sas,GAP,GAP,README.md,blob,SOURCE_PATH_OBSERVED_AUTHORITY_NOT_ASSESSED,01_areas/D10__gestao-de-produto/03__portfolio-de-produtos/01__blog-vera-e-mapa-scanner/README.md,01_areas/D10__gestao-de-produto/03__portfolio-de-produtos/01__blog-vera-e-mapa-scanner/README.md,,,claude/plugin-engineer-workflow-klbtix,7397fe403da1f1e59744d4f0bb6a0fa33bd03655,CORPUS_DIRECT,,,KEEP_PENDING_RECONCILIATION,"Reconcile ID, authority and final target against corpus"
Sas-Executar/Programa-Sas,GAP,GAP,README.md,blob,SOURCE_PATH_OBSERVED_AUTHORITY_NOT_ASSESSED,01_areas/D10__gestao-de-produto/03__portfolio-de-produtos/02__executar-loja-e-servicos/README.md,01_areas/D10__gestao-de-produto/03__portfolio-de-produtos/02__executar-loja-e-servicos/README.md,,,claude/plugin-engineer-workflow-klbtix,7397fe403da1f1e59744d4f0bb6a0fa33bd03655,CORPUS_DIRECT,,,KEEP_PENDING_RECONCILIATION,"Reconcile ID, authority and final target against corpus"
Sas-Executar/Programa-Sas,GAP,GAP,README.md,blob,SOURCE_PATH_OBSERVED_AUTHORITY_NOT_ASSESSED,01_areas/D10__gestao-de-produto/03__portfolio-de-produtos/README.md,01_areas/D10__gestao-de-produto/03__portfolio-de-produtos/README.md,,,claude/plugin-engineer-workflow-klbtix,7397fe403da1f1e59744d4f0bb6a0fa33bd03655,CORPUS_DIRECT,,,KEEP_PENDING_RECONCILIATION,"Reconcile ID, authority and final target against corpus"
Sas-Executar/Programa-Sas,GAP,GAP,README.md,blob,SOURCE_PATH_OBSERVED_AUTHORITY_NOT_ASSESSED,01_areas/D10__gestao-de-produto/README.md,01_areas/D10__gestao-de-produto/README.md,,,claude/plugin-engineer-workflow-klbtix,7397fe403da1f1e59744d4f0bb6a0fa33bd03655,CORPUS_DIRECT,,,KEEP_PENDING_RECONCILIATION,"Reconcile ID, authority and final target against corpus"
Sas-Executar/Programa-Sas,GAP,GAP,D11-DOC-DSI-001__sistema-de-design-e-interface.md,blob,SOURCE_PATH_OBSERVED_AUTHORITY_NOT_ASSESSED,01_areas/D11__experiencia-e-projeto/00_documentos/D11-DOC-DSI-001__sistema-de-design-e-interface.md,01_areas/D11__experiencia-e-projeto/00_documentos/D11-DOC-DSI-001__sistema-de-design-e-interface.md,,,claude/plugin-engineer-workflow-klbtix,7397fe403da1f1e59744d4f0bb6a0fa33bd03655,CORPUS_DIRECT,,,KEEP_PENDING_RECONCILIATION,"Reconcile ID, authority and final target against corpus"
Sas-Executar/Programa-Sas,GAP,GAP,D11-DOC-EEP-001__especificacao-de-experiencia-e-projeto.md,blob,SOURCE_PATH_OBSERVED_AUTHORITY_NOT_ASSESSED,01_areas/D11__experiencia-e-projeto/00_documentos/D11-DOC-EEP-001__especificacao-de-experiencia-e-projeto.md,01_areas/D11__experiencia-e-projeto/00_documentos/D11-DOC-EEP-001__especificacao-de-experiencia-e-projeto.md,,,claude/plugin-engineer-workflow-klbtix,7397fe403da1f1e59744d4f0bb6a0fa33bd03655,CORPUS_DIRECT,,,KEEP_PENDING_RECONCILIATION,"Reconcile ID, authority and final target against corpus"
Sas-Executar/Programa-Sas,GAP,GAP,README.md,blob,SOURCE_PATH_OBSERVED_AUTHORITY_NOT_ASSESSED,01_areas/D11__experiencia-e-projeto/01__pesquisa-de-experiencia/01__necessidades-de-usuarios/README.md,01_areas/D11__experiencia-e-projeto/01__pesquisa-de-experiencia/01__necessidades-de-usuarios/README.md,,,claude/plugin-engineer-workflow-klbtix,7397fe403da1f1e59744d4f0bb6a0fa33bd03655,CORPUS_DIRECT,,,KEEP_PENDING_RECONCILIATION,"Reconcile ID, authority and final target against corpus"
Sas-Executar/Programa-Sas,GAP,GAP,README.md,blob,SOURCE_PATH_OBSERVED_AUTHORITY_NOT_ASSESSED,01_areas/D11__experiencia-e-projeto/01__pesquisa-de-experiencia/02__jornadas/README.md,01_areas/D11__experiencia-e-projeto/01__pesquisa-de-experiencia/02__jornadas/README.md,,,claude/plugin-engineer-workflow-klbtix,7397fe403da1f1e59744d4f0bb6a0fa33bd03655,CORPUS_DIRECT,,,KEEP_PENDING_RECONCILIATION,"Reconcile ID, authority and final target against corpus"
Sas-Executar/Programa-Sas,GAP,GAP,README.md,blob,SOURCE_PATH_OBSERVED_AUTHORITY_NOT_ASSESSED,01_areas/D11__experiencia-e-projeto/01__pesquisa-de-experiencia/README.md,01_areas/D11__experiencia-e-projeto/01__pesquisa-de-experiencia/README.md,,,claude/plugin-engineer-workflow-klbtix,7397fe403da1f1e59744d4f0bb6a0fa33bd03655,CORPUS_DIRECT,,,KEEP_PENDING_RECONCILIATION,"Reconcile ID, authority and final target against corpus"
Sas-Executar/Programa-Sas,GAP,GAP,README.md,blob,SOURCE_PATH_OBSERVED_AUTHORITY_NOT_ASSESSED,01_areas/D11__experiencia-e-projeto/02__fluxos-e-prototipos/01__navegacao-e-interacao/README.md,01_areas/D11__experiencia-e-projeto/02__fluxos-e-prototipos/01__navegacao-e-interacao/README.md,,,claude/plugin-engineer-workflow-klbtix,7397fe403da1f1e59744d4f0bb6a0fa33bd03655,CORPUS_DIRECT,,,KEEP_PENDING_RECONCILIATION,"Reconcile ID, authority and final target against corpus"
Sas-Executar/Programa-Sas,GAP,GAP,README.md,blob,SOURCE_PATH_OBSERVED_AUTHORITY_NOT_ASSESSED,01_areas/D11__experiencia-e-projeto/02__fluxos-e-prototipos/02__validacao-de-usabilidade/README.md,01_areas/D11__experiencia-e-projeto/02__fluxos-e-prototipos/02__validacao-de-usabilidade/README.md,,,claude/plugin-engineer-workflow-klbtix,7397fe403da1f1e59744d4f0bb6a0fa33bd03655,CORPUS_DIRECT,,,KEEP_PENDING_RECONCILIATION,"Reconcile ID, authority and final target against corpus"
Sas-Executar/Programa-Sas,GAP,GAP,README.md,blob,SOURCE_PATH_OBSERVED_AUTHORITY_NOT_ASSESSED,01_areas/D11__experiencia-e-projeto/02__fluxos-e-prototipos/README.md,01_areas/D11__experiencia-e-projeto/02__fluxos-e-prototipos/README.md,,,claude/plugin-engineer-workflow-klbtix,7397fe403da1f1e59744d4f0bb6a0fa33bd03655,CORPUS_DIRECT,,,KEEP_PENDING_RECONCILIATION,"Reconcile ID, authority and final target against corpus"
Sas-Executar/Programa-Sas,GAP,GAP,README.md,blob,SOURCE_PATH_OBSERVED_AUTHORITY_NOT_ASSESSED,01_areas/D11__experiencia-e-projeto/03__sistema-de-design/01__tokens-e-componentes/README.md,01_areas/D11__experiencia-e-projeto/03__sistema-de-design/01__tokens-e-componentes/README.md,,,claude/plugin-engineer-workflow-klbtix,7397fe403da1f1e59744d4f0bb6a0fa33bd03655,CORPUS_DIRECT,,,KEEP_PENDING_RECONCILIATION,"Reconcile ID, authority and final target against corpus"
Sas-Executar/Programa-Sas,GAP,GAP,README.md,blob,SOURCE_PATH_OBSERVED_AUTHORITY_NOT_ASSESSED,01_areas/D11__experiencia-e-projeto/03__sistema-de-design/02__responsividade-e-acessibilidade/README.md,01_areas/D11__experiencia-e-projeto/03__sistema-de-design/02__responsividade-e-acessibilidade/README.md,,,claude/plugin-engineer-workflow-klbtix,7397fe403da1f1e59744d4f0bb6a0fa33bd03655,CORPUS_DIRECT,,,KEEP_PENDING_RECONCILIATION,"Reconcile ID, authority and final target against corpus"
Sas-Executar/Programa-Sas,GAP,GAP,README.md,blob,SOURCE_PATH_OBSERVED_AUTHORITY_NOT_ASSESSED,01_areas/D11__experiencia-e-projeto/03__sistema-de-design/README.md,01_areas/D11__experiencia-e-projeto/03__sistema-de-design/README.md,,,claude/plugin-engineer-workflow-klbtix,7397fe403da1f1e59744d4f0bb6a0fa33bd03655,CORPUS_DIRECT,,,KEEP_PENDING_RECONCILIATION,"Reconcile ID, authority and final target against corpus"
Sas-Executar/Programa-Sas,GAP,GAP,README.md,blob,SOURCE_PATH_OBSERVED_AUTHORITY_NOT_ASSESSED,01_areas/D11__experiencia-e-projeto/README.md,01_areas/D11__experiencia-e-projeto/README.md,,,claude/plugin-engineer-workflow-klbtix,7397fe403da1f1e59744d4f0bb6a0fa33bd03655,CORPUS_DIRECT,,,KEEP_PENDING_RECONCILIATION,"Reconcile ID, authority and final target against corpus"
Sas-Executar/Programa-Sas,GAP,GAP,D12-DOC-ETE-001__especificacao-tecnica-de-engenharia.md,blob,SOURCE_PATH_OBSERVED_AUTHORITY_NOT_ASSESSED,01_areas/D12__engenharia/00_documentos/D12-DOC-ETE-001__especificacao-tecnica-de-engenharia.md,01_areas/D12__engenharia/00_documentos/D12-DOC-ETE-001__especificacao-tecnica-de-engenharia.md,,,claude/plugin-engineer-workflow-klbtix,7397fe403da1f1e59744d4f0bb6a0fa33bd03655,CORPUS_DIRECT,,,KEEP_PENDING_RECONCILIATION,"Reconcile ID, authority and final target against corpus"
Sas-Executar/Programa-Sas,GAP,GAP,README.md,blob,SOURCE_PATH_OBSERVED_AUTHORITY_NOT_ASSESSED,01_areas/D12__engenharia/01__arquitetura-e-integracoes/01__componentes-e-contratos/README.md,01_areas/D12__engenharia/01__arquitetura-e-integracoes/01__componentes-e-contratos/README.md,,,claude/plugin-engineer-workflow-klbtix,7397fe403da1f1e59744d4f0bb6a0fa33bd03655,CORPUS_DIRECT,,,KEEP_PENDING_RECONCILIATION,"Reconcile ID, authority and final target against corpus"
Sas-Executar/Programa-Sas,GAP,GAP,README.md,blob,SOURCE_PATH_OBSERVED_AUTHORITY_NOT_ASSESSED,01_areas/D12__engenharia/01__arquitetura-e-integracoes/02__decisoes-tecnicas/README.md,01_areas/D12__engenharia/01__arquitetura-e-integracoes/02__decisoes-tecnicas/README.md,,,claude/plugin-engineer-workflow-klbtix,7397fe403da1f1e59744d4f0bb6a0fa33bd03655,CORPUS_DIRECT,,,KEEP_PENDING_RECONCILIATION,"Reconcile ID, authority and final target against corpus"
Sas-Executar/Programa-Sas,GAP,GAP,README.md,blob,SOURCE_PATH_OBSERVED_AUTHORITY_NOT_ASSESSED,01_areas/D12__engenharia/01__arquitetura-e-integracoes/README.md,01_areas/D12__engenharia/01__arquitetura-e-integracoes/README.md,,,claude/plugin-engineer-workflow-klbtix,7397fe403da1f1e59744d4f0bb6a0fa33bd03655,CORPUS_DIRECT,,,KEEP_PENDING_RECONCILIATION,"Reconcile ID, authority and final target against corpus"
Sas-Executar/Programa-Sas,GAP,GAP,README.md,blob,SOURCE_PATH_OBSERVED_AUTHORITY_NOT_ASSESSED,01_areas/D12__engenharia/02__construcao-e-qualidade/01__codigo-e-revisao/README.md,01_areas/D12__engenharia/02__construcao-e-qualidade/01__codigo-e-revisao/README.md,,,claude/plugin-engineer-workflow-klbtix,7397fe403da1f1e59744d4f0bb6a0fa33bd03655,CORPUS_DIRECT,,,KEEP_PENDING_RECONCILIATION,"Reconcile ID, authority and final target against corpus"
Sas-Executar/Programa-Sas,GAP,GAP,README.md,blob,SOURCE_PATH_OBSERVED_AUTHORITY_NOT_ASSESSED,01_areas/D12__engenharia/02__construcao-e-qualidade/02__testes-e-seguranca/README.md,01_areas/D12__engenharia/02__construcao-e-qualidade/02__testes-e-seguranca/README.md,,,claude/plugin-engineer-workflow-klbtix,7397fe403da1f1e59744d4f0bb6a0fa33bd03655,CORPUS_DIRECT,,,KEEP_PENDING_RECONCILIATION,"Reconcile ID, authority and final target against corpus"
Sas-Executar/Programa-Sas,GAP,GAP,README.md,blob,SOURCE_PATH_OBSERVED_AUTHORITY_NOT_ASSESSED,01_areas/D12__engenharia/02__construcao-e-qualidade/README.md,01_areas/D12__engenharia/02__construcao-e-qualidade/README.md,,,claude/plugin-engineer-workflow-klbtix,7397fe403da1f1e59744d4f0bb6a0fa33bd03655,CORPUS_DIRECT,,,KEEP_PENDING_RECONCILIATION,"Reconcile ID, authority and final target against corpus"
Sas-Executar/Programa-Sas,GAP,GAP,README.md,blob,SOURCE_PATH_OBSERVED_AUTHORITY_NOT_ASSESSED,01_areas/D12__engenharia/03__infraestrutura-e-implantacao/01__ambientes-e-observabilidade/README.md,01_areas/D12__engenharia/03__infraestrutura-e-implantacao/01__ambientes-e-observabilidade/README.md,,,claude/plugin-engineer-workflow-klbtix,7397fe403da1f1e59744d4f0bb6a0fa33bd03655,CORPUS_DIRECT,,,KEEP_PENDING_RECONCILIATION,"Reconcile ID, authority and final target against corpus"
Sas-Executar/Programa-Sas,GAP,GAP,README.md,blob,SOURCE_PATH_OBSERVED_AUTHORITY_NOT_ASSESSED,01_areas/D12__engenharia/03__infraestrutura-e-implantacao/02__backup-e-rollback/README.md,01_areas/D12__engenharia/03__infraestrutura-e-implantacao/02__backup-e-rollback/README.md,,,claude/plugin-engineer-workflow-klbtix,7397fe403da1f1e59744d4f0bb6a0fa33bd03655,CORPUS_DIRECT,,,KEEP_PENDING_RECONCILIATION,"Reconcile ID, authority and final target against corpus"
Sas-Executar/Programa-Sas,GAP,GAP,README.md,blob,SOURCE_PATH_OBSERVED_AUTHORITY_NOT_ASSESSED,01_areas/D12__engenharia/03__infraestrutura-e-implantacao/README.md,01_areas/D12__engenharia/03__infraestrutura-e-implantacao/README.md,,,claude/plugin-engineer-workflow-klbtix,7397fe403da1f1e59744d4f0bb6a0fa33bd03655,CORPUS_DIRECT,,,KEEP_PENDING_RECONCILIATION,"Reconcile ID, authority and final target against corpus"
Sas-Executar/Programa-Sas,GAP,GAP,README.md,blob,SOURCE_PATH_OBSERVED_AUTHORITY_NOT_ASSESSED,01_areas/D12__engenharia/README.md,01_areas/D12__engenharia/README.md,,,claude/plugin-engineer-workflow-klbtix,7397fe403da1f1e59744d4f0bb6a0fa33bd03655,CORPUS_DIRECT,,,KEEP_PENDING_RECONCILIATION,"Reconcile ID, authority and final target against corpus"
Sas-Executar/Programa-Sas,GAP,GAP,D13-DOC-DRM-001__documento-de-requisitos-de-mercado.md,blob,SOURCE_PATH_OBSERVED_AUTHORITY_NOT_ASSESSED,01_areas/D13__mercado-e-geracao-de-demanda/00_documentos/D13-DOC-DRM-001__documento-de-requisitos-de-mercado.md,01_areas/D13__mercado-e-geracao-de-demanda/00_documentos/D13-DOC-DRM-001__documento-de-requisitos-de-mercado.md,,,claude/plugin-engineer-workflow-klbtix,7397fe403da1f1e59744d4f0bb6a0fa33bd03655,CORPUS_DIRECT,,,KEEP_PENDING_RECONCILIATION,"Reconcile ID, authority and final target against corpus"
Sas-Executar/Programa-Sas,GAP,GAP,D13-DOC-GTM-001__plano-de-entrada-no-mercado-e-lancamento.md,blob,SOURCE_PATH_OBSERVED_AUTHORITY_NOT_ASSESSED,01_areas/D13__mercado-e-geracao-de-demanda/00_documentos/D13-DOC-GTM-001__plano-de-entrada-no-mercado-e-lancamento.md,01_areas/D13__mercado-e-geracao-de-demanda/00_documentos/D13-DOC-GTM-001__plano-de-entrada-no-mercado-e-lancamento.md,,,claude/plugin-engineer-workflow-klbtix,7397fe403da1f1e59744d4f0bb6a0fa33bd03655,CORPUS_DIRECT,,,KEEP_PENDING_RECONCILIATION,"Reconcile ID, authority and final target against corpus"
Sas-Executar/Programa-Sas,GAP,GAP,README.md,blob,SOURCE_PATH_OBSERVED_AUTHORITY_NOT_ASSESSED,01_areas/D13__mercado-e-geracao-de-demanda/01__inteligencia-de-mercado/01__segmentos-e-icp/README.md,01_areas/D13__mercado-e-geracao-de-demanda/01__inteligencia-de-mercado/01__segmentos-e-icp/README.md,,,claude/plugin-engineer-workflow-klbtix,7397fe403da1f1e59744d4f0bb6a0fa33bd03655,CORPUS_DIRECT,,,KEEP_PENDING_RECONCILIATION,"Reconcile ID, authority and final target against corpus"
Sas-Executar/Programa-Sas,GAP,GAP,README.md,blob,SOURCE_PATH_OBSERVED_AUTHORITY_NOT_ASSESSED,01_areas/D13__mercado-e-geracao-de-demanda/01__inteligencia-de-mercado/02__pesquisa-competitiva/README.md,01_areas/D13__mercado-e-geracao-de-demanda/01__inteligencia-de-mercado/02__pesquisa-competitiva/README.md,,,claude/plugin-engineer-workflow-klbtix,7397fe403da1f1e59744d4f0bb6a0fa33bd03655,CORPUS_DIRECT,,,KEEP_PENDING_RECONCILIATION,"Reconcile ID, authority and final target against corpus"
Sas-Executar/Programa-Sas,GAP,GAP,README.md,blob,SOURCE_PATH_OBSERVED_AUTHORITY_NOT_ASSESSED,01_areas/D13__mercado-e-geracao-de-demanda/01__inteligencia-de-mercado/README.md,01_areas/D13__mercado-e-geracao-de-demanda/01__inteligencia-de-mercado/README.md,,,claude/plugin-engineer-workflow-klbtix,7397fe403da1f1e59744d4f0bb6a0fa33bd03655,CORPUS_DIRECT,,,KEEP_PENDING_RECONCILIATION,"Reconcile ID, authority and final target against corpus"
Sas-Executar/Programa-Sas,GAP,GAP,README.md,blob,SOURCE_PATH_OBSERVED_AUTHORITY_NOT_ASSESSED,01_areas/D13__mercado-e-geracao-de-demanda/02__posicionamento-e-demanda/01__mensagem-e-proposta-de-valor/README.md,01_areas/D13__mercado-e-geracao-de-demanda/02__posicionamento-e-demanda/01__mensagem-e-proposta-de-valor/README.md,,,claude/plugin-engineer-workflow-klbtix,7397fe403da1f1e59744d4f0bb6a0fa33bd03655,CORPUS_DIRECT,,,KEEP_PENDING_RECONCILIATION,"Reconcile ID, authority and final target against corpus"
Sas-Executar/Programa-Sas,GAP,GAP,README.md,blob,SOURCE_PATH_OBSERVED_AUTHORITY_NOT_ASSESSED,01_areas/D13__mercado-e-geracao-de-demanda/02__posicionamento-e-demanda/02__canais-e-campanhas/README.md,01_areas/D13__mercado-e-geracao-de-demanda/02__posicionamento-e-demanda/02__canais-e-campanhas/README.md,,,claude/plugin-engineer-workflow-klbtix,7397fe403da1f1e59744d4f0bb6a0fa33bd03655,CORPUS_DIRECT,,,KEEP_PENDING_RECONCILIATION,"Reconcile ID, authority and final target against corpus"
Sas-Executar/Programa-Sas,GAP,GAP,README.md,blob,SOURCE_PATH_OBSERVED_AUTHORITY_NOT_ASSESSED,01_areas/D13__mercado-e-geracao-de-demanda/02__posicionamento-e-demanda/README.md,01_areas/D13__mercado-e-geracao-de-demanda/02__posicionamento-e-demanda/README.md,,,claude/plugin-engineer-workflow-klbtix,7397fe403da1f1e59744d4f0bb6a0fa33bd03655,CORPUS_DIRECT,,,KEEP_PENDING_RECONCILIATION,"Reconcile ID, authority and final target against corpus"
Sas-Executar/Programa-Sas,GAP,GAP,README.md,blob,SOURCE_PATH_OBSERVED_AUTHORITY_NOT_ASSESSED,01_areas/D13__mercado-e-geracao-de-demanda/03__entrada-no-mercado/01__funil-e-piloto/README.md,01_areas/D13__mercado-e-geracao-de-demanda/03__entrada-no-mercado/01__funil-e-piloto/README.md,,,claude/plugin-engineer-workflow-klbtix,7397fe403da1f1e59744d4f0bb6a0fa33bd03655,CORPUS_DIRECT,,,KEEP_PENDING_RECONCILIATION,"Reconcile ID, authority and final target against corpus"
Sas-Executar/Programa-Sas,GAP,GAP,README.md,blob,SOURCE_PATH_OBSERVED_AUTHORITY_NOT_ASSESSED,01_areas/D13__mercado-e-geracao-de-demanda/03__entrada-no-mercado/02__lancamento-e-crescimento/README.md,01_areas/D13__mercado-e-geracao-de-demanda/03__entrada-no-mercado/02__lancamento-e-crescimento/README.md,,,claude/plugin-engineer-workflow-klbtix,7397fe403da1f1e59744d4f0bb6a0fa33bd03655,CORPUS_DIRECT,,,KEEP_PENDING_RECONCILIATION,"Reconcile ID, authority and final target against corpus"
Sas-Executar/Programa-Sas,GAP,GAP,README.md,blob,SOURCE_PATH_OBSERVED_AUTHORITY_NOT_ASSESSED,01_areas/D13__mercado-e-geracao-de-demanda/03__entrada-no-mercado/README.md,01_areas/D13__mercado-e-geracao-de-demanda/03__entrada-no-mercado/README.md,,,claude/plugin-engineer-workflow-klbtix,7397fe403da1f1e59744d4f0bb6a0fa33bd03655,CORPUS_DIRECT,,,KEEP_PENDING_RECONCILIATION,"Reconcile ID, authority and final target against corpus"
Sas-Executar/Programa-Sas,GAP,GAP,README.md,blob,SOURCE_PATH_OBSERVED_AUTHORITY_NOT_ASSESSED,01_areas/D13__mercado-e-geracao-de-demanda/README.md,01_areas/D13__mercado-e-geracao-de-demanda/README.md,,,claude/plugin-engineer-workflow-klbtix,7397fe403da1f1e59744d4f0bb6a0fa33bd03655,CORPUS_DIRECT,,,KEEP_PENDING_RECONCILIATION,"Reconcile ID, authority and final target against corpus"
Sas-Executar/Programa-Sas,GAP,GAP,D14-DOC-PCV-001__plano-comercial-e-de-vendas.md,blob,SOURCE_PATH_OBSERVED_AUTHORITY_NOT_ASSESSED,01_areas/D14__vendas/00_documentos/D14-DOC-PCV-001__plano-comercial-e-de-vendas.md,01_areas/D14__vendas/00_documentos/D14-DOC-PCV-001__plano-comercial-e-de-vendas.md,,,claude/plugin-engineer-workflow-klbtix,7397fe403da1f1e59744d4f0bb6a0fa33bd03655,CORPUS_DIRECT,,,KEEP_PENDING_RECONCILIATION,"Reconcile ID, authority and final target against corpus"
Sas-Executar/Programa-Sas,GAP,GAP,README.md,blob,SOURCE_PATH_OBSERVED_AUTHORITY_NOT_ASSESSED,01_areas/D14__vendas/01__ofertas-e-precos/01__pacotes-e-condicoes/README.md,01_areas/D14__vendas/01__ofertas-e-precos/01__pacotes-e-condicoes/README.md,,,claude/plugin-engineer-workflow-klbtix,7397fe403da1f1e59744d4f0bb6a0fa33bd03655,CORPUS_DIRECT,,,KEEP_PENDING_RECONCILIATION,"Reconcile ID, authority and final target against corpus"
Sas-Executar/Programa-Sas,GAP,GAP,README.md,blob,SOURCE_PATH_OBSERVED_AUTHORITY_NOT_ASSESSED,01_areas/D14__vendas/01__ofertas-e-precos/02__precificacao/README.md,01_areas/D14__vendas/01__ofertas-e-precos/02__precificacao/README.md,,,claude/plugin-engineer-workflow-klbtix,7397fe403da1f1e59744d4f0bb6a0fa33bd03655,CORPUS_DIRECT,,,KEEP_PENDING_RECONCILIATION,"Reconcile ID, authority and final target against corpus"
Sas-Executar/Programa-Sas,GAP,GAP,README.md,blob,SOURCE_PATH_OBSERVED_AUTHORITY_NOT_ASSESSED,01_areas/D14__vendas/01__ofertas-e-precos/README.md,01_areas/D14__vendas/01__ofertas-e-precos/README.md,,,claude/plugin-engineer-workflow-klbtix,7397fe403da1f1e59744d4f0bb6a0fa33bd03655,CORPUS_DIRECT,,,KEEP_PENDING_RECONCILIATION,"Reconcile ID, authority and final target against corpus"
Sas-Executar/Programa-Sas,GAP,GAP,README.md,blob,SOURCE_PATH_OBSERVED_AUTHORITY_NOT_ASSESSED,01_areas/D14__vendas/02__funil-comercial/01__leads-e-qualificacao/README.md,01_areas/D14__vendas/02__funil-comercial/01__leads-e-qualificacao/README.md,,,claude/plugin-engineer-workflow-klbtix,7397fe403da1f1e59744d4f0bb6a0fa33bd03655,CORPUS_DIRECT,,,KEEP_PENDING_RECONCILIATION,"Reconcile ID, authority and final target against corpus"
Sas-Executar/Programa-Sas,GAP,GAP,README.md,blob,SOURCE_PATH_OBSERVED_AUTHORITY_NOT_ASSESSED,01_areas/D14__vendas/02__funil-comercial/02__propostas-e-conversao/README.md,01_areas/D14__vendas/02__funil-comercial/02__propostas-e-conversao/README.md,,,claude/plugin-engineer-workflow-klbtix,7397fe403da1f1e59744d4f0bb6a0fa33bd03655,CORPUS_DIRECT,,,KEEP_PENDING_RECONCILIATION,"Reconcile ID, authority and final target against corpus"
Sas-Executar/Programa-Sas,GAP,GAP,README.md,blob,SOURCE_PATH_OBSERVED_AUTHORITY_NOT_ASSESSED,01_areas/D14__vendas/02__funil-comercial/README.md,01_areas/D14__vendas/02__funil-comercial/README.md,,,claude/plugin-engineer-workflow-klbtix,7397fe403da1f1e59744d4f0bb6a0fa33bd03655,CORPUS_DIRECT,,,KEEP_PENDING_RECONCILIATION,"Reconcile ID, authority and final target against corpus"
Sas-Executar/Programa-Sas,GAP,GAP,README.md,blob,SOURCE_PATH_OBSERVED_AUTHORITY_NOT_ASSESSED,01_areas/D14__vendas/03__gestao-comercial/01__receita-e-carteira/README.md,01_areas/D14__vendas/03__gestao-comercial/01__receita-e-carteira/README.md,,,claude/plugin-engineer-workflow-klbtix,7397fe403da1f1e59744d4f0bb6a0fa33bd03655,CORPUS_DIRECT,,,KEEP_PENDING_RECONCILIATION,"Reconcile ID, authority and final target against corpus"
Sas-Executar/Programa-Sas,GAP,GAP,README.md,blob,SOURCE_PATH_OBSERVED_AUTHORITY_NOT_ASSESSED,01_areas/D14__vendas/03__gestao-comercial/02__previsao-e-acompanhamento/README.md,01_areas/D14__vendas/03__gestao-comercial/02__previsao-e-acompanhamento/README.md,,,claude/plugin-engineer-workflow-klbtix,7397fe403da1f1e59744d4f0bb6a0fa33bd03655,CORPUS_DIRECT,,,KEEP_PENDING_RECONCILIATION,"Reconcile ID, authority and final target against corpus"
Sas-Executar/Programa-Sas,GAP,GAP,README.md,blob,SOURCE_PATH_OBSERVED_AUTHORITY_NOT_ASSESSED,01_areas/D14__vendas/03__gestao-comercial/README.md,01_areas/D14__vendas/03__gestao-comercial/README.md,,,claude/plugin-engineer-workflow-klbtix,7397fe403da1f1e59744d4f0bb6a0fa33bd03655,CORPUS_DIRECT,,,KEEP_PENDING_RECONCILIATION,"Reconcile ID, authority and final target against corpus"
Sas-Executar/Programa-Sas,GAP,GAP,README.md,blob,SOURCE_PATH_OBSERVED_AUTHORITY_NOT_ASSESSED,01_areas/D14__vendas/README.md,01_areas/D14__vendas/README.md,,,claude/plugin-engineer-workflow-klbtix,7397fe403da1f1e59744d4f0bb6a0fa33bd03655,CORPUS_DIRECT,,,KEEP_PENDING_RECONCILIATION,"Reconcile ID, authority and final target against corpus"
Sas-Executar/Programa-Sas,GAP,GAP,D15-DOC-PASC-001__plano-de-atendimento-e-sucesso-do-cliente.md,blob,SOURCE_PATH_OBSERVED_AUTHORITY_NOT_ASSESSED,01_areas/D15__atendimento-e-sucesso-do-cliente/00_documentos/D15-DOC-PASC-001__plano-de-atendimento-e-sucesso-do-cliente.md,01_areas/D15__atendimento-e-sucesso-do-cliente/00_documentos/D15-DOC-PASC-001__plano-de-atendimento-e-sucesso-do-cliente.md,,,claude/plugin-engineer-workflow-klbtix,7397fe403da1f1e59744d4f0bb6a0fa33bd03655,CORPUS_DIRECT,,,KEEP_PENDING_RECONCILIATION,"Reconcile ID, authority and final target against corpus"
Sas-Executar/Programa-Sas,GAP,GAP,README.md,blob,SOURCE_PATH_OBSERVED_AUTHORITY_NOT_ASSESSED,01_areas/D15__atendimento-e-sucesso-do-cliente/01__atendimento-e-suporte/01__canais-e-triagem/README.md,01_areas/D15__atendimento-e-sucesso-do-cliente/01__atendimento-e-suporte/01__canais-e-triagem/README.md,,,claude/plugin-engineer-workflow-klbtix,7397fe403da1f1e59744d4f0bb6a0fa33bd03655,CORPUS_DIRECT,,,KEEP_PENDING_RECONCILIATION,"Reconcile ID, authority and final target against corpus"
Sas-Executar/Programa-Sas,GAP,GAP,README.md,blob,SOURCE_PATH_OBSERVED_AUTHORITY_NOT_ASSESSED,01_areas/D15__atendimento-e-sucesso-do-cliente/01__atendimento-e-suporte/02__niveis-de-servico-e-escalonamento/README.md,01_areas/D15__atendimento-e-sucesso-do-cliente/01__atendimento-e-suporte/02__niveis-de-servico-e-escalonamento/README.md,,,claude/plugin-engineer-workflow-klbtix,7397fe403da1f1e59744d4f0bb6a0fa33bd03655,CORPUS_DIRECT,,,KEEP_PENDING_RECONCILIATION,"Reconcile ID, authority and final target against corpus"
Sas-Executar/Programa-Sas,GAP,GAP,README.md,blob,SOURCE_PATH_OBSERVED_AUTHORITY_NOT_ASSESSED,01_areas/D15__atendimento-e-sucesso-do-cliente/01__atendimento-e-suporte/README.md,01_areas/D15__atendimento-e-sucesso-do-cliente/01__atendimento-e-suporte/README.md,,,claude/plugin-engineer-workflow-klbtix,7397fe403da1f1e59744d4f0bb6a0fa33bd03655,CORPUS_DIRECT,,,KEEP_PENDING_RECONCILIATION,"Reconcile ID, authority and final target against corpus"
Sas-Executar/Programa-Sas,GAP,GAP,README.md,blob,SOURCE_PATH_OBSERVED_AUTHORITY_NOT_ASSESSED,01_areas/D15__atendimento-e-sucesso-do-cliente/02__sucesso-do-cliente/01__onboarding-e-adocao/README.md,01_areas/D15__atendimento-e-sucesso-do-cliente/02__sucesso-do-cliente/01__onboarding-e-adocao/README.md,,,claude/plugin-engineer-workflow-klbtix,7397fe403da1f1e59744d4f0bb6a0fa33bd03655,CORPUS_DIRECT,,,KEEP_PENDING_RECONCILIATION,"Reconcile ID, authority and final target against corpus"
Sas-Executar/Programa-Sas,GAP,GAP,README.md,blob,SOURCE_PATH_OBSERVED_AUTHORITY_NOT_ASSESSED,01_areas/D15__atendimento-e-sucesso-do-cliente/02__sucesso-do-cliente/02__satisfacao-e-retencao/README.md,01_areas/D15__atendimento-e-sucesso-do-cliente/02__sucesso-do-cliente/02__satisfacao-e-retencao/README.md,,,claude/plugin-engineer-workflow-klbtix,7397fe403da1f1e59744d4f0bb6a0fa33bd03655,CORPUS_DIRECT,,,KEEP_PENDING_RECONCILIATION,"Reconcile ID, authority and final target against corpus"
Sas-Executar/Programa-Sas,GAP,GAP,README.md,blob,SOURCE_PATH_OBSERVED_AUTHORITY_NOT_ASSESSED,01_areas/D15__atendimento-e-sucesso-do-cliente/02__sucesso-do-cliente/README.md,01_areas/D15__atendimento-e-sucesso-do-cliente/02__sucesso-do-cliente/README.md,,,claude/plugin-engineer-workflow-klbtix,7397fe403da1f1e59744d4f0bb6a0fa33bd03655,CORPUS_DIRECT,,,KEEP_PENDING_RECONCILIATION,"Reconcile ID, authority and final target against corpus"
Sas-Executar/Programa-Sas,GAP,GAP,README.md,blob,SOURCE_PATH_OBSERVED_AUTHORITY_NOT_ASSESSED,01_areas/D15__atendimento-e-sucesso-do-cliente/03__voz-do-cliente/01__feedback-e-base-de-respostas/README.md,01_areas/D15__atendimento-e-sucesso-do-cliente/03__voz-do-cliente/01__feedback-e-base-de-respostas/README.md,,,claude/plugin-engineer-workflow-klbtix,7397fe403da1f1e59744d4f0bb6a0fa33bd03655,CORPUS_DIRECT,,,KEEP_PENDING_RECONCILIATION,"Reconcile ID, authority and final target against corpus"
Sas-Executar/Programa-Sas,GAP,GAP,README.md,blob,SOURCE_PATH_OBSERVED_AUTHORITY_NOT_ASSESSED,01_areas/D15__atendimento-e-sucesso-do-cliente/03__voz-do-cliente/02__melhoria-continua/README.md,01_areas/D15__atendimento-e-sucesso-do-cliente/03__voz-do-cliente/02__melhoria-continua/README.md,,,claude/plugin-engineer-workflow-klbtix,7397fe403da1f1e59744d4f0bb6a0fa33bd03655,CORPUS_DIRECT,,,KEEP_PENDING_RECONCILIATION,"Reconcile ID, authority and final target against corpus"
Sas-Executar/Programa-Sas,GAP,GAP,README.md,blob,SOURCE_PATH_OBSERVED_AUTHORITY_NOT_ASSESSED,01_areas/D15__atendimento-e-sucesso-do-cliente/03__voz-do-cliente/README.md,01_areas/D15__atendimento-e-sucesso-do-cliente/03__voz-do-cliente/README.md,,,claude/plugin-engineer-workflow-klbtix,7397fe403da1f1e59744d4f0bb6a0fa33bd03655,CORPUS_DIRECT,,,KEEP_PENDING_RECONCILIATION,"Reconcile ID, authority and final target against corpus"
Sas-Executar/Programa-Sas,GAP,GAP,README.md,blob,SOURCE_PATH_OBSERVED_AUTHORITY_NOT_ASSESSED,01_areas/D15__atendimento-e-sucesso-do-cliente/README.md,01_areas/D15__atendimento-e-sucesso-do-cliente/README.md,,,claude/plugin-engineer-workflow-klbtix,7397fe403da1f1e59744d4f0bb6a0fa33bd03655,CORPUS_DIRECT,,,KEEP_PENDING_RECONCILIATION,"Reconcile ID, authority and final target against corpus"
Sas-Executar/Programa-Sas,GAP,GAP,D16-DOC-PEM-001__plano-estrategico-de-midias-sociais.md,blob,SOURCE_PATH_OBSERVED_AUTHORITY_NOT_ASSESSED,01_areas/D16__midias-sociais-e-distribuicao-digital/00_documentos/D16-DOC-PEM-001__plano-estrategico-de-midias-sociais.md,01_areas/D16__midias-sociais-e-distribuicao-digital/00_documentos/D16-DOC-PEM-001__plano-estrategico-de-midias-sociais.md,,,claude/plugin-engineer-workflow-klbtix,7397fe403da1f1e59744d4f0bb6a0fa33bd03655,CORPUS_DIRECT,,,KEEP_PENDING_RECONCILIATION,"Reconcile ID, authority and final target against corpus"
Sas-Executar/Programa-Sas,GAP,GAP,README.md,blob,SOURCE_PATH_OBSERVED_AUTHORITY_NOT_ASSESSED,01_areas/D16__midias-sociais-e-distribuicao-digital/01__estrategia-editorial/01__pilares-e-pautas/README.md,01_areas/D16__midias-sociais-e-distribuicao-digital/01__estrategia-editorial/01__pilares-e-pautas/README.md,,,claude/plugin-engineer-workflow-klbtix,7397fe403da1f1e59744d4f0bb6a0fa33bd03655,CORPUS_DIRECT,,,KEEP_PENDING_RECONCILIATION,"Reconcile ID, authority and final target against corpus"
Sas-Executar/Programa-Sas,GAP,GAP,README.md,blob,SOURCE_PATH_OBSERVED_AUTHORITY_NOT_ASSESSED,01_areas/D16__midias-sociais-e-distribuicao-digital/01__estrategia-editorial/02__conteudo-fonte-e-evidencias/README.md,01_areas/D16__midias-sociais-e-distribuicao-digital/01__estrategia-editorial/02__conteudo-fonte-e-evidencias/README.md,,,claude/plugin-engineer-workflow-klbtix,7397fe403da1f1e59744d4f0bb6a0fa33bd03655,CORPUS_DIRECT,,,KEEP_PENDING_RECONCILIATION,"Reconcile ID, authority and final target against corpus"
Sas-Executar/Programa-Sas,GAP,GAP,README.md,blob,SOURCE_PATH_OBSERVED_AUTHORITY_NOT_ASSESSED,01_areas/D16__midias-sociais-e-distribuicao-digital/01__estrategia-editorial/README.md,01_areas/D16__midias-sociais-e-distribuicao-digital/01__estrategia-editorial/README.md,,,claude/plugin-engineer-workflow-klbtix,7397fe403da1f1e59744d4f0bb6a0fa33bd03655,CORPUS_DIRECT,,,KEEP_PENDING_RECONCILIATION,"Reconcile ID, authority and final target against corpus"
Sas-Executar/Programa-Sas,GAP,GAP,README.md,blob,SOURCE_PATH_OBSERVED_AUTHORITY_NOT_ASSESSED,01_areas/D16__midias-sociais-e-distribuicao-digital/02__producao-e-distribuicao/01__derivados-e-formatos/README.md,01_areas/D16__midias-sociais-e-distribuicao-digital/02__producao-e-distribuicao/01__derivados-e-formatos/README.md,,,claude/plugin-engineer-workflow-klbtix,7397fe403da1f1e59744d4f0bb6a0fa33bd03655,CORPUS_DIRECT,,,KEEP_PENDING_RECONCILIATION,"Reconcile ID, authority and final target against corpus"
Sas-Executar/Programa-Sas,GAP,GAP,README.md,blob,SOURCE_PATH_OBSERVED_AUTHORITY_NOT_ASSESSED,01_areas/D16__midias-sociais-e-distribuicao-digital/02__producao-e-distribuicao/02__calendario-e-canais/README.md,01_areas/D16__midias-sociais-e-distribuicao-digital/02__producao-e-distribuicao/02__calendario-e-canais/README.md,,,claude/plugin-engineer-workflow-klbtix,7397fe403da1f1e59744d4f0bb6a0fa33bd03655,CORPUS_DIRECT,,,KEEP_PENDING_RECONCILIATION,"Reconcile ID, authority and final target against corpus"
Sas-Executar/Programa-Sas,GAP,GAP,README.md,blob,SOURCE_PATH_OBSERVED_AUTHORITY_NOT_ASSESSED,01_areas/D16__midias-sociais-e-distribuicao-digital/02__producao-e-distribuicao/README.md,01_areas/D16__midias-sociais-e-distribuicao-digital/02__producao-e-distribuicao/README.md,,,claude/plugin-engineer-workflow-klbtix,7397fe403da1f1e59744d4f0bb6a0fa33bd03655,CORPUS_DIRECT,,,KEEP_PENDING_RECONCILIATION,"Reconcile ID, authority and final target against corpus"
Sas-Executar/Programa-Sas,GAP,GAP,README.md,blob,SOURCE_PATH_OBSERVED_AUTHORITY_NOT_ASSESSED,01_areas/D16__midias-sociais-e-distribuicao-digital/03__comunidade-e-desempenho/01__relacionamento-e-moderacao/README.md,01_areas/D16__midias-sociais-e-distribuicao-digital/03__comunidade-e-desempenho/01__relacionamento-e-moderacao/README.md,,,claude/plugin-engineer-workflow-klbtix,7397fe403da1f1e59744d4f0bb6a0fa33bd03655,CORPUS_DIRECT,,,KEEP_PENDING_RECONCILIATION,"Reconcile ID, authority and final target against corpus"
Sas-Executar/Programa-Sas,GAP,GAP,README.md,blob,SOURCE_PATH_OBSERVED_AUTHORITY_NOT_ASSESSED,01_areas/D16__midias-sociais-e-distribuicao-digital/03__comunidade-e-desempenho/02__metricas-e-aprendizados/README.md,01_areas/D16__midias-sociais-e-distribuicao-digital/03__comunidade-e-desempenho/02__metricas-e-aprendizados/README.md,,,claude/plugin-engineer-workflow-klbtix,7397fe403da1f1e59744d4f0bb6a0fa33bd03655,CORPUS_DIRECT,,,KEEP_PENDING_RECONCILIATION,"Reconcile ID, authority and final target against corpus"
Sas-Executar/Programa-Sas,GAP,GAP,README.md,blob,SOURCE_PATH_OBSERVED_AUTHORITY_NOT_ASSESSED,01_areas/D16__midias-sociais-e-distribuicao-digital/03__comunidade-e-desempenho/README.md,01_areas/D16__midias-sociais-e-distribuicao-digital/03__comunidade-e-desempenho/README.md,,,claude/plugin-engineer-workflow-klbtix,7397fe403da1f1e59744d4f0bb6a0fa33bd03655,CORPUS_DIRECT,,,KEEP_PENDING_RECONCILIATION,"Reconcile ID, authority and final target against corpus"
Sas-Executar/Programa-Sas,GAP,GAP,README.md,blob,SOURCE_PATH_OBSERVED_AUTHORITY_NOT_ASSESSED,01_areas/D16__midias-sociais-e-distribuicao-digital/README.md,01_areas/D16__midias-sociais-e-distribuicao-digital/README.md,,,claude/plugin-engineer-workflow-klbtix,7397fe403da1f1e59744d4f0bb6a0fa33bd03655,CORPUS_DIRECT,,,KEEP_PENDING_RECONCILIATION,"Reconcile ID, authority and final target against corpus"
Sas-Executar/Programa-Sas,GAP,GAP,G00__governanca.md,blob,SOURCE_PATH_OBSERVED_AUTHORITY_NOT_ASSESSED,02_lancamento/G00__governanca.md,02_lancamento/G00__governanca.md,,,claude/plugin-engineer-workflow-klbtix,7397fe403da1f1e59744d4f0bb6a0fa33bd03655,CORPUS_DIRECT,,,KEEP_PENDING_RECONCILIATION,"Reconcile ID, authority and final target against corpus"
Sas-Executar/Programa-Sas,GAP,GAP,G01__posicionamento.md,blob,SOURCE_PATH_OBSERVED_AUTHORITY_NOT_ASSESSED,02_lancamento/G01__posicionamento.md,02_lancamento/G01__posicionamento.md,,,claude/plugin-engineer-workflow-klbtix,7397fe403da1f1e59744d4f0bb6a0fa33bd03655,CORPUS_DIRECT,,,KEEP_PENDING_RECONCILIATION,"Reconcile ID, authority and final target against corpus"
Sas-Executar/Programa-Sas,GAP,GAP,G02__financeiro-e-juridico.md,blob,SOURCE_PATH_OBSERVED_AUTHORITY_NOT_ASSESSED,02_lancamento/G02__financeiro-e-juridico.md,02_lancamento/G02__financeiro-e-juridico.md,,,claude/plugin-engineer-workflow-klbtix,7397fe403da1f1e59744d4f0bb6a0fa33bd03655,CORPUS_DIRECT,,,KEEP_PENDING_RECONCILIATION,"Reconcile ID, authority and final target against corpus"
Sas-Executar/Programa-Sas,GAP,GAP,G03__blog-custo-cognitivo.md,blob,SOURCE_PATH_OBSERVED_AUTHORITY_NOT_ASSESSED,02_lancamento/G03__blog-custo-cognitivo.md,02_lancamento/G03__blog-custo-cognitivo.md,,,claude/plugin-engineer-workflow-klbtix,7397fe403da1f1e59744d4f0bb6a0fa33bd03655,CORPUS_DIRECT,,,KEEP_PENDING_RECONCILIATION,"Reconcile ID, authority and final target against corpus"
Sas-Executar/Programa-Sas,GAP,GAP,G04__vera-e-mapa-scanner.md,blob,SOURCE_PATH_OBSERVED_AUTHORITY_NOT_ASSESSED,02_lancamento/G04__vera-e-mapa-scanner.md,02_lancamento/G04__vera-e-mapa-scanner.md,,,claude/plugin-engineer-workflow-klbtix,7397fe403da1f1e59744d4f0bb6a0fa33bd03655,CORPUS_DIRECT,,,KEEP_PENDING_RECONCILIATION,"Reconcile ID, authority and final target against corpus"
Sas-Executar/Programa-Sas,GAP,GAP,G05__executar.md,blob,SOURCE_PATH_OBSERVED_AUTHORITY_NOT_ASSESSED,02_lancamento/G05__executar.md,02_lancamento/G05__executar.md,,,claude/plugin-engineer-workflow-klbtix,7397fe403da1f1e59744d4f0bb6a0fa33bd03655,CORPUS_DIRECT,,,KEEP_PENDING_RECONCILIATION,"Reconcile ID, authority and final target against corpus"
Sas-Executar/Programa-Sas,GAP,GAP,G06__conteudo-fonte.md,blob,SOURCE_PATH_OBSERVED_AUTHORITY_NOT_ASSESSED,02_lancamento/G06__conteudo-fonte.md,02_lancamento/G06__conteudo-fonte.md,,,claude/plugin-engineer-workflow-klbtix,7397fe403da1f1e59744d4f0bb6a0fa33bd03655,CORPUS_DIRECT,,,KEEP_PENDING_RECONCILIATION,"Reconcile ID, authority and final target against corpus"
Sas-Executar/Programa-Sas,GAP,GAP,G07__derivados-e-distribuicao.md,blob,SOURCE_PATH_OBSERVED_AUTHORITY_NOT_ASSESSED,02_lancamento/G07__derivados-e-distribuicao.md,02_lancamento/G07__derivados-e-distribuicao.md,,,claude/plugin-engineer-workflow-klbtix,7397fe403da1f1e59744d4f0bb6a0fa33bd03655,CORPUS_DIRECT,,,KEEP_PENDING_RECONCILIATION,"Reconcile ID, authority and final target against corpus"
Sas-Executar/Programa-Sas,GAP,GAP,G08__funil-e-dados.md,blob,SOURCE_PATH_OBSERVED_AUTHORITY_NOT_ASSESSED,02_lancamento/G08__funil-e-dados.md,02_lancamento/G08__funil-e-dados.md,,,claude/plugin-engineer-workflow-klbtix,7397fe403da1f1e59744d4f0bb6a0fa33bd03655,CORPUS_DIRECT,,,KEEP_PENDING_RECONCILIATION,"Reconcile ID, authority and final target against corpus"
Sas-Executar/Programa-Sas,GAP,GAP,G09__vendas-suporte-e-operacao.md,blob,SOURCE_PATH_OBSERVED_AUTHORITY_NOT_ASSESSED,02_lancamento/G09__vendas-suporte-e-operacao.md,02_lancamento/G09__vendas-suporte-e-operacao.md,,,claude/plugin-engineer-workflow-klbtix,7397fe403da1f1e59744d4f0bb6a0fa33bd03655,CORPUS_DIRECT,,,KEEP_PENDING_RECONCILIATION,"Reconcile ID, authority and final target against corpus"
Sas-Executar/Programa-Sas,GAP,GAP,G10__piloto-de-sete-dias.md,blob,SOURCE_PATH_OBSERVED_AUTHORITY_NOT_ASSESSED,02_lancamento/G10__piloto-de-sete-dias.md,02_lancamento/G10__piloto-de-sete-dias.md,,,claude/plugin-engineer-workflow-klbtix,7397fe403da1f1e59744d4f0bb6a0fa33bd03655,CORPUS_DIRECT,,,KEEP_PENDING_RECONCILIATION,"Reconcile ID, authority and final target against corpus"
Sas-Executar/Programa-Sas,GAP,GAP,G11__lancamento-publico.md,blob,SOURCE_PATH_OBSERVED_AUTHORITY_NOT_ASSESSED,02_lancamento/G11__lancamento-publico.md,02_lancamento/G11__lancamento-publico.md,,,claude/plugin-engineer-workflow-klbtix,7397fe403da1f1e59744d4f0bb6a0fa33bd03655,CORPUS_DIRECT,,,KEEP_PENDING_RECONCILIATION,"Reconcile ID, authority and final target against corpus"
Sas-Executar/Programa-Sas,GAP,GAP,G12__pos-lancamento.md,blob,SOURCE_PATH_OBSERVED_AUTHORITY_NOT_ASSESSED,02_lancamento/G12__pos-lancamento.md,02_lancamento/G12__pos-lancamento.md,,,claude/plugin-engineer-workflow-klbtix,7397fe403da1f1e59744d4f0bb6a0fa33bd03655,CORPUS_DIRECT,,,KEEP_PENDING_RECONCILIATION,"Reconcile ID, authority and final target against corpus"
Sas-Executar/Programa-Sas,GAP,GAP,README.md,blob,SOURCE_PATH_OBSERVED_AUTHORITY_NOT_ASSESSED,02_lancamento/README.md,02_lancamento/README.md,,,claude/plugin-engineer-workflow-klbtix,7397fe403da1f1e59744d4f0bb6a0fa33bd03655,CORPUS_DIRECT,,,KEEP_PENDING_RECONCILIATION,"Reconcile ID, authority and final target against corpus"
Sas-Executar/Programa-Sas,GAP,GAP,MODELO_SUBMISSAO.md,blob,SOURCE_PATH_OBSERVED_AUTHORITY_NOT_ASSESSED,03_submissoes/MODELO_SUBMISSAO.md,03_submissoes/MODELO_SUBMISSAO.md,,,claude/plugin-engineer-workflow-klbtix,7397fe403da1f1e59744d4f0bb6a0fa33bd03655,CORPUS_DIRECT,,,KEEP_PENDING_RECONCILIATION,"Reconcile ID, authority and final target against corpus"
Sas-Executar/Programa-Sas,GAP,GAP,README.md,blob,SOURCE_PATH_OBSERVED_AUTHORITY_NOT_ASSESSED,03_submissoes/README.md,03_submissoes/README.md,,,claude/plugin-engineer-workflow-klbtix,7397fe403da1f1e59744d4f0bb6a0fa33bd03655,CORPUS_DIRECT,,,KEEP_PENDING_RECONCILIATION,"Reconcile ID, authority and final target against corpus"
Sas-Executar/Programa-Sas,GAP,GAP,REGISTRO_SUBMISSOES.csv,blob,SOURCE_PATH_OBSERVED_AUTHORITY_NOT_ASSESSED,03_submissoes/REGISTRO_SUBMISSOES.csv,03_submissoes/REGISTRO_SUBMISSOES.csv,,,claude/plugin-engineer-workflow-klbtix,7397fe403da1f1e59744d4f0bb6a0fa33bd03655,CORPUS_DIRECT,,,KEEP_PENDING_RECONCILIATION,"Reconcile ID, authority and final target against corpus"
Sas-Executar/Programa-Sas,GAP,GAP,README.md,blob,SOURCE_PATH_OBSERVED_AUTHORITY_NOT_ASSESSED,04_evidencias/README.md,04_evidencias/README.md,,,claude/plugin-engineer-workflow-klbtix,7397fe403da1f1e59744d4f0bb6a0fa33bd03655,CORPUS_DIRECT,,,KEEP_PENDING_RECONCILIATION,"Reconcile ID, authority and final target against corpus"
Sas-Executar/Programa-Sas,GAP,GAP,REGISTRO_EVIDENCIAS.csv,blob,SOURCE_PATH_OBSERVED_AUTHORITY_NOT_ASSESSED,04_evidencias/REGISTRO_EVIDENCIAS.csv,04_evidencias/REGISTRO_EVIDENCIAS.csv,,,claude/plugin-engineer-workflow-klbtix,7397fe403da1f1e59744d4f0bb6a0fa33bd03655,CORPUS_DIRECT,,,KEEP_PENDING_RECONCILIATION,"Reconcile ID, authority and final target against corpus"
Sas-Executar/Programa-Sas,GAP,GAP,README.md,blob,SOURCE_PATH_OBSERVED_AUTHORITY_NOT_ASSESSED,05_arquivo/README.md,05_arquivo/README.md,,,claude/plugin-engineer-workflow-klbtix,7397fe403da1f1e59744d4f0bb6a0fa33bd03655,CORPUS_DIRECT,,,KEEP_PENDING_RECONCILIATION,"Reconcile ID, authority and final target against corpus"
Sas-Executar/Programa-Sas,GAP,GAP,README.md,blob,SOURCE_PATH_OBSERVED_AUTHORITY_NOT_ASSESSED,README.md,README.md,,,claude/plugin-engineer-workflow-klbtix,7397fe403da1f1e59744d4f0bb6a0fa33bd03655,CORPUS_DIRECT,,,KEEP_PENDING_RECONCILIATION,"Reconcile ID, authority and final target against corpus"
Sas-Executar/Programa-Sas,GAP,GAP,2026-09-07-repo-analysis-plugin-engineer.md,blob,SOURCE_PATH_OBSERVED_AUTHORITY_NOT_ASSESSED,docs/governance/2026-09-07-repo-analysis-plugin-engineer.md,docs/governance/2026-09-07-repo-analysis-plugin-engineer.md,,,claude/plugin-engineer-workflow-klbtix,7397fe403da1f1e59744d4f0bb6a0fa33bd03655,CORPUS_DIRECT,,,KEEP_PENDING_RECONCILIATION,"Reconcile ID, authority and final target against corpus"
Sas-Executar/Desyng-System-ecossitema.,GAP,GAP,.gitignore,blob,SOURCE_PATH_OBSERVED_AUTHORITY_NOT_ASSESSED,.gitignore,.gitignore,,,claude/design-handoff-specs-ulc1r1,3784189e789a5b16fc2bdaaa6854a4bdc1bcad77,CORPUS_DIRECT,,,KEEP_PENDING_RECONCILIATION,"Reconcile ID, authority and final target against corpus"
Sas-Executar/Desyng-System-ecossitema.,GAP,GAP,README.md,blob,SOURCE_PATH_OBSERVED_AUTHORITY_NOT_ASSESSED,README.md,README.md,,,claude/design-handoff-specs-ulc1r1,3784189e789a5b16fc2bdaaa6854a4bdc1bcad77,CORPUS_DIRECT,,,KEEP_PENDING_RECONCILIATION,"Reconcile ID, authority and final target against corpus"
Sas-Executar/Desyng-System-ecossitema.,GAP,GAP,.env.example,blob,SOURCE_PATH_OBSERVED_AUTHORITY_NOT_ASSESSED,apps/admin/.env.example,apps/admin/.env.example,,,claude/design-handoff-specs-ulc1r1,3784189e789a5b16fc2bdaaa6854a4bdc1bcad77,CORPUS_DIRECT,,,KEEP_PENDING_RECONCILIATION,"Reconcile ID, authority and final target against corpus"
Sas-Executar/Desyng-System-ecossitema.,GAP,GAP,.gitignore,blob,SOURCE_PATH_OBSERVED_AUTHORITY_NOT_ASSESSED,apps/admin/.gitignore,apps/admin/.gitignore,,,claude/design-handoff-specs-ulc1r1,3784189e789a5b16fc2bdaaa6854a4bdc1bcad77,CORPUS_DIRECT,,,KEEP_PENDING_RECONCILIATION,"Reconcile ID, authority and final target against corpus"
Sas-Executar/Desyng-System-ecossitema.,GAP,GAP,AGENTS.md,blob,SOURCE_PATH_OBSERVED_AUTHORITY_NOT_ASSESSED,apps/admin/AGENTS.md,apps/admin/AGENTS.md,,,claude/design-handoff-specs-ulc1r1,3784189e789a5b16fc2bdaaa6854a4bdc1bcad77,CORPUS_DIRECT,,,KEEP_PENDING_RECONCILIATION,"Reconcile ID, authority and final target against corpus"
Sas-Executar/Desyng-System-ecossitema.,GAP,GAP,CLAUDE.md,blob,SOURCE_PATH_OBSERVED_AUTHORITY_NOT_ASSESSED,apps/admin/CLAUDE.md,apps/admin/CLAUDE.md,,,claude/design-handoff-specs-ulc1r1,3784189e789a5b16fc2bdaaa6854a4bdc1bcad77,CORPUS_DIRECT,,,KEEP_PENDING_RECONCILIATION,"Reconcile ID, authority and final target against corpus"
Sas-Executar/Desyng-System-ecossitema.,GAP,GAP,README.md,blob,SOURCE_PATH_OBSERVED_AUTHORITY_NOT_ASSESSED,apps/admin/README.md,apps/admin/README.md,,,claude/design-handoff-specs-ulc1r1,3784189e789a5b16fc2bdaaa6854a4bdc1bcad77,CORPUS_DIRECT,,,KEEP_PENDING_RECONCILIATION,"Reconcile ID, authority and final target against corpus"
Sas-Executar/Desyng-System-ecossitema.,GAP,GAP,next.config.ts,blob,SOURCE_PATH_OBSERVED_AUTHORITY_NOT_ASSESSED,apps/admin/next.config.ts,apps/admin/next.config.ts,,,claude/design-handoff-specs-ulc1r1,3784189e789a5b16fc2bdaaa6854a4bdc1bcad77,CORPUS_DIRECT,,,KEEP_PENDING_RECONCILIATION,"Reconcile ID, authority and final target against corpus"
Sas-Executar/Desyng-System-ecossitema.,GAP,GAP,package.json,blob,SOURCE_PATH_OBSERVED_AUTHORITY_NOT_ASSESSED,apps/admin/package.json,apps/admin/package.json,,,claude/design-handoff-specs-ulc1r1,3784189e789a5b16fc2bdaaa6854a4bdc1bcad77,CORPUS_DIRECT,,,KEEP_PENDING_RECONCILIATION,"Reconcile ID, authority and final target against corpus"
Sas-Executar/Desyng-System-ecossitema.,GAP,GAP,layout.tsx,blob,SOURCE_PATH_OBSERVED_AUTHORITY_NOT_ASSESSED,apps/admin/src/app/(frontend)/layout.tsx,apps/admin/src/app/(frontend)/layout.tsx,,,claude/design-handoff-specs-ulc1r1,3784189e789a5b16fc2bdaaa6854a4bdc1bcad77,CORPUS_DIRECT,,,KEEP_PENDING_RECONCILIATION,"Reconcile ID, authority and final target against corpus"
Sas-Executar/Desyng-System-ecossitema.,GAP,GAP,page.tsx,blob,SOURCE_PATH_OBSERVED_AUTHORITY_NOT_ASSESSED,apps/admin/src/app/(frontend)/page.tsx,apps/admin/src/app/(frontend)/page.tsx,,,claude/design-handoff-specs-ulc1r1,3784189e789a5b16fc2bdaaa6854a4bdc1bcad77,CORPUS_DIRECT,,,KEEP_PENDING_RECONCILIATION,"Reconcile ID, authority and final target against corpus"
Sas-Executar/Desyng-System-ecossitema.,GAP,GAP,styles.css,blob,SOURCE_PATH_OBSERVED_AUTHORITY_NOT_ASSESSED,apps/admin/src/app/(frontend)/styles.css,apps/admin/src/app/(frontend)/styles.css,,,claude/design-handoff-specs-ulc1r1,3784189e789a5b16fc2bdaaa6854a4bdc1bcad77,CORPUS_DIRECT,,,KEEP_PENDING_RECONCILIATION,"Reconcile ID, authority and final target against corpus"
Sas-Executar/Desyng-System-ecossitema.,GAP,GAP,not-found.tsx,blob,SOURCE_PATH_OBSERVED_AUTHORITY_NOT_ASSESSED,apps/admin/src/app/(payload)/admin/[[...segments]]/not-found.tsx,apps/admin/src/app/(payload)/admin/[[...segments]]/not-found.tsx,,,claude/design-handoff-specs-ulc1r1,3784189e789a5b16fc2bdaaa6854a4bdc1bcad77,CORPUS_DIRECT,,,KEEP_PENDING_RECONCILIATION,"Reconcile ID, authority and final target against corpus"
Sas-Executar/Desyng-System-ecossitema.,GAP,GAP,page.tsx,blob,SOURCE_PATH_OBSERVED_AUTHORITY_NOT_ASSESSED,apps/admin/src/app/(payload)/admin/[[...segments]]/page.tsx,apps/admin/src/app/(payload)/admin/[[...segments]]/page.tsx,,,claude/design-handoff-specs-ulc1r1,3784189e789a5b16fc2bdaaa6854a4bdc1bcad77,CORPUS_DIRECT,,,KEEP_PENDING_RECONCILIATION,"Reconcile ID, authority and final target against corpus"
Sas-Executar/Desyng-System-ecossitema.,GAP,GAP,importMap.js,blob,SOURCE_PATH_OBSERVED_AUTHORITY_NOT_ASSESSED,apps/admin/src/app/(payload)/admin/importMap.js,apps/admin/src/app/(payload)/admin/importMap.js,,,claude/design-handoff-specs-ulc1r1,3784189e789a5b16fc2bdaaa6854a4bdc1bcad77,CORPUS_DIRECT,,,KEEP_PENDING_RECONCILIATION,"Reconcile ID, authority and final target against corpus"
Sas-Executar/Desyng-System-ecossitema.,GAP,GAP,route.ts,blob,SOURCE_PATH_OBSERVED_AUTHORITY_NOT_ASSESSED,apps/admin/src/app/(payload)/api/[...slug]/route.ts,apps/admin/src/app/(payload)/api/[...slug]/route.ts,,,claude/design-handoff-specs-ulc1r1,3784189e789a5b16fc2bdaaa6854a4bdc1bcad77,CORPUS_DIRECT,,,KEEP_PENDING_RECONCILIATION,"Reconcile ID, authority and final target against corpus"
Sas-Executar/Desyng-System-ecossitema.,GAP,GAP,route.ts,blob,SOURCE_PATH_OBSERVED_AUTHORITY_NOT_ASSESSED,apps/admin/src/app/(payload)/api/graphql-playground/route.ts,apps/admin/src/app/(payload)/api/graphql-playground/route.ts,,,claude/design-handoff-specs-ulc1r1,3784189e789a5b16fc2bdaaa6854a4bdc1bcad77,CORPUS_DIRECT,,,KEEP_PENDING_RECONCILIATION,"Reconcile ID, authority and final target against corpus"
Sas-Executar/Desyng-System-ecossitema.,GAP,GAP,route.ts,blob,SOURCE_PATH_OBSERVED_AUTHORITY_NOT_ASSESSED,apps/admin/src/app/(payload)/api/graphql/route.ts,apps/admin/src/app/(payload)/api/graphql/route.ts,,,claude/design-handoff-specs-ulc1r1,3784189e789a5b16fc2bdaaa6854a4bdc1bcad77,CORPUS_DIRECT,,,KEEP_PENDING_RECONCILIATION,"Reconcile ID, authority and final target against corpus"
Sas-Executar/Desyng-System-ecossitema.,GAP,GAP,custom.scss,blob,SOURCE_PATH_OBSERVED_AUTHORITY_NOT_ASSESSED,apps/admin/src/app/(payload)/custom.scss,apps/admin/src/app/(payload)/custom.scss,,,claude/design-handoff-specs-ulc1r1,3784189e789a5b16fc2bdaaa6854a4bdc1bcad77,CORPUS_DIRECT,,,KEEP_PENDING_RECONCILIATION,"Reconcile ID, authority and final target against corpus"
Sas-Executar/Desyng-System-ecossitema.,GAP,GAP,layout.tsx,blob,SOURCE_PATH_OBSERVED_AUTHORITY_NOT_ASSESSED,apps/admin/src/app/(payload)/layout.tsx,apps/admin/src/app/(payload)/layout.tsx,,,claude/design-handoff-specs-ulc1r1,3784189e789a5b16fc2bdaaa6854a4bdc1bcad77,CORPUS_DIRECT,,,KEEP_PENDING_RECONCILIATION,"Reconcile ID, authority and final target against corpus"
Sas-Executar/Desyng-System-ecossitema.,GAP,GAP,Callout.ts,blob,SOURCE_PATH_OBSERVED_AUTHORITY_NOT_ASSESSED,apps/admin/src/blocks/Callout.ts,apps/admin/src/blocks/Callout.ts,,,claude/design-handoff-specs-ulc1r1,3784189e789a5b16fc2bdaaa6854a4bdc1bcad77,CORPUS_DIRECT,,,KEEP_PENDING_RECONCILIATION,"Reconcile ID, authority and final target against corpus"
Sas-Executar/Desyng-System-ecossitema.,GAP,GAP,Media.ts,blob,SOURCE_PATH_OBSERVED_AUTHORITY_NOT_ASSESSED,apps/admin/src/collections/Media.ts,apps/admin/src/collections/Media.ts,,,claude/design-handoff-specs-ulc1r1,3784189e789a5b16fc2bdaaa6854a4bdc1bcad77,CORPUS_DIRECT,,,KEEP_PENDING_RECONCILIATION,"Reconcile ID, authority and final target against corpus"
Sas-Executar/Desyng-System-ecossitema.,GAP,GAP,Posts.ts,blob,SOURCE_PATH_OBSERVED_AUTHORITY_NOT_ASSESSED,apps/admin/src/collections/Posts.ts,apps/admin/src/collections/Posts.ts,,,claude/design-handoff-specs-ulc1r1,3784189e789a5b16fc2bdaaa6854a4bdc1bcad77,CORPUS_DIRECT,,,KEEP_PENDING_RECONCILIATION,"Reconcile ID, authority and final target against corpus"
Sas-Executar/Desyng-System-ecossitema.,GAP,GAP,Users.ts,blob,SOURCE_PATH_OBSERVED_AUTHORITY_NOT_ASSESSED,apps/admin/src/collections/Users.ts,apps/admin/src/collections/Users.ts,,,claude/design-handoff-specs-ulc1r1,3784189e789a5b16fc2bdaaa6854a4bdc1bcad77,CORPUS_DIRECT,,,KEEP_PENDING_RECONCILIATION,"Reconcile ID, authority and final target against corpus"
Sas-Executar/Desyng-System-ecossitema.,GAP,GAP,payload-types.ts,blob,SOURCE_PATH_OBSERVED_AUTHORITY_NOT_ASSESSED,apps/admin/src/payload-types.ts,apps/admin/src/payload-types.ts,,,claude/design-handoff-specs-ulc1r1,3784189e789a5b16fc2bdaaa6854a4bdc1bcad77,CORPUS_DIRECT,,,KEEP_PENDING_RECONCILIATION,"Reconcile ID, authority and final target against corpus"
Sas-Executar/Desyng-System-ecossitema.,GAP,GAP,payload.config.ts,blob,SOURCE_PATH_OBSERVED_AUTHORITY_NOT_ASSESSED,apps/admin/src/payload.config.ts,apps/admin/src/payload.config.ts,,,claude/design-handoff-specs-ulc1r1,3784189e789a5b16fc2bdaaa6854a4bdc1bcad77,CORPUS_DIRECT,,,KEEP_PENDING_RECONCILIATION,"Reconcile ID, authority and final target against corpus"
Sas-Executar/Desyng-System-ecossitema.,GAP,GAP,seed.ts,blob,SOURCE_PATH_OBSERVED_AUTHORITY_NOT_ASSESSED,apps/admin/src/seed.ts,apps/admin/src/seed.ts,,,claude/design-handoff-specs-ulc1r1,3784189e789a5b16fc2bdaaa6854a4bdc1bcad77,CORPUS_DIRECT,,,KEEP_PENDING_RECONCILIATION,"Reconcile ID, authority and final target against corpus"
Sas-Executar/Desyng-System-ecossitema.,GAP,GAP,tsconfig.json,blob,SOURCE_PATH_OBSERVED_AUTHORITY_NOT_ASSESSED,apps/admin/tsconfig.json,apps/admin/tsconfig.json,,,claude/design-handoff-specs-ulc1r1,3784189e789a5b16fc2bdaaa6854a4bdc1bcad77,CORPUS_DIRECT,,,KEEP_PENDING_RECONCILIATION,"Reconcile ID, authority and final target against corpus"
Sas-Executar/Desyng-System-ecossitema.,GAP,GAP,.gitignore,blob,SOURCE_PATH_OBSERVED_AUTHORITY_NOT_ASSESSED,apps/app/.gitignore,apps/app/.gitignore,,,claude/design-handoff-specs-ulc1r1,3784189e789a5b16fc2bdaaa6854a4bdc1bcad77,CORPUS_DIRECT,,,KEEP_PENDING_RECONCILIATION,"Reconcile ID, authority and final target against corpus"
Sas-Executar/Desyng-System-ecossitema.,GAP,GAP,README.md,blob,SOURCE_PATH_OBSERVED_AUTHORITY_NOT_ASSESSED,apps/app/README.md,apps/app/README.md,,,claude/design-handoff-specs-ulc1r1,3784189e789a5b16fc2bdaaa6854a4bdc1bcad77,CORPUS_DIRECT,,,KEEP_PENDING_RECONCILIATION,"Reconcile ID, authority and final target against corpus"
Sas-Executar/Desyng-System-ecossitema.,GAP,GAP,app.json,blob,SOURCE_PATH_OBSERVED_AUTHORITY_NOT_ASSESSED,apps/app/app.json,apps/app/app.json,,,claude/design-handoff-specs-ulc1r1,3784189e789a5b16fc2bdaaa6854a4bdc1bcad77,CORPUS_DIRECT,,,KEEP_PENDING_RECONCILIATION,"Reconcile ID, authority and final target against corpus"
Sas-Executar/Desyng-System-ecossitema.,GAP,GAP,_layout.tsx,blob,SOURCE_PATH_OBSERVED_AUTHORITY_NOT_ASSESSED,apps/app/app/_layout.tsx,apps/app/app/_layout.tsx,,,claude/design-handoff-specs-ulc1r1,3784189e789a5b16fc2bdaaa6854a4bdc1bcad77,CORPUS_DIRECT,,,KEEP_PENDING_RECONCILIATION,"Reconcile ID, authority and final target against corpus"
Sas-Executar/Desyng-System-ecossitema.,GAP,GAP,index.tsx,blob,SOURCE_PATH_OBSERVED_AUTHORITY_NOT_ASSESSED,apps/app/app/index.tsx,apps/app/app/index.tsx,,,claude/design-handoff-specs-ulc1r1,3784189e789a5b16fc2bdaaa6854a4bdc1bcad77,CORPUS_DIRECT,,,KEEP_PENDING_RECONCILIATION,"Reconcile ID, authority and final target against corpus"
Sas-Executar/Desyng-System-ecossitema.,GAP,GAP,babel.config.js,blob,SOURCE_PATH_OBSERVED_AUTHORITY_NOT_ASSESSED,apps/app/babel.config.js,apps/app/babel.config.js,,,claude/design-handoff-specs-ulc1r1,3784189e789a5b16fc2bdaaa6854a4bdc1bcad77,CORPUS_DIRECT,,,KEEP_PENDING_RECONCILIATION,"Reconcile ID, authority and final target against corpus"
Sas-Executar/Desyng-System-ecossitema.,GAP,GAP,expo-env.d.ts,blob,SOURCE_PATH_OBSERVED_AUTHORITY_NOT_ASSESSED,apps/app/expo-env.d.ts,apps/app/expo-env.d.ts,,,claude/design-handoff-specs-ulc1r1,3784189e789a5b16fc2bdaaa6854a4bdc1bcad77,CORPUS_DIRECT,,,KEEP_PENDING_RECONCILIATION,"Reconcile ID, authority and final target against corpus"
Sas-Executar/Desyng-System-ecossitema.,GAP,GAP,package.json,blob,SOURCE_PATH_OBSERVED_AUTHORITY_NOT_ASSESSED,apps/app/package.json,apps/app/package.json,,,claude/design-handoff-specs-ulc1r1,3784189e789a5b16fc2bdaaa6854a4bdc1bcad77,CORPUS_DIRECT,,,KEEP_PENDING_RECONCILIATION,"Reconcile ID, authority and final target against corpus"
Sas-Executar/Desyng-System-ecossitema.,GAP,GAP,Button.tsx,blob,SOURCE_PATH_OBSERVED_AUTHORITY_NOT_ASSESSED,apps/app/src/components/Button.tsx,apps/app/src/components/Button.tsx,,,claude/design-handoff-specs-ulc1r1,3784189e789a5b16fc2bdaaa6854a4bdc1bcad77,CORPUS_DIRECT,,,KEEP_PENDING_RECONCILIATION,"Reconcile ID, authority and final target against corpus"
Sas-Executar/Desyng-System-ecossitema.,GAP,GAP,Callout.tsx,blob,SOURCE_PATH_OBSERVED_AUTHORITY_NOT_ASSESSED,apps/app/src/components/Callout.tsx,apps/app/src/components/Callout.tsx,,,claude/design-handoff-specs-ulc1r1,3784189e789a5b16fc2bdaaa6854a4bdc1bcad77,CORPUS_DIRECT,,,KEEP_PENDING_RECONCILIATION,"Reconcile ID, authority and final target against corpus"
Sas-Executar/Desyng-System-ecossitema.,GAP,GAP,Card.tsx,blob,SOURCE_PATH_OBSERVED_AUTHORITY_NOT_ASSESSED,apps/app/src/components/Card.tsx,apps/app/src/components/Card.tsx,,,claude/design-handoff-specs-ulc1r1,3784189e789a5b16fc2bdaaa6854a4bdc1bcad77,CORPUS_DIRECT,,,KEEP_PENDING_RECONCILIATION,"Reconcile ID, authority and final target against corpus"
Sas-Executar/Desyng-System-ecossitema.,GAP,GAP,rnStyle.ts,blob,SOURCE_PATH_OBSERVED_AUTHORITY_NOT_ASSESSED,apps/app/src/rnStyle.ts,apps/app/src/rnStyle.ts,,,claude/design-handoff-specs-ulc1r1,3784189e789a5b16fc2bdaaa6854a4bdc1bcad77,CORPUS_DIRECT,,,KEEP_PENDING_RECONCILIATION,"Reconcile ID, authority and final target against corpus"
Sas-Executar/Desyng-System-ecossitema.,GAP,GAP,tamagui.config.ts,blob,SOURCE_PATH_OBSERVED_AUTHORITY_NOT_ASSESSED,apps/app/tamagui.config.ts,apps/app/tamagui.config.ts,,,claude/design-handoff-specs-ulc1r1,3784189e789a5b16fc2bdaaa6854a4bdc1bcad77,CORPUS_DIRECT,,,KEEP_PENDING_RECONCILIATION,"Reconcile ID, authority and final target against corpus"
Sas-Executar/Desyng-System-ecossitema.,GAP,GAP,tsconfig.json,blob,SOURCE_PATH_OBSERVED_AUTHORITY_NOT_ASSESSED,apps/app/tsconfig.json,apps/app/tsconfig.json,,,claude/design-handoff-specs-ulc1r1,3784189e789a5b16fc2bdaaa6854a4bdc1bcad77,CORPUS_DIRECT,,,KEEP_PENDING_RECONCILIATION,"Reconcile ID, authority and final target against corpus"
Sas-Executar/Desyng-System-ecossitema.,GAP,GAP,.env.example,blob,SOURCE_PATH_OBSERVED_AUTHORITY_NOT_ASSESSED,apps/blog/.env.example,apps/blog/.env.example,,,claude/design-handoff-specs-ulc1r1,3784189e789a5b16fc2bdaaa6854a4bdc1bcad77,CORPUS_DIRECT,,,KEEP_PENDING_RECONCILIATION,"Reconcile ID, authority and final target against corpus"
Sas-Executar/Desyng-System-ecossitema.,GAP,GAP,README.md,blob,SOURCE_PATH_OBSERVED_AUTHORITY_NOT_ASSESSED,apps/blog/README.md,apps/blog/README.md,,,claude/design-handoff-specs-ulc1r1,3784189e789a5b16fc2bdaaa6854a4bdc1bcad77,CORPUS_DIRECT,,,KEEP_PENDING_RECONCILIATION,"Reconcile ID, authority and final target against corpus"
Sas-Executar/Desyng-System-ecossitema.,GAP,GAP,astro.config.mjs,blob,SOURCE_PATH_OBSERVED_AUTHORITY_NOT_ASSESSED,apps/blog/astro.config.mjs,apps/blog/astro.config.mjs,,,claude/design-handoff-specs-ulc1r1,3784189e789a5b16fc2bdaaa6854a4bdc1bcad77,CORPUS_DIRECT,,,KEEP_PENDING_RECONCILIATION,"Reconcile ID, authority and final target against corpus"
Sas-Executar/Desyng-System-ecossitema.,GAP,GAP,package.json,blob,SOURCE_PATH_OBSERVED_AUTHORITY_NOT_ASSESSED,apps/blog/package.json,apps/blog/package.json,,,claude/design-handoff-specs-ulc1r1,3784189e789a5b16fc2bdaaa6854a4bdc1bcad77,CORPUS_DIRECT,,,KEEP_PENDING_RECONCILIATION,"Reconcile ID, authority and final target against corpus"
Sas-Executar/Desyng-System-ecossitema.,GAP,GAP,RichTextRenderer.tsx,blob,SOURCE_PATH_OBSERVED_AUTHORITY_NOT_ASSESSED,apps/blog/src/components/RichTextRenderer.tsx,apps/blog/src/components/RichTextRenderer.tsx,,,claude/design-handoff-specs-ulc1r1,3784189e789a5b16fc2bdaaa6854a4bdc1bcad77,CORPUS_DIRECT,,,KEEP_PENDING_RECONCILIATION,"Reconcile ID, authority and final target against corpus"
Sas-Executar/Desyng-System-ecossitema.,GAP,GAP,ArticleMeta.astro,blob,SOURCE_PATH_OBSERVED_AUTHORITY_NOT_ASSESSED,apps/blog/src/components/editorial/ArticleMeta.astro,apps/blog/src/components/editorial/ArticleMeta.astro,,,claude/design-handoff-specs-ulc1r1,3784189e789a5b16fc2bdaaa6854a4bdc1bcad77,CORPUS_DIRECT,,,KEEP_PENDING_RECONCILIATION,"Reconcile ID, authority and final target against corpus"
Sas-Executar/Desyng-System-ecossitema.,GAP,GAP,BottomBar.astro,blob,SOURCE_PATH_OBSERVED_AUTHORITY_NOT_ASSESSED,apps/blog/src/components/editorial/BottomBar.astro,apps/blog/src/components/editorial/BottomBar.astro,,,claude/design-handoff-specs-ulc1r1,3784189e789a5b16fc2bdaaa6854a4bdc1bcad77,CORPUS_DIRECT,,,KEEP_PENDING_RECONCILIATION,"Reconcile ID, authority and final target against corpus"
Sas-Executar/Desyng-System-ecossitema.,GAP,GAP,Button.astro,blob,SOURCE_PATH_OBSERVED_AUTHORITY_NOT_ASSESSED,apps/blog/src/components/editorial/Button.astro,apps/blog/src/components/editorial/Button.astro,,,claude/design-handoff-specs-ulc1r1,3784189e789a5b16fc2bdaaa6854a4bdc1bcad77,CORPUS_DIRECT,,,KEEP_PENDING_RECONCILIATION,"Reconcile ID, authority and final target against corpus"
Sas-Executar/Desyng-System-ecossitema.,GAP,GAP,Callout.tsx,blob,SOURCE_PATH_OBSERVED_AUTHORITY_NOT_ASSESSED,apps/blog/src/components/editorial/Callout.tsx,apps/blog/src/components/editorial/Callout.tsx,,,claude/design-handoff-specs-ulc1r1,3784189e789a5b16fc2bdaaa6854a4bdc1bcad77,CORPUS_DIRECT,,,KEEP_PENDING_RECONCILIATION,"Reconcile ID, authority and final target against corpus"
Sas-Executar/Desyng-System-ecossitema.,GAP,GAP,Carousel.astro,blob,SOURCE_PATH_OBSERVED_AUTHORITY_NOT_ASSESSED,apps/blog/src/components/editorial/Carousel.astro,apps/blog/src/components/editorial/Carousel.astro,,,claude/design-handoff-specs-ulc1r1,3784189e789a5b16fc2bdaaa6854a4bdc1bcad77,CORPUS_DIRECT,,,KEEP_PENDING_RECONCILIATION,"Reconcile ID, authority and final target against corpus"
Sas-Executar/Desyng-System-ecossitema.,GAP,GAP,Drawer.astro,blob,SOURCE_PATH_OBSERVED_AUTHORITY_NOT_ASSESSED,apps/blog/src/components/editorial/Drawer.astro,apps/blog/src/components/editorial/Drawer.astro,,,claude/design-handoff-specs-ulc1r1,3784189e789a5b16fc2bdaaa6854a4bdc1bcad77,CORPUS_DIRECT,,,KEEP_PENDING_RECONCILIATION,"Reconcile ID, authority and final target against corpus"
Sas-Executar/Desyng-System-ecossitema.,GAP,GAP,FeatureMedia.astro,blob,SOURCE_PATH_OBSERVED_AUTHORITY_NOT_ASSESSED,apps/blog/src/components/editorial/FeatureMedia.astro,apps/blog/src/components/editorial/FeatureMedia.astro,,,claude/design-handoff-specs-ulc1r1,3784189e789a5b16fc2bdaaa6854a4bdc1bcad77,CORPUS_DIRECT,,,KEEP_PENDING_RECONCILIATION,"Reconcile ID, authority and final target against corpus"
Sas-Executar/Desyng-System-ecossitema.,GAP,GAP,Footer.astro,blob,SOURCE_PATH_OBSERVED_AUTHORITY_NOT_ASSESSED,apps/blog/src/components/editorial/Footer.astro,apps/blog/src/components/editorial/Footer.astro,,,claude/design-handoff-specs-ulc1r1,3784189e789a5b16fc2bdaaa6854a4bdc1bcad77,CORPUS_DIRECT,,,KEEP_PENDING_RECONCILIATION,"Reconcile ID, authority and final target against corpus"
Sas-Executar/Desyng-System-ecossitema.,GAP,GAP,GlobalNav.astro,blob,SOURCE_PATH_OBSERVED_AUTHORITY_NOT_ASSESSED,apps/blog/src/components/editorial/GlobalNav.astro,apps/blog/src/components/editorial/GlobalNav.astro,,,claude/design-handoff-specs-ulc1r1,3784189e789a5b16fc2bdaaa6854a4bdc1bcad77,CORPUS_DIRECT,,,KEEP_PENDING_RECONCILIATION,"Reconcile ID, authority and final target against corpus"
Sas-Executar/Desyng-System-ecossitema.,GAP,GAP,Hero.astro,blob,SOURCE_PATH_OBSERVED_AUTHORITY_NOT_ASSESSED,apps/blog/src/components/editorial/Hero.astro,apps/blog/src/components/editorial/Hero.astro,,,claude/design-handoff-specs-ulc1r1,3784189e789a5b16fc2bdaaa6854a4bdc1bcad77,CORPUS_DIRECT,,,KEEP_PENDING_RECONCILIATION,"Reconcile ID, authority and final target against corpus"
Sas-Executar/Desyng-System-ecossitema.,GAP,GAP,PromoGrid.astro,blob,SOURCE_PATH_OBSERVED_AUTHORITY_NOT_ASSESSED,apps/blog/src/components/editorial/PromoGrid.astro,apps/blog/src/components/editorial/PromoGrid.astro,,,claude/design-handoff-specs-ulc1r1,3784189e789a5b16fc2bdaaa6854a4bdc1bcad77,CORPUS_DIRECT,,,KEEP_PENDING_RECONCILIATION,"Reconcile ID, authority and final target against corpus"
Sas-Executar/Desyng-System-ecossitema.,GAP,GAP,Selection.astro,blob,SOURCE_PATH_OBSERVED_AUTHORITY_NOT_ASSESSED,apps/blog/src/components/editorial/Selection.astro,apps/blog/src/components/editorial/Selection.astro,,,claude/design-handoff-specs-ulc1r1,3784189e789a5b16fc2bdaaa6854a4bdc1bcad77,CORPUS_DIRECT,,,KEEP_PENDING_RECONCILIATION,"Reconcile ID, authority and final target against corpus"
Sas-Executar/Desyng-System-ecossitema.,GAP,GAP,env.d.ts,blob,SOURCE_PATH_OBSERVED_AUTHORITY_NOT_ASSESSED,apps/blog/src/env.d.ts,apps/blog/src/env.d.ts,,,claude/design-handoff-specs-ulc1r1,3784189e789a5b16fc2bdaaa6854a4bdc1bcad77,CORPUS_DIRECT,,,KEEP_PENDING_RECONCILIATION,"Reconcile ID, authority and final target against corpus"
Sas-Executar/Desyng-System-ecossitema.,GAP,GAP,BaseLayout.astro,blob,SOURCE_PATH_OBSERVED_AUTHORITY_NOT_ASSESSED,apps/blog/src/layouts/BaseLayout.astro,apps/blog/src/layouts/BaseLayout.astro,,,claude/design-handoff-specs-ulc1r1,3784189e789a5b16fc2bdaaa6854a4bdc1bcad77,CORPUS_DIRECT,,,KEEP_PENDING_RECONCILIATION,"Reconcile ID, authority and final target against corpus"
Sas-Executar/Desyng-System-ecossitema.,GAP,GAP,payload-client.ts,blob,SOURCE_PATH_OBSERVED_AUTHORITY_NOT_ASSESSED,apps/blog/src/lib/payload-client.ts,apps/blog/src/lib/payload-client.ts,,,claude/design-handoff-specs-ulc1r1,3784189e789a5b16fc2bdaaa6854a4bdc1bcad77,CORPUS_DIRECT,,,KEEP_PENDING_RECONCILIATION,"Reconcile ID, authority and final target against corpus"
Sas-Executar/Desyng-System-ecossitema.,GAP,GAP,[slug].astro,blob,SOURCE_PATH_OBSERVED_AUTHORITY_NOT_ASSESSED,apps/blog/src/pages/blog/[slug].astro,apps/blog/src/pages/blog/[slug].astro,,,claude/design-handoff-specs-ulc1r1,3784189e789a5b16fc2bdaaa6854a4bdc1bcad77,CORPUS_DIRECT,,,KEEP_PENDING_RECONCILIATION,"Reconcile ID, authority and final target against corpus"
Sas-Executar/Desyng-System-ecossitema.,GAP,GAP,index.astro,blob,SOURCE_PATH_OBSERVED_AUTHORITY_NOT_ASSESSED,apps/blog/src/pages/blog/index.astro,apps/blog/src/pages/blog/index.astro,,,claude/design-handoff-specs-ulc1r1,3784189e789a5b16fc2bdaaa6854a4bdc1bcad77,CORPUS_DIRECT,,,KEEP_PENDING_RECONCILIATION,"Reconcile ID, authority and final target against corpus"
Sas-Executar/Desyng-System-ecossitema.,GAP,GAP,index.astro,blob,SOURCE_PATH_OBSERVED_AUTHORITY_NOT_ASSESSED,apps/blog/src/pages/index.astro,apps/blog/src/pages/index.astro,,,claude/design-handoff-specs-ulc1r1,3784189e789a5b16fc2bdaaa6854a4bdc1bcad77,CORPUS_DIRECT,,,KEEP_PENDING_RECONCILIATION,"Reconcile ID, authority and final target against corpus"
Sas-Executar/Desyng-System-ecossitema.,GAP,GAP,editorial-components.css,blob,SOURCE_PATH_OBSERVED_AUTHORITY_NOT_ASSESSED,apps/blog/src/styles/editorial-components.css,apps/blog/src/styles/editorial-components.css,,,claude/design-handoff-specs-ulc1r1,3784189e789a5b16fc2bdaaa6854a4bdc1bcad77,CORPUS_DIRECT,,,KEEP_PENDING_RECONCILIATION,"Reconcile ID, authority and final target against corpus"
Sas-Executar/Desyng-System-ecossitema.,GAP,GAP,editorial-tokens.css,blob,SOURCE_PATH_OBSERVED_AUTHORITY_NOT_ASSESSED,apps/blog/src/styles/editorial-tokens.css,apps/blog/src/styles/editorial-tokens.css,,,claude/design-handoff-specs-ulc1r1,3784189e789a5b16fc2bdaaa6854a4bdc1bcad77,CORPUS_DIRECT,,,KEEP_PENDING_RECONCILIATION,"Reconcile ID, authority and final target against corpus"
Sas-Executar/Desyng-System-ecossitema.,GAP,GAP,global.css,blob,SOURCE_PATH_OBSERVED_AUTHORITY_NOT_ASSESSED,apps/blog/src/styles/global.css,apps/blog/src/styles/global.css,,,claude/design-handoff-specs-ulc1r1,3784189e789a5b16fc2bdaaa6854a4bdc1bcad77,CORPUS_DIRECT,,,KEEP_PENDING_RECONCILIATION,"Reconcile ID, authority and final target against corpus"
Sas-Executar/Desyng-System-ecossitema.,GAP,GAP,tsconfig.json,blob,SOURCE_PATH_OBSERVED_AUTHORITY_NOT_ASSESSED,apps/blog/tsconfig.json,apps/blog/tsconfig.json,,,claude/design-handoff-specs-ulc1r1,3784189e789a5b16fc2bdaaa6854a4bdc1bcad77,CORPUS_DIRECT,,,KEEP_PENDING_RECONCILIATION,"Reconcile ID, authority and final target against corpus"
Sas-Executar/Desyng-System-ecossitema.,GAP,GAP,DS-FORM-001_RESPONSES.csv,blob,SOURCE_PATH_OBSERVED_AUTHORITY_NOT_ASSESSED,design-system/00_GOVERNANCE/DS-FORM-001_RESPONSES.csv,design-system/00_GOVERNANCE/DS-FORM-001_RESPONSES.csv,,,claude/design-handoff-specs-ulc1r1,3784189e789a5b16fc2bdaaa6854a4bdc1bcad77,CORPUS_DIRECT,,,KEEP_PENDING_RECONCILIATION,"Reconcile ID, authority and final target against corpus"
Sas-Executar/Desyng-System-ecossitema.,GAP,GAP,OPEN_QUESTIONS.md,blob,SOURCE_PATH_OBSERVED_AUTHORITY_NOT_ASSESSED,design-system/00_GOVERNANCE/OPEN_QUESTIONS.md,design-system/00_GOVERNANCE/OPEN_QUESTIONS.md,,,claude/design-handoff-specs-ulc1r1,3784189e789a5b16fc2bdaaa6854a4bdc1bcad77,CORPUS_DIRECT,,,KEEP_PENDING_RECONCILIATION,"Reconcile ID, authority and final target against corpus"
Sas-Executar/Desyng-System-ecossitema.,GAP,GAP,SOT_RESOLUTION.md,blob,SOURCE_PATH_OBSERVED_AUTHORITY_NOT_ASSESSED,design-system/00_GOVERNANCE/SOT_RESOLUTION.md,design-system/00_GOVERNANCE/SOT_RESOLUTION.md,,,claude/design-handoff-specs-ulc1r1,3784189e789a5b16fc2bdaaa6854a4bdc1bcad77,CORPUS_DIRECT,,,KEEP_PENDING_RECONCILIATION,"Reconcile ID, authority and final target against corpus"
Sas-Executar/Desyng-System-ecossitema.,GAP,GAP,TRACEABILITY.md,blob,SOURCE_PATH_OBSERVED_AUTHORITY_NOT_ASSESSED,design-system/00_GOVERNANCE/TRACEABILITY.md,design-system/00_GOVERNANCE/TRACEABILITY.md,,,claude/design-handoff-specs-ulc1r1,3784189e789a5b16fc2bdaaa6854a4bdc1bcad77,CORPUS_DIRECT,,,KEEP_PENDING_RECONCILIATION,"Reconcile ID, authority and final target against corpus"
Sas-Executar/Desyng-System-ecossitema.,GAP,GAP,ACCESSIBILITY.md,blob,SOURCE_PATH_OBSERVED_AUTHORITY_NOT_ASSESSED,design-system/ACCESSIBILITY.md,design-system/ACCESSIBILITY.md,,,claude/design-handoff-specs-ulc1r1,3784189e789a5b16fc2bdaaa6854a4bdc1bcad77,CORPUS_DIRECT,,,KEEP_PENDING_RECONCILIATION,"Reconcile ID, authority and final target against corpus"
Sas-Executar/Desyng-System-ecossitema.,GAP,GAP,CHANGELOG.md,blob,SOURCE_PATH_OBSERVED_AUTHORITY_NOT_ASSESSED,design-system/CHANGELOG.md,design-system/CHANGELOG.md,,,claude/design-handoff-specs-ulc1r1,3784189e789a5b16fc2bdaaa6854a4bdc1bcad77,CORPUS_DIRECT,,,KEEP_PENDING_RECONCILIATION,"Reconcile ID, authority and final target against corpus"
Sas-Executar/Desyng-System-ecossitema.,GAP,GAP,COMPONENT-SPEC.md,blob,SOURCE_PATH_OBSERVED_AUTHORITY_NOT_ASSESSED,design-system/COMPONENT-SPEC.md,design-system/COMPONENT-SPEC.md,,,claude/design-handoff-specs-ulc1r1,3784189e789a5b16fc2bdaaa6854a4bdc1bcad77,CORPUS_DIRECT,,,KEEP_PENDING_RECONCILIATION,"Reconcile ID, authority and final target against corpus"
Sas-Executar/Desyng-System-ecossitema.,GAP,GAP,DESIGN-SPEC.md,blob,SOURCE_PATH_OBSERVED_AUTHORITY_NOT_ASSESSED,design-system/DESIGN-SPEC.md,design-system/DESIGN-SPEC.md,,,claude/design-handoff-specs-ulc1r1,3784189e789a5b16fc2bdaaa6854a4bdc1bcad77,CORPUS_DIRECT,,,KEEP_PENDING_RECONCILIATION,"Reconcile ID, authority and final target against corpus"
Sas-Executar/Desyng-System-ecossitema.,GAP,GAP,DESIGN_TO_CODE_MAP.md,blob,SOURCE_PATH_OBSERVED_AUTHORITY_NOT_ASSESSED,design-system/DESIGN_TO_CODE_MAP.md,design-system/DESIGN_TO_CODE_MAP.md,,,claude/design-handoff-specs-ulc1r1,3784189e789a5b16fc2bdaaa6854a4bdc1bcad77,CORPUS_DIRECT,,,KEEP_PENDING_RECONCILIATION,"Reconcile ID, authority and final target against corpus"
Sas-Executar/Desyng-System-ecossitema.,GAP,GAP,FILE_TREE.md,blob,SOURCE_PATH_OBSERVED_AUTHORITY_NOT_ASSESSED,design-system/FILE_TREE.md,design-system/FILE_TREE.md,,,claude/design-handoff-specs-ulc1r1,3784189e789a5b16fc2bdaaa6854a4bdc1bcad77,CORPUS_DIRECT,,,KEEP_PENDING_RECONCILIATION,"Reconcile ID, authority and final target against corpus"
Sas-Executar/Desyng-System-ecossitema.,GAP,GAP,IMPLEMENTATION_PLAN.md,blob,SOURCE_PATH_OBSERVED_AUTHORITY_NOT_ASSESSED,design-system/IMPLEMENTATION_PLAN.md,design-system/IMPLEMENTATION_PLAN.md,,,claude/design-handoff-specs-ulc1r1,3784189e789a5b16fc2bdaaa6854a4bdc1bcad77,CORPUS_DIRECT,,,KEEP_PENDING_RECONCILIATION,"Reconcile ID, authority and final target against corpus"
Sas-Executar/Desyng-System-ecossitema.,GAP,GAP,MOTION-SPEC.md,blob,SOURCE_PATH_OBSERVED_AUTHORITY_NOT_ASSESSED,design-system/MOTION-SPEC.md,design-system/MOTION-SPEC.md,,,claude/design-handoff-specs-ulc1r1,3784189e789a5b16fc2bdaaa6854a4bdc1bcad77,CORPUS_DIRECT,,,KEEP_PENDING_RECONCILIATION,"Reconcile ID, authority and final target against corpus"
Sas-Executar/Desyng-System-ecossitema.,GAP,GAP,README.md,blob,SOURCE_PATH_OBSERVED_AUTHORITY_NOT_ASSESSED,design-system/README.md,design-system/README.md,,,claude/design-handoff-specs-ulc1r1,3784189e789a5b16fc2bdaaa6854a4bdc1bcad77,CORPUS_DIRECT,,,KEEP_PENDING_RECONCILIATION,"Reconcile ID, authority and final target against corpus"
Sas-Executar/Desyng-System-ecossitema.,GAP,GAP,RESPONSIVE-SPEC.md,blob,SOURCE_PATH_OBSERVED_AUTHORITY_NOT_ASSESSED,design-system/RESPONSIVE-SPEC.md,design-system/RESPONSIVE-SPEC.md,,,claude/design-handoff-specs-ulc1r1,3784189e789a5b16fc2bdaaa6854a4bdc1bcad77,CORPUS_DIRECT,,,KEEP_PENDING_RECONCILIATION,"Reconcile ID, authority and final target against corpus"
Sas-Executar/Desyng-System-ecossitema.,GAP,GAP,assets-manifest.json,blob,SOURCE_PATH_OBSERVED_AUTHORITY_NOT_ASSESSED,design-system/assets/assets-manifest.json,design-system/assets/assets-manifest.json,,,claude/design-handoff-specs-ulc1r1,3784189e789a5b16fc2bdaaa6854a4bdc1bcad77,CORPUS_DIRECT,,,KEEP_PENDING_RECONCILIATION,"Reconcile ID, authority and final target against corpus"
Sas-Executar/Desyng-System-ecossitema.,GAP,GAP,callout-protocol.md,blob,SOURCE_PATH_OBSERVED_AUTHORITY_NOT_ASSESSED,design-system/components/callout-protocol.md,design-system/components/callout-protocol.md,,,claude/design-handoff-specs-ulc1r1,3784189e789a5b16fc2bdaaa6854a4bdc1bcad77,CORPUS_DIRECT,,,KEEP_PENDING_RECONCILIATION,"Reconcile ID, authority and final target against corpus"
Sas-Executar/Desyng-System-ecossitema.,GAP,GAP,component-inventory.md,blob,SOURCE_PATH_OBSERVED_AUTHORITY_NOT_ASSESSED,design-system/components/component-inventory.md,design-system/components/component-inventory.md,,,claude/design-handoff-specs-ulc1r1,3784189e789a5b16fc2bdaaa6854a4bdc1bcad77,CORPUS_DIRECT,,,KEEP_PENDING_RECONCILIATION,"Reconcile ID, authority and final target against corpus"
Sas-Executar/Desyng-System-ecossitema.,GAP,GAP,layout-archetypes.md,blob,SOURCE_PATH_OBSERVED_AUTHORITY_NOT_ASSESSED,design-system/layouts/layout-archetypes.md,design-system/layouts/layout-archetypes.md,,,claude/design-handoff-specs-ulc1r1,3784189e789a5b16fc2bdaaa6854a4bdc1bcad77,CORPUS_DIRECT,,,KEEP_PENDING_RECONCILIATION,"Reconcile ID, authority and final target against corpus"
Sas-Executar/Desyng-System-ecossitema.,GAP,GAP,implementation-checklist.md,blob,SOURCE_PATH_OBSERVED_AUTHORITY_NOT_ASSESSED,design-system/qa/implementation-checklist.md,design-system/qa/implementation-checklist.md,,,claude/design-handoff-specs-ulc1r1,3784189e789a5b16fc2bdaaa6854a4bdc1bcad77,CORPUS_DIRECT,,,KEEP_PENDING_RECONCILIATION,"Reconcile ID, authority and final target against corpus"
Sas-Executar/Desyng-System-ecossitema.,GAP,GAP,visual-checklist.md,blob,SOURCE_PATH_OBSERVED_AUTHORITY_NOT_ASSESSED,design-system/qa/visual-checklist.md,design-system/qa/visual-checklist.md,,,claude/design-handoff-specs-ulc1r1,3784189e789a5b16fc2bdaaa6854a4bdc1bcad77,CORPUS_DIRECT,,,KEEP_PENDING_RECONCILIATION,"Reconcile ID, authority and final target against corpus"
Sas-Executar/Desyng-System-ecossitema.,GAP,GAP,layout.css,blob,SOURCE_PATH_OBSERVED_AUTHORITY_NOT_ASSESSED,design-system/styles/layout.css,design-system/styles/layout.css,,,claude/design-handoff-specs-ulc1r1,3784189e789a5b16fc2bdaaa6854a4bdc1bcad77,CORPUS_DIRECT,,,KEEP_PENDING_RECONCILIATION,"Reconcile ID, authority and final target against corpus"
Sas-Executar/Desyng-System-ecossitema.,GAP,GAP,reset.css,blob,SOURCE_PATH_OBSERVED_AUTHORITY_NOT_ASSESSED,design-system/styles/reset.css,design-system/styles/reset.css,,,claude/design-handoff-specs-ulc1r1,3784189e789a5b16fc2bdaaa6854a4bdc1bcad77,CORPUS_DIRECT,,,KEEP_PENDING_RECONCILIATION,"Reconcile ID, authority and final target against corpus"
Sas-Executar/Desyng-System-ecossitema.,GAP,GAP,typography.css,blob,SOURCE_PATH_OBSERVED_AUTHORITY_NOT_ASSESSED,design-system/styles/typography.css,design-system/styles/typography.css,,,claude/design-handoff-specs-ulc1r1,3784189e789a5b16fc2bdaaa6854a4bdc1bcad77,CORPUS_DIRECT,,,KEEP_PENDING_RECONCILIATION,"Reconcile ID, authority and final target against corpus"
Sas-Executar/Desyng-System-ecossitema.,GAP,GAP,utilities.css,blob,SOURCE_PATH_OBSERVED_AUTHORITY_NOT_ASSESSED,design-system/styles/utilities.css,design-system/styles/utilities.css,,,claude/design-handoff-specs-ulc1r1,3784189e789a5b16fc2bdaaa6854a4bdc1bcad77,CORPUS_DIRECT,,,KEEP_PENDING_RECONCILIATION,"Reconcile ID, authority and final target against corpus"
Sas-Executar/Desyng-System-ecossitema.,GAP,GAP,design-tokens.json,blob,SOURCE_PATH_OBSERVED_AUTHORITY_NOT_ASSESSED,design-system/tokens/design-tokens.json,design-system/tokens/design-tokens.json,,,claude/design-handoff-specs-ulc1r1,3784189e789a5b16fc2bdaaa6854a4bdc1bcad77,CORPUS_DIRECT,,,KEEP_PENDING_RECONCILIATION,"Reconcile ID, authority and final target against corpus"
Sas-Executar/Desyng-System-ecossitema.,GAP,GAP,design-tokens.yaml,blob,SOURCE_PATH_OBSERVED_AUTHORITY_NOT_ASSESSED,design-system/tokens/design-tokens.yaml,design-system/tokens/design-tokens.yaml,,,claude/design-handoff-specs-ulc1r1,3784189e789a5b16fc2bdaaa6854a4bdc1bcad77,CORPUS_DIRECT,,,KEEP_PENDING_RECONCILIATION,"Reconcile ID, authority and final target against corpus"
Sas-Executar/Desyng-System-ecossitema.,GAP,GAP,theme.css,blob,SOURCE_PATH_OBSERVED_AUTHORITY_NOT_ASSESSED,design-system/tokens/theme.css,design-system/tokens/theme.css,,,claude/design-handoff-specs-ulc1r1,3784189e789a5b16fc2bdaaa6854a4bdc1bcad77,CORPUS_DIRECT,,,KEEP_PENDING_RECONCILIATION,"Reconcile ID, authority and final target against corpus"
Sas-Executar/Desyng-System-ecossitema.,GAP,GAP,tokens.native.ts,blob,SOURCE_PATH_OBSERVED_AUTHORITY_NOT_ASSESSED,design-system/tokens/tokens.native.ts,design-system/tokens/tokens.native.ts,,,claude/design-handoff-specs-ulc1r1,3784189e789a5b16fc2bdaaa6854a4bdc1bcad77,CORPUS_DIRECT,,,KEEP_PENDING_RECONCILIATION,"Reconcile ID, authority and final target against corpus"
Sas-Executar/Desyng-System-ecossitema.,GAP,GAP,variables.css,blob,SOURCE_PATH_OBSERVED_AUTHORITY_NOT_ASSESSED,design-system/tokens/variables.css,design-system/tokens/variables.css,,,claude/design-handoff-specs-ulc1r1,3784189e789a5b16fc2bdaaa6854a4bdc1bcad77,CORPUS_DIRECT,,,KEEP_PENDING_RECONCILIATION,"Reconcile ID, authority and final target against corpus"
Sas-Executar/Desyng-System-ecossitema.,GAP,GAP,2026-09-07-repo-analysis-plugin-engineer.md,blob,SOURCE_PATH_OBSERVED_AUTHORITY_NOT_ASSESSED,docs/governance/2026-09-07-repo-analysis-plugin-engineer.md,docs/governance/2026-09-07-repo-analysis-plugin-engineer.md,,,claude/design-handoff-specs-ulc1r1,3784189e789a5b16fc2bdaaa6854a4bdc1bcad77,CORPUS_DIRECT,,,KEEP_PENDING_RECONCILIATION,"Reconcile ID, authority and final target against corpus"
Sas-Executar/Desyng-System-ecossitema.,GAP,GAP,DEC-DS-FOUNDATION-CLOSURE-001.md,blob,SOURCE_PATH_OBSERVED_AUTHORITY_NOT_ASSESSED,docs/workflows/wf-01-design-system/DEC-DS-FOUNDATION-CLOSURE-001.md,docs/workflows/wf-01-design-system/DEC-DS-FOUNDATION-CLOSURE-001.md,,,claude/design-handoff-specs-ulc1r1,3784189e789a5b16fc2bdaaa6854a4bdc1bcad77,CORPUS_DIRECT,,,KEEP_PENDING_RECONCILIATION,"Reconcile ID, authority and final target against corpus"
Sas-Executar/Desyng-System-ecossitema.,GAP,GAP,EXECUTAR_APP_BLUEPRINT.md,blob,SOURCE_PATH_OBSERVED_AUTHORITY_NOT_ASSESSED,docs/workflows/wf-02-product-core-domain/benchmarks/bench-01/EXECUTAR_APP_BLUEPRINT.md,docs/workflows/wf-02-product-core-domain/benchmarks/bench-01/EXECUTAR_APP_BLUEPRINT.md,,,claude/design-handoff-specs-ulc1r1,3784189e789a5b16fc2bdaaa6854a4bdc1bcad77,CORPUS_DIRECT,,,KEEP_PENDING_RECONCILIATION,"Reconcile ID, authority and final target against corpus"
Sas-Executar/Desyng-System-ecossitema.,GAP,GAP,MANIFESTO.md,blob,SOURCE_PATH_OBSERVED_AUTHORITY_NOT_ASSESSED,docs/workflows/wf-02-product-core-domain/benchmarks/bench-01/MANIFESTO.md,docs/workflows/wf-02-product-core-domain/benchmarks/bench-01/MANIFESTO.md,,,claude/design-handoff-specs-ulc1r1,3784189e789a5b16fc2bdaaa6854a4bdc1bcad77,CORPUS_DIRECT,,,KEEP_PENDING_RECONCILIATION,"Reconcile ID, authority and final target against corpus"
Sas-Executar/Desyng-System-ecossitema.,GAP,GAP,ONBOARDING.md,blob,SOURCE_PATH_OBSERVED_AUTHORITY_NOT_ASSESSED,docs/workflows/wf-02-product-core-domain/benchmarks/bench-01/ONBOARDING.md,docs/workflows/wf-02-product-core-domain/benchmarks/bench-01/ONBOARDING.md,,,claude/design-handoff-specs-ulc1r1,3784189e789a5b16fc2bdaaa6854a4bdc1bcad77,CORPUS_DIRECT,,,KEEP_PENDING_RECONCILIATION,"Reconcile ID, authority and final target against corpus"
Sas-Executar/Desyng-System-ecossitema.,GAP,GAP,README.md,blob,SOURCE_PATH_OBSERVED_AUTHORITY_NOT_ASSESSED,docs/workflows/wf-02-product-core-domain/benchmarks/bench-01/README.md,docs/workflows/wf-02-product-core-domain/benchmarks/bench-01/README.md,,,claude/design-handoff-specs-ulc1r1,3784189e789a5b16fc2bdaaa6854a4bdc1bcad77,CORPUS_DIRECT,,,KEEP_PENDING_RECONCILIATION,"Reconcile ID, authority and final target against corpus"
Sas-Executar/Desyng-System-ecossitema.,GAP,GAP,VISAO.md,blob,SOURCE_PATH_OBSERVED_AUTHORITY_NOT_ASSESSED,docs/workflows/wf-02-product-core-domain/benchmarks/bench-01/VISAO.md,docs/workflows/wf-02-product-core-domain/benchmarks/bench-01/VISAO.md,,,claude/design-handoff-specs-ulc1r1,3784189e789a5b16fc2bdaaa6854a4bdc1bcad77,CORPUS_DIRECT,,,KEEP_PENDING_RECONCILIATION,"Reconcile ID, authority and final target against corpus"
Sas-Executar/Desyng-System-ecossitema.,GAP,GAP,FINANCEIRO.md,blob,SOURCE_PATH_OBSERVED_AUTHORITY_NOT_ASSESSED,docs/workflows/wf-02-product-core-domain/benchmarks/bench-02/FINANCEIRO.md,docs/workflows/wf-02-product-core-domain/benchmarks/bench-02/FINANCEIRO.md,,,claude/design-handoff-specs-ulc1r1,3784189e789a5b16fc2bdaaa6854a4bdc1bcad77,CORPUS_DIRECT,,,KEEP_PENDING_RECONCILIATION,"Reconcile ID, authority and final target against corpus"
Sas-Executar/Desyng-System-ecossitema.,GAP,GAP,MODELO_DE_NEGOCIO.md,blob,SOURCE_PATH_OBSERVED_AUTHORITY_NOT_ASSESSED,docs/workflows/wf-02-product-core-domain/benchmarks/bench-02/MODELO_DE_NEGOCIO.md,docs/workflows/wf-02-product-core-domain/benchmarks/bench-02/MODELO_DE_NEGOCIO.md,,,claude/design-handoff-specs-ulc1r1,3784189e789a5b16fc2bdaaa6854a4bdc1bcad77,CORPUS_DIRECT,,,KEEP_PENDING_RECONCILIATION,"Reconcile ID, authority and final target against corpus"
Sas-Executar/Desyng-System-ecossitema.,GAP,GAP,OBJETIVOS_E_OUTPUT_REQUIREMENTS.md,blob,SOURCE_PATH_OBSERVED_AUTHORITY_NOT_ASSESSED,docs/workflows/wf-02-product-core-domain/benchmarks/bench-02/OBJETIVOS_E_OUTPUT_REQUIREMENTS.md,docs/workflows/wf-02-product-core-domain/benchmarks/bench-02/OBJETIVOS_E_OUTPUT_REQUIREMENTS.md,,,claude/design-handoff-specs-ulc1r1,3784189e789a5b16fc2bdaaa6854a4bdc1bcad77,CORPUS_DIRECT,,,KEEP_PENDING_RECONCILIATION,"Reconcile ID, authority and final target against corpus"
Sas-Executar/Desyng-System-ecossitema.,GAP,GAP,README.md,blob,SOURCE_PATH_OBSERVED_AUTHORITY_NOT_ASSESSED,docs/workflows/wf-02-product-core-domain/benchmarks/bench-02/README.md,docs/workflows/wf-02-product-core-domain/benchmarks/bench-02/README.md,,,claude/design-handoff-specs-ulc1r1,3784189e789a5b16fc2bdaaa6854a4bdc1bcad77,CORPUS_DIRECT,,,KEEP_PENDING_RECONCILIATION,"Reconcile ID, authority and final target against corpus"
Sas-Executar/Desyng-System-ecossitema.,GAP,GAP,SCANNER.md,blob,SOURCE_PATH_OBSERVED_AUTHORITY_NOT_ASSESSED,docs/workflows/wf-02-product-core-domain/benchmarks/bench-02/SCANNER.md,docs/workflows/wf-02-product-core-domain/benchmarks/bench-02/SCANNER.md,,,claude/design-handoff-specs-ulc1r1,3784189e789a5b16fc2bdaaa6854a4bdc1bcad77,CORPUS_DIRECT,,,KEEP_PENDING_RECONCILIATION,"Reconcile ID, authority and final target against corpus"
Sas-Executar/Desyng-System-ecossitema.,GAP,GAP,SCHEMA_METODOS_E_EVIDENCIAS.md,blob,SOURCE_PATH_OBSERVED_AUTHORITY_NOT_ASSESSED,docs/workflows/wf-02-product-core-domain/benchmarks/bench-02/SCHEMA_METODOS_E_EVIDENCIAS.md,docs/workflows/wf-02-product-core-domain/benchmarks/bench-02/SCHEMA_METODOS_E_EVIDENCIAS.md,,,claude/design-handoff-specs-ulc1r1,3784189e789a5b16fc2bdaaa6854a4bdc1bcad77,CORPUS_DIRECT,,,KEEP_PENDING_RECONCILIATION,"Reconcile ID, authority and final target against corpus"
Sas-Executar/Desyng-System-ecossitema.,GAP,GAP,VISAO.md,blob,SOURCE_PATH_OBSERVED_AUTHORITY_NOT_ASSESSED,docs/workflows/wf-02-product-core-domain/benchmarks/bench-02/VISAO.md,docs/workflows/wf-02-product-core-domain/benchmarks/bench-02/VISAO.md,,,claude/design-handoff-specs-ulc1r1,3784189e789a5b16fc2bdaaa6854a4bdc1bcad77,CORPUS_DIRECT,,,KEEP_PENDING_RECONCILIATION,"Reconcile ID, authority and final target against corpus"
Sas-Executar/Desyng-System-ecossitema.,GAP,GAP,package.json,blob,SOURCE_PATH_OBSERVED_AUTHORITY_NOT_ASSESSED,package.json,package.json,,,claude/design-handoff-specs-ulc1r1,3784189e789a5b16fc2bdaaa6854a4bdc1bcad77,CORPUS_DIRECT,,,KEEP_PENDING_RECONCILIATION,"Reconcile ID, authority and final target against corpus"
Sas-Executar/Desyng-System-ecossitema.,GAP,GAP,README.md,blob,SOURCE_PATH_OBSERVED_AUTHORITY_NOT_ASSESSED,packages/callout-protocol/README.md,packages/callout-protocol/README.md,,,claude/design-handoff-specs-ulc1r1,3784189e789a5b16fc2bdaaa6854a4bdc1bcad77,CORPUS_DIRECT,,,KEEP_PENDING_RECONCILIATION,"Reconcile ID, authority and final target against corpus"
Sas-Executar/Desyng-System-ecossitema.,GAP,GAP,package.json,blob,SOURCE_PATH_OBSERVED_AUTHORITY_NOT_ASSESSED,packages/callout-protocol/package.json,packages/callout-protocol/package.json,,,claude/design-handoff-specs-ulc1r1,3784189e789a5b16fc2bdaaa6854a4bdc1bcad77,CORPUS_DIRECT,,,KEEP_PENDING_RECONCILIATION,"Reconcile ID, authority and final target against corpus"
Sas-Executar/Desyng-System-ecossitema.,GAP,GAP,index.ts,blob,SOURCE_PATH_OBSERVED_AUTHORITY_NOT_ASSESSED,packages/callout-protocol/src/index.ts,packages/callout-protocol/src/index.ts,,,claude/design-handoff-specs-ulc1r1,3784189e789a5b16fc2bdaaa6854a4bdc1bcad77,CORPUS_DIRECT,,,KEEP_PENDING_RECONCILIATION,"Reconcile ID, authority and final target against corpus"
Sas-Executar/Desyng-System-ecossitema.,GAP,GAP,registry.test.ts,blob,SOURCE_PATH_OBSERVED_AUTHORITY_NOT_ASSESSED,packages/callout-protocol/src/registry.test.ts,packages/callout-protocol/src/registry.test.ts,,,claude/design-handoff-specs-ulc1r1,3784189e789a5b16fc2bdaaa6854a4bdc1bcad77,CORPUS_DIRECT,,,KEEP_PENDING_RECONCILIATION,"Reconcile ID, authority and final target against corpus"
Sas-Executar/Desyng-System-ecossitema.,GAP,GAP,registry.ts,blob,SOURCE_PATH_OBSERVED_AUTHORITY_NOT_ASSESSED,packages/callout-protocol/src/registry.ts,packages/callout-protocol/src/registry.ts,,,claude/design-handoff-specs-ulc1r1,3784189e789a5b16fc2bdaaa6854a4bdc1bcad77,CORPUS_DIRECT,,,KEEP_PENDING_RECONCILIATION,"Reconcile ID, authority and final target against corpus"
Sas-Executar/Desyng-System-ecossitema.,GAP,GAP,schema.ts,blob,SOURCE_PATH_OBSERVED_AUTHORITY_NOT_ASSESSED,packages/callout-protocol/src/schema.ts,packages/callout-protocol/src/schema.ts,,,claude/design-handoff-specs-ulc1r1,3784189e789a5b16fc2bdaaa6854a4bdc1bcad77,CORPUS_DIRECT,,,KEEP_PENDING_RECONCILIATION,"Reconcile ID, authority and final target against corpus"
Sas-Executar/Desyng-System-ecossitema.,GAP,GAP,tsconfig.json,blob,SOURCE_PATH_OBSERVED_AUTHORITY_NOT_ASSESSED,packages/callout-protocol/tsconfig.json,packages/callout-protocol/tsconfig.json,,,claude/design-handoff-specs-ulc1r1,3784189e789a5b16fc2bdaaa6854a4bdc1bcad77,CORPUS_DIRECT,,,KEEP_PENDING_RECONCILIATION,"Reconcile ID, authority and final target against corpus"
Sas-Executar/Desyng-System-ecossitema.,GAP,GAP,README.md,blob,SOURCE_PATH_OBSERVED_AUTHORITY_NOT_ASSESSED,packages/design-tokens/README.md,packages/design-tokens/README.md,,,claude/design-handoff-specs-ulc1r1,3784189e789a5b16fc2bdaaa6854a4bdc1bcad77,CORPUS_DIRECT,,,KEEP_PENDING_RECONCILIATION,"Reconcile ID, authority and final target against corpus"
Sas-Executar/Desyng-System-ecossitema.,GAP,GAP,package.json,blob,SOURCE_PATH_OBSERVED_AUTHORITY_NOT_ASSESSED,packages/design-tokens/package.json,packages/design-tokens/package.json,,,claude/design-handoff-specs-ulc1r1,3784189e789a5b16fc2bdaaa6854a4bdc1bcad77,CORPUS_DIRECT,,,KEEP_PENDING_RECONCILIATION,"Reconcile ID, authority and final target against corpus"
Sas-Executar/Desyng-System-ecossitema.,GAP,GAP,build.ts,blob,SOURCE_PATH_OBSERVED_AUTHORITY_NOT_ASSESSED,packages/design-tokens/src/build.ts,packages/design-tokens/src/build.ts,,,claude/design-handoff-specs-ulc1r1,3784189e789a5b16fc2bdaaa6854a4bdc1bcad77,CORPUS_DIRECT,,,KEEP_PENDING_RECONCILIATION,"Reconcile ID, authority and final target against corpus"
Sas-Executar/Desyng-System-ecossitema.,GAP,GAP,contrast.test.ts,blob,SOURCE_PATH_OBSERVED_AUTHORITY_NOT_ASSESSED,packages/design-tokens/src/contrast.test.ts,packages/design-tokens/src/contrast.test.ts,,,claude/design-handoff-specs-ulc1r1,3784189e789a5b16fc2bdaaa6854a4bdc1bcad77,CORPUS_DIRECT,,,KEEP_PENDING_RECONCILIATION,"Reconcile ID, authority and final target against corpus"
Sas-Executar/Desyng-System-ecossitema.,GAP,GAP,contrast.ts,blob,SOURCE_PATH_OBSERVED_AUTHORITY_NOT_ASSESSED,packages/design-tokens/src/contrast.ts,packages/design-tokens/src/contrast.ts,,,claude/design-handoff-specs-ulc1r1,3784189e789a5b16fc2bdaaa6854a4bdc1bcad77,CORPUS_DIRECT,,,KEEP_PENDING_RECONCILIATION,"Reconcile ID, authority and final target against corpus"
Sas-Executar/Desyng-System-ecossitema.,GAP,GAP,design-tokens.json,blob,SOURCE_PATH_OBSERVED_AUTHORITY_NOT_ASSESSED,packages/design-tokens/src/design-tokens.json,packages/design-tokens/src/design-tokens.json,,,claude/design-handoff-specs-ulc1r1,3784189e789a5b16fc2bdaaa6854a4bdc1bcad77,CORPUS_DIRECT,,,KEEP_PENDING_RECONCILIATION,"Reconcile ID, authority and final target against corpus"
Sas-Executar/Desyng-System-ecossitema.,GAP,GAP,index.ts,blob,SOURCE_PATH_OBSERVED_AUTHORITY_NOT_ASSESSED,packages/design-tokens/src/index.ts,packages/design-tokens/src/index.ts,,,claude/design-handoff-specs-ulc1r1,3784189e789a5b16fc2bdaaa6854a4bdc1bcad77,CORPUS_DIRECT,,,KEEP_PENDING_RECONCILIATION,"Reconcile ID, authority and final target against corpus"
Sas-Executar/Desyng-System-ecossitema.,GAP,GAP,layout.css,blob,SOURCE_PATH_OBSERVED_AUTHORITY_NOT_ASSESSED,packages/design-tokens/src/styles/layout.css,packages/design-tokens/src/styles/layout.css,,,claude/design-handoff-specs-ulc1r1,3784189e789a5b16fc2bdaaa6854a4bdc1bcad77,CORPUS_DIRECT,,,KEEP_PENDING_RECONCILIATION,"Reconcile ID, authority and final target against corpus"
Sas-Executar/Desyng-System-ecossitema.,GAP,GAP,reset.css,blob,SOURCE_PATH_OBSERVED_AUTHORITY_NOT_ASSESSED,packages/design-tokens/src/styles/reset.css,packages/design-tokens/src/styles/reset.css,,,claude/design-handoff-specs-ulc1r1,3784189e789a5b16fc2bdaaa6854a4bdc1bcad77,CORPUS_DIRECT,,,KEEP_PENDING_RECONCILIATION,"Reconcile ID, authority and final target against corpus"
Sas-Executar/Desyng-System-ecossitema.,GAP,GAP,typography.css,blob,SOURCE_PATH_OBSERVED_AUTHORITY_NOT_ASSESSED,packages/design-tokens/src/styles/typography.css,packages/design-tokens/src/styles/typography.css,,,claude/design-handoff-specs-ulc1r1,3784189e789a5b16fc2bdaaa6854a4bdc1bcad77,CORPUS_DIRECT,,,KEEP_PENDING_RECONCILIATION,"Reconcile ID, authority and final target against corpus"
Sas-Executar/Desyng-System-ecossitema.,GAP,GAP,utilities.css,blob,SOURCE_PATH_OBSERVED_AUTHORITY_NOT_ASSESSED,packages/design-tokens/src/styles/utilities.css,packages/design-tokens/src/styles/utilities.css,,,claude/design-handoff-specs-ulc1r1,3784189e789a5b16fc2bdaaa6854a4bdc1bcad77,CORPUS_DIRECT,,,KEEP_PENDING_RECONCILIATION,"Reconcile ID, authority and final target against corpus"
Sas-Executar/Desyng-System-ecossitema.,GAP,GAP,types.ts,blob,SOURCE_PATH_OBSERVED_AUTHORITY_NOT_ASSESSED,packages/design-tokens/src/types.ts,packages/design-tokens/src/types.ts,,,claude/design-handoff-specs-ulc1r1,3784189e789a5b16fc2bdaaa6854a4bdc1bcad77,CORPUS_DIRECT,,,KEEP_PENDING_RECONCILIATION,"Reconcile ID, authority and final target against corpus"
Sas-Executar/Desyng-System-ecossitema.,GAP,GAP,tsconfig.build.json,blob,SOURCE_PATH_OBSERVED_AUTHORITY_NOT_ASSESSED,packages/design-tokens/tsconfig.build.json,packages/design-tokens/tsconfig.build.json,,,claude/design-handoff-specs-ulc1r1,3784189e789a5b16fc2bdaaa6854a4bdc1bcad77,CORPUS_DIRECT,,,KEEP_PENDING_RECONCILIATION,"Reconcile ID, authority and final target against corpus"
Sas-Executar/Desyng-System-ecossitema.,GAP,GAP,tsconfig.json,blob,SOURCE_PATH_OBSERVED_AUTHORITY_NOT_ASSESSED,packages/design-tokens/tsconfig.json,packages/design-tokens/tsconfig.json,,,claude/design-handoff-specs-ulc1r1,3784189e789a5b16fc2bdaaa6854a4bdc1bcad77,CORPUS_DIRECT,,,KEEP_PENDING_RECONCILIATION,"Reconcile ID, authority and final target against corpus"
Sas-Executar/Desyng-System-ecossitema.,GAP,GAP,main.ts,blob,SOURCE_PATH_OBSERVED_AUTHORITY_NOT_ASSESSED,packages/ui/.storybook/main.ts,packages/ui/.storybook/main.ts,,,claude/design-handoff-specs-ulc1r1,3784189e789a5b16fc2bdaaa6854a4bdc1bcad77,CORPUS_DIRECT,,,KEEP_PENDING_RECONCILIATION,"Reconcile ID, authority and final target against corpus"
Sas-Executar/Desyng-System-ecossitema.,GAP,GAP,preview.ts,blob,SOURCE_PATH_OBSERVED_AUTHORITY_NOT_ASSESSED,packages/ui/.storybook/preview.ts,packages/ui/.storybook/preview.ts,,,claude/design-handoff-specs-ulc1r1,3784189e789a5b16fc2bdaaa6854a4bdc1bcad77,CORPUS_DIRECT,,,KEEP_PENDING_RECONCILIATION,"Reconcile ID, authority and final target against corpus"
Sas-Executar/Desyng-System-ecossitema.,GAP,GAP,README.md,blob,SOURCE_PATH_OBSERVED_AUTHORITY_NOT_ASSESSED,packages/ui/README.md,packages/ui/README.md,,,claude/design-handoff-specs-ulc1r1,3784189e789a5b16fc2bdaaa6854a4bdc1bcad77,CORPUS_DIRECT,,,KEEP_PENDING_RECONCILIATION,"Reconcile ID, authority and final target against corpus"
Sas-Executar/Desyng-System-ecossitema.,GAP,GAP,package.json,blob,SOURCE_PATH_OBSERVED_AUTHORITY_NOT_ASSESSED,packages/ui/package.json,packages/ui/package.json,,,claude/design-handoff-specs-ulc1r1,3784189e789a5b16fc2bdaaa6854a4bdc1bcad77,CORPUS_DIRECT,,,KEEP_PENDING_RECONCILIATION,"Reconcile ID, authority and final target against corpus"
Sas-Executar/Desyng-System-ecossitema.,GAP,GAP,bundle-css.mjs,blob,SOURCE_PATH_OBSERVED_AUTHORITY_NOT_ASSESSED,packages/ui/scripts/bundle-css.mjs,packages/ui/scripts/bundle-css.mjs,,,claude/design-handoff-specs-ulc1r1,3784189e789a5b16fc2bdaaa6854a4bdc1bcad77,CORPUS_DIRECT,,,KEEP_PENDING_RECONCILIATION,"Reconcile ID, authority and final target against corpus"
Sas-Executar/Desyng-System-ecossitema.,GAP,GAP,Badge.stories.tsx,blob,SOURCE_PATH_OBSERVED_AUTHORITY_NOT_ASSESSED,packages/ui/src/components/Badge/Badge.stories.tsx,packages/ui/src/components/Badge/Badge.stories.tsx,,,claude/design-handoff-specs-ulc1r1,3784189e789a5b16fc2bdaaa6854a4bdc1bcad77,CORPUS_DIRECT,,,KEEP_PENDING_RECONCILIATION,"Reconcile ID, authority and final target against corpus"
Sas-Executar/Desyng-System-ecossitema.,GAP,GAP,Badge.test.tsx,blob,SOURCE_PATH_OBSERVED_AUTHORITY_NOT_ASSESSED,packages/ui/src/components/Badge/Badge.test.tsx,packages/ui/src/components/Badge/Badge.test.tsx,,,claude/design-handoff-specs-ulc1r1,3784189e789a5b16fc2bdaaa6854a4bdc1bcad77,CORPUS_DIRECT,,,KEEP_PENDING_RECONCILIATION,"Reconcile ID, authority and final target against corpus"
Sas-Executar/Desyng-System-ecossitema.,GAP,GAP,Badge.tsx,blob,SOURCE_PATH_OBSERVED_AUTHORITY_NOT_ASSESSED,packages/ui/src/components/Badge/Badge.tsx,packages/ui/src/components/Badge/Badge.tsx,,,claude/design-handoff-specs-ulc1r1,3784189e789a5b16fc2bdaaa6854a4bdc1bcad77,CORPUS_DIRECT,,,KEEP_PENDING_RECONCILIATION,"Reconcile ID, authority and final target against corpus"
Sas-Executar/Desyng-System-ecossitema.,GAP,GAP,Button.stories.tsx,blob,SOURCE_PATH_OBSERVED_AUTHORITY_NOT_ASSESSED,packages/ui/src/components/Button/Button.stories.tsx,packages/ui/src/components/Button/Button.stories.tsx,,,claude/design-handoff-specs-ulc1r1,3784189e789a5b16fc2bdaaa6854a4bdc1bcad77,CORPUS_DIRECT,,,KEEP_PENDING_RECONCILIATION,"Reconcile ID, authority and final target against corpus"
Sas-Executar/Desyng-System-ecossitema.,GAP,GAP,Button.test.tsx,blob,SOURCE_PATH_OBSERVED_AUTHORITY_NOT_ASSESSED,packages/ui/src/components/Button/Button.test.tsx,packages/ui/src/components/Button/Button.test.tsx,,,claude/design-handoff-specs-ulc1r1,3784189e789a5b16fc2bdaaa6854a4bdc1bcad77,CORPUS_DIRECT,,,KEEP_PENDING_RECONCILIATION,"Reconcile ID, authority and final target against corpus"
Sas-Executar/Desyng-System-ecossitema.,GAP,GAP,Button.tsx,blob,SOURCE_PATH_OBSERVED_AUTHORITY_NOT_ASSESSED,packages/ui/src/components/Button/Button.tsx,packages/ui/src/components/Button/Button.tsx,,,claude/design-handoff-specs-ulc1r1,3784189e789a5b16fc2bdaaa6854a4bdc1bcad77,CORPUS_DIRECT,,,KEEP_PENDING_RECONCILIATION,"Reconcile ID, authority and final target against corpus"
Sas-Executar/Desyng-System-ecossitema.,GAP,GAP,Callout.stories.tsx,blob,SOURCE_PATH_OBSERVED_AUTHORITY_NOT_ASSESSED,packages/ui/src/components/Callout/Callout.stories.tsx,packages/ui/src/components/Callout/Callout.stories.tsx,,,claude/design-handoff-specs-ulc1r1,3784189e789a5b16fc2bdaaa6854a4bdc1bcad77,CORPUS_DIRECT,,,KEEP_PENDING_RECONCILIATION,"Reconcile ID, authority and final target against corpus"
Sas-Executar/Desyng-System-ecossitema.,GAP,GAP,Callout.test.tsx,blob,SOURCE_PATH_OBSERVED_AUTHORITY_NOT_ASSESSED,packages/ui/src/components/Callout/Callout.test.tsx,packages/ui/src/components/Callout/Callout.test.tsx,,,claude/design-handoff-specs-ulc1r1,3784189e789a5b16fc2bdaaa6854a4bdc1bcad77,CORPUS_DIRECT,,,KEEP_PENDING_RECONCILIATION,"Reconcile ID, authority and final target against corpus"
Sas-Executar/Desyng-System-ecossitema.,GAP,GAP,Callout.tsx,blob,SOURCE_PATH_OBSERVED_AUTHORITY_NOT_ASSESSED,packages/ui/src/components/Callout/Callout.tsx,packages/ui/src/components/Callout/Callout.tsx,,,claude/design-handoff-specs-ulc1r1,3784189e789a5b16fc2bdaaa6854a4bdc1bcad77,CORPUS_DIRECT,,,KEEP_PENDING_RECONCILIATION,"Reconcile ID, authority and final target against corpus"
Sas-Executar/Desyng-System-ecossitema.,GAP,GAP,icons.tsx,blob,SOURCE_PATH_OBSERVED_AUTHORITY_NOT_ASSESSED,packages/ui/src/components/Callout/icons.tsx,packages/ui/src/components/Callout/icons.tsx,,,claude/design-handoff-specs-ulc1r1,3784189e789a5b16fc2bdaaa6854a4bdc1bcad77,CORPUS_DIRECT,,,KEEP_PENDING_RECONCILIATION,"Reconcile ID, authority and final target against corpus"
Sas-Executar/Desyng-System-ecossitema.,GAP,GAP,Card.stories.tsx,blob,SOURCE_PATH_OBSERVED_AUTHORITY_NOT_ASSESSED,packages/ui/src/components/Card/Card.stories.tsx,packages/ui/src/components/Card/Card.stories.tsx,,,claude/design-handoff-specs-ulc1r1,3784189e789a5b16fc2bdaaa6854a4bdc1bcad77,CORPUS_DIRECT,,,KEEP_PENDING_RECONCILIATION,"Reconcile ID, authority and final target against corpus"
Sas-Executar/Desyng-System-ecossitema.,GAP,GAP,Card.test.tsx,blob,SOURCE_PATH_OBSERVED_AUTHORITY_NOT_ASSESSED,packages/ui/src/components/Card/Card.test.tsx,packages/ui/src/components/Card/Card.test.tsx,,,claude/design-handoff-specs-ulc1r1,3784189e789a5b16fc2bdaaa6854a4bdc1bcad77,CORPUS_DIRECT,,,KEEP_PENDING_RECONCILIATION,"Reconcile ID, authority and final target against corpus"
Sas-Executar/Desyng-System-ecossitema.,GAP,GAP,Card.tsx,blob,SOURCE_PATH_OBSERVED_AUTHORITY_NOT_ASSESSED,packages/ui/src/components/Card/Card.tsx,packages/ui/src/components/Card/Card.tsx,,,claude/design-handoff-specs-ulc1r1,3784189e789a5b16fc2bdaaa6854a4bdc1bcad77,CORPUS_DIRECT,,,KEEP_PENDING_RECONCILIATION,"Reconcile ID, authority and final target against corpus"
Sas-Executar/Desyng-System-ecossitema.,GAP,GAP,IconButton.stories.tsx,blob,SOURCE_PATH_OBSERVED_AUTHORITY_NOT_ASSESSED,packages/ui/src/components/IconButton/IconButton.stories.tsx,packages/ui/src/components/IconButton/IconButton.stories.tsx,,,claude/design-handoff-specs-ulc1r1,3784189e789a5b16fc2bdaaa6854a4bdc1bcad77,CORPUS_DIRECT,,,KEEP_PENDING_RECONCILIATION,"Reconcile ID, authority and final target against corpus"
Sas-Executar/Desyng-System-ecossitema.,GAP,GAP,IconButton.test.tsx,blob,SOURCE_PATH_OBSERVED_AUTHORITY_NOT_ASSESSED,packages/ui/src/components/IconButton/IconButton.test.tsx,packages/ui/src/components/IconButton/IconButton.test.tsx,,,claude/design-handoff-specs-ulc1r1,3784189e789a5b16fc2bdaaa6854a4bdc1bcad77,CORPUS_DIRECT,,,KEEP_PENDING_RECONCILIATION,"Reconcile ID, authority and final target against corpus"
Sas-Executar/Desyng-System-ecossitema.,GAP,GAP,IconButton.tsx,blob,SOURCE_PATH_OBSERVED_AUTHORITY_NOT_ASSESSED,packages/ui/src/components/IconButton/IconButton.tsx,packages/ui/src/components/IconButton/IconButton.tsx,,,claude/design-handoff-specs-ulc1r1,3784189e789a5b16fc2bdaaa6854a4bdc1bcad77,CORPUS_DIRECT,,,KEEP_PENDING_RECONCILIATION,"Reconcile ID, authority and final target against corpus"
Sas-Executar/Desyng-System-ecossitema.,GAP,GAP,Tabs.stories.tsx,blob,SOURCE_PATH_OBSERVED_AUTHORITY_NOT_ASSESSED,packages/ui/src/components/Tabs/Tabs.stories.tsx,packages/ui/src/components/Tabs/Tabs.stories.tsx,,,claude/design-handoff-specs-ulc1r1,3784189e789a5b16fc2bdaaa6854a4bdc1bcad77,CORPUS_DIRECT,,,KEEP_PENDING_RECONCILIATION,"Reconcile ID, authority and final target against corpus"
Sas-Executar/Desyng-System-ecossitema.,GAP,GAP,Tabs.test.tsx,blob,SOURCE_PATH_OBSERVED_AUTHORITY_NOT_ASSESSED,packages/ui/src/components/Tabs/Tabs.test.tsx,packages/ui/src/components/Tabs/Tabs.test.tsx,,,claude/design-handoff-specs-ulc1r1,3784189e789a5b16fc2bdaaa6854a4bdc1bcad77,CORPUS_DIRECT,,,KEEP_PENDING_RECONCILIATION,"Reconcile ID, authority and final target against corpus"
Sas-Executar/Desyng-System-ecossitema.,GAP,GAP,Tabs.tsx,blob,SOURCE_PATH_OBSERVED_AUTHORITY_NOT_ASSESSED,packages/ui/src/components/Tabs/Tabs.tsx,packages/ui/src/components/Tabs/Tabs.tsx,,,claude/design-handoff-specs-ulc1r1,3784189e789a5b16fc2bdaaa6854a4bdc1bcad77,CORPUS_DIRECT,,,KEEP_PENDING_RECONCILIATION,"Reconcile ID, authority and final target against corpus"
Sas-Executar/Desyng-System-ecossitema.,GAP,GAP,Typography.test.tsx,blob,SOURCE_PATH_OBSERVED_AUTHORITY_NOT_ASSESSED,packages/ui/src/components/Typography/Typography.test.tsx,packages/ui/src/components/Typography/Typography.test.tsx,,,claude/design-handoff-specs-ulc1r1,3784189e789a5b16fc2bdaaa6854a4bdc1bcad77,CORPUS_DIRECT,,,KEEP_PENDING_RECONCILIATION,"Reconcile ID, authority and final target against corpus"
Sas-Executar/Desyng-System-ecossitema.,GAP,GAP,Typography.tsx,blob,SOURCE_PATH_OBSERVED_AUTHORITY_NOT_ASSESSED,packages/ui/src/components/Typography/Typography.tsx,packages/ui/src/components/Typography/Typography.tsx,,,claude/design-handoff-specs-ulc1r1,3784189e789a5b16fc2bdaaa6854a4bdc1bcad77,CORPUS_DIRECT,,,KEEP_PENDING_RECONCILIATION,"Reconcile ID, authority and final target against corpus"
Sas-Executar/Desyng-System-ecossitema.,GAP,GAP,cx.ts,blob,SOURCE_PATH_OBSERVED_AUTHORITY_NOT_ASSESSED,packages/ui/src/cx.ts,packages/ui/src/cx.ts,,,claude/design-handoff-specs-ulc1r1,3784189e789a5b16fc2bdaaa6854a4bdc1bcad77,CORPUS_DIRECT,,,KEEP_PENDING_RECONCILIATION,"Reconcile ID, authority and final target against corpus"
Sas-Executar/Desyng-System-ecossitema.,GAP,GAP,index.ts,blob,SOURCE_PATH_OBSERVED_AUTHORITY_NOT_ASSESSED,packages/ui/src/index.ts,packages/ui/src/index.ts,,,claude/design-handoff-specs-ulc1r1,3784189e789a5b16fc2bdaaa6854a4bdc1bcad77,CORPUS_DIRECT,,,KEEP_PENDING_RECONCILIATION,"Reconcile ID, authority and final target against corpus"
Sas-Executar/Desyng-System-ecossitema.,GAP,GAP,styles.css,blob,SOURCE_PATH_OBSERVED_AUTHORITY_NOT_ASSESSED,packages/ui/src/styles.css,packages/ui/src/styles.css,,,claude/design-handoff-specs-ulc1r1,3784189e789a5b16fc2bdaaa6854a4bdc1bcad77,CORPUS_DIRECT,,,KEEP_PENDING_RECONCILIATION,"Reconcile ID, authority and final target against corpus"
Sas-Executar/Desyng-System-ecossitema.,GAP,GAP,test-setup.ts,blob,SOURCE_PATH_OBSERVED_AUTHORITY_NOT_ASSESSED,packages/ui/src/test-setup.ts,packages/ui/src/test-setup.ts,,,claude/design-handoff-specs-ulc1r1,3784189e789a5b16fc2bdaaa6854a4bdc1bcad77,CORPUS_DIRECT,,,KEEP_PENDING_RECONCILIATION,"Reconcile ID, authority and final target against corpus"
Sas-Executar/Desyng-System-ecossitema.,GAP,GAP,tsconfig.json,blob,SOURCE_PATH_OBSERVED_AUTHORITY_NOT_ASSESSED,packages/ui/tsconfig.json,packages/ui/tsconfig.json,,,claude/design-handoff-specs-ulc1r1,3784189e789a5b16fc2bdaaa6854a4bdc1bcad77,CORPUS_DIRECT,,,KEEP_PENDING_RECONCILIATION,"Reconcile ID, authority and final target against corpus"
Sas-Executar/Desyng-System-ecossitema.,GAP,GAP,vitest.config.ts,blob,SOURCE_PATH_OBSERVED_AUTHORITY_NOT_ASSESSED,packages/ui/vitest.config.ts,packages/ui/vitest.config.ts,,,claude/design-handoff-specs-ulc1r1,3784189e789a5b16fc2bdaaa6854a4bdc1bcad77,CORPUS_DIRECT,,,KEEP_PENDING_RECONCILIATION,"Reconcile ID, authority and final target against corpus"
Sas-Executar/Desyng-System-ecossitema.,GAP,GAP,pnpm-lock.yaml,blob,SOURCE_PATH_OBSERVED_AUTHORITY_NOT_ASSESSED,pnpm-lock.yaml,pnpm-lock.yaml,,,claude/design-handoff-specs-ulc1r1,3784189e789a5b16fc2bdaaa6854a4bdc1bcad77,CORPUS_DIRECT,,,KEEP_PENDING_RECONCILIATION,"Reconcile ID, authority and final target against corpus"
Sas-Executar/Desyng-System-ecossitema.,GAP,GAP,pnpm-workspace.yaml,blob,SOURCE_PATH_OBSERVED_AUTHORITY_NOT_ASSESSED,pnpm-workspace.yaml,pnpm-workspace.yaml,,,claude/design-handoff-specs-ulc1r1,3784189e789a5b16fc2bdaaa6854a4bdc1bcad77,CORPUS_DIRECT,,,KEEP_PENDING_RECONCILIATION,"Reconcile ID, authority and final target against corpus"
Sas-Executar/Desyng-System-ecossitema.,GAP,GAP,MASTER_INDEX.csv,blob,SOURCE_PATH_OBSERVED_AUTHORITY_NOT_ASSESSED,references/CARDS_DESIGN_REFERENCE_PACK_V1/00_DOCUMENTATION/MASTER_INDEX.csv,references/CARDS_DESIGN_REFERENCE_PACK_V1/00_DOCUMENTATION/MASTER_INDEX.csv,,,claude/design-handoff-specs-ulc1r1,3784189e789a5b16fc2bdaaa6854a4bdc1bcad77,CORPUS_DIRECT,,,KEEP_PENDING_RECONCILIATION,"Reconcile ID, authority and final target against corpus"
Sas-Executar/Desyng-System-ecossitema.,GAP,GAP,MASTER_INDEX.json,blob,SOURCE_PATH_OBSERVED_AUTHORITY_NOT_ASSESSED,references/CARDS_DESIGN_REFERENCE_PACK_V1/00_DOCUMENTATION/MASTER_INDEX.json,references/CARDS_DESIGN_REFERENCE_PACK_V1/00_DOCUMENTATION/MASTER_INDEX.json,,,claude/design-handoff-specs-ulc1r1,3784189e789a5b16fc2bdaaa6854a4bdc1bcad77,CORPUS_DIRECT,,,KEEP_PENDING_RECONCILIATION,"Reconcile ID, authority and final target against corpus"
Sas-Executar/Desyng-System-ecossitema.,GAP,GAP,MASTER_INDEX.md,blob,SOURCE_PATH_OBSERVED_AUTHORITY_NOT_ASSESSED,references/CARDS_DESIGN_REFERENCE_PACK_V1/00_DOCUMENTATION/MASTER_INDEX.md,references/CARDS_DESIGN_REFERENCE_PACK_V1/00_DOCUMENTATION/MASTER_INDEX.md,,,claude/design-handoff-specs-ulc1r1,3784189e789a5b16fc2bdaaa6854a4bdc1bcad77,CORPUS_DIRECT,,,KEEP_PENDING_RECONCILIATION,"Reconcile ID, authority and final target against corpus"
Sas-Executar/Desyng-System-ecossitema.,GAP,GAP,RENAME_MAP.csv,blob,SOURCE_PATH_OBSERVED_AUTHORITY_NOT_ASSESSED,references/CARDS_DESIGN_REFERENCE_PACK_V1/00_DOCUMENTATION/RENAME_MAP.csv,references/CARDS_DESIGN_REFERENCE_PACK_V1/00_DOCUMENTATION/RENAME_MAP.csv,,,claude/design-handoff-specs-ulc1r1,3784189e789a5b16fc2bdaaa6854a4bdc1bcad77,CORPUS_DIRECT,,,KEEP_PENDING_RECONCILIATION,"Reconcile ID, authority and final target against corpus"
Sas-Executar/Desyng-System-ecossitema.,GAP,GAP,DSREF-FND-001__dark-ui-typography-reference.png,blob,SOURCE_PATH_OBSERVED_AUTHORITY_NOT_ASSESSED,references/CARDS_DESIGN_REFERENCE_PACK_V1/01_FOUNDATIONS/DSREF-FND-001__dark-ui-typography-reference.png,references/CARDS_DESIGN_REFERENCE_PACK_V1/01_FOUNDATIONS/DSREF-FND-001__dark-ui-typography-reference.png,,,claude/design-handoff-specs-ulc1r1,3784189e789a5b16fc2bdaaa6854a4bdc1bcad77,CORPUS_DIRECT,,,KEEP_PENDING_RECONCILIATION,"Reconcile ID, authority and final target against corpus"
Sas-Executar/Desyng-System-ecossitema.,GAP,GAP,DSREF-FND-002__interface-icon-grid.jpg,blob,SOURCE_PATH_OBSERVED_AUTHORITY_NOT_ASSESSED,references/CARDS_DESIGN_REFERENCE_PACK_V1/01_FOUNDATIONS/DSREF-FND-002__interface-icon-grid.jpg,references/CARDS_DESIGN_REFERENCE_PACK_V1/01_FOUNDATIONS/DSREF-FND-002__interface-icon-grid.jpg,,,claude/design-handoff-specs-ulc1r1,3784189e789a5b16fc2bdaaa6854a4bdc1bcad77,CORPUS_DIRECT,,,KEEP_PENDING_RECONCILIATION,"Reconcile ID, authority and final target against corpus"
Sas-Executar/Desyng-System-ecossitema.,GAP,GAP,DSREF-FND-003__action-icon-set-dark.jpg,blob,SOURCE_PATH_OBSERVED_AUTHORITY_NOT_ASSESSED,references/CARDS_DESIGN_REFERENCE_PACK_V1/01_FOUNDATIONS/DSREF-FND-003__action-icon-set-dark.jpg,references/CARDS_DESIGN_REFERENCE_PACK_V1/01_FOUNDATIONS/DSREF-FND-003__action-icon-set-dark.jpg,,,claude/design-handoff-specs-ulc1r1,3784189e789a5b16fc2bdaaa6854a4bdc1bcad77,CORPUS_DIRECT,,,KEEP_PENDING_RECONCILIATION,"Reconcile ID, authority and final target against corpus"
Sas-Executar/Desyng-System-ecossitema.,GAP,GAP,DSREF-CMP-001__change-request-form-card.jpg,blob,SOURCE_PATH_OBSERVED_AUTHORITY_NOT_ASSESSED,references/CARDS_DESIGN_REFERENCE_PACK_V1/02_COMPONENTS/DSREF-CMP-001__change-request-form-card.jpg,references/CARDS_DESIGN_REFERENCE_PACK_V1/02_COMPONENTS/DSREF-CMP-001__change-request-form-card.jpg,,,claude/design-handoff-specs-ulc1r1,3784189e789a5b16fc2bdaaa6854a4bdc1bcad77,CORPUS_DIRECT,,,KEEP_PENDING_RECONCILIATION,"Reconcile ID, authority and final target against corpus"
Sas-Executar/Desyng-System-ecossitema.,GAP,GAP,DSREF-CMP-002__process-steps-content-section.jpg,blob,SOURCE_PATH_OBSERVED_AUTHORITY_NOT_ASSESSED,references/CARDS_DESIGN_REFERENCE_PACK_V1/02_COMPONENTS/DSREF-CMP-002__process-steps-content-section.jpg,references/CARDS_DESIGN_REFERENCE_PACK_V1/02_COMPONENTS/DSREF-CMP-002__process-steps-content-section.jpg,,,claude/design-handoff-specs-ulc1r1,3784189e789a5b16fc2bdaaa6854a4bdc1bcad77,CORPUS_DIRECT,,,KEEP_PENDING_RECONCILIATION,"Reconcile ID, authority and final target against corpus"
Sas-Executar/Desyng-System-ecossitema.,GAP,GAP,DSREF-CRD-001__delivery-tracker-card.jpg,blob,SOURCE_PATH_OBSERVED_AUTHORITY_NOT_ASSESSED,references/CARDS_DESIGN_REFERENCE_PACK_V1/03_CARDS/DSREF-CRD-001__delivery-tracker-card.jpg,references/CARDS_DESIGN_REFERENCE_PACK_V1/03_CARDS/DSREF-CRD-001__delivery-tracker-card.jpg,,,claude/design-handoff-specs-ulc1r1,3784189e789a5b16fc2bdaaa6854a4bdc1bcad77,CORPUS_DIRECT,,,KEEP_PENDING_RECONCILIATION,"Reconcile ID, authority and final target against corpus"
Sas-Executar/Desyng-System-ecossitema.,GAP,GAP,DSREF-CRD-002__isometric-creator-card.jpg,blob,SOURCE_PATH_OBSERVED_AUTHORITY_NOT_ASSESSED,references/CARDS_DESIGN_REFERENCE_PACK_V1/03_CARDS/DSREF-CRD-002__isometric-creator-card.jpg,references/CARDS_DESIGN_REFERENCE_PACK_V1/03_CARDS/DSREF-CRD-002__isometric-creator-card.jpg,,,claude/design-handoff-specs-ulc1r1,3784189e789a5b16fc2bdaaa6854a4bdc1bcad77,CORPUS_DIRECT,,,KEEP_PENDING_RECONCILIATION,"Reconcile ID, authority and final target against corpus"
Sas-Executar/Desyng-System-ecossitema.,GAP,GAP,DSREF-CRD-003__analytics-data-card.jpg,blob,SOURCE_PATH_OBSERVED_AUTHORITY_NOT_ASSESSED,references/CARDS_DESIGN_REFERENCE_PACK_V1/03_CARDS/DSREF-CRD-003__analytics-data-card.jpg,references/CARDS_DESIGN_REFERENCE_PACK_V1/03_CARDS/DSREF-CRD-003__analytics-data-card.jpg,,,claude/design-handoff-specs-ulc1r1,3784189e789a5b16fc2bdaaa6854a4bdc1bcad77,CORPUS_DIRECT,,,KEEP_PENDING_RECONCILIATION,"Reconcile ID, authority and final target against corpus"
Sas-Executar/Desyng-System-ecossitema.,GAP,GAP,DSREF-CRD-004__automated-workflow-feature-card.jpg,blob,SOURCE_PATH_OBSERVED_AUTHORITY_NOT_ASSESSED,references/CARDS_DESIGN_REFERENCE_PACK_V1/03_CARDS/DSREF-CRD-004__automated-workflow-feature-card.jpg,references/CARDS_DESIGN_REFERENCE_PACK_V1/03_CARDS/DSREF-CRD-004__automated-workflow-feature-card.jpg,,,claude/design-handoff-specs-ulc1r1,3784189e789a5b16fc2bdaaa6854a4bdc1bcad77,CORPUS_DIRECT,,,KEEP_PENDING_RECONCILIATION,"Reconcile ID, authority and final target against corpus"
Sas-Executar/Desyng-System-ecossitema.,GAP,GAP,DSREF-CRD-005__trend-tracking-feature-card.jpg,blob,SOURCE_PATH_OBSERVED_AUTHORITY_NOT_ASSESSED,references/CARDS_DESIGN_REFERENCE_PACK_V1/03_CARDS/DSREF-CRD-005__trend-tracking-feature-card.jpg,references/CARDS_DESIGN_REFERENCE_PACK_V1/03_CARDS/DSREF-CRD-005__trend-tracking-feature-card.jpg,,,claude/design-handoff-specs-ulc1r1,3784189e789a5b16fc2bdaaa6854a4bdc1bcad77,CORPUS_DIRECT,,,KEEP_PENDING_RECONCILIATION,"Reconcile ID, authority and final target against corpus"
Sas-Executar/Desyng-System-ecossitema.,GAP,GAP,DSREF-CRD-006__export-share-feature-card.jpg,blob,SOURCE_PATH_OBSERVED_AUTHORITY_NOT_ASSESSED,references/CARDS_DESIGN_REFERENCE_PACK_V1/03_CARDS/DSREF-CRD-006__export-share-feature-card.jpg,references/CARDS_DESIGN_REFERENCE_PACK_V1/03_CARDS/DSREF-CRD-006__export-share-feature-card.jpg,,,claude/design-handoff-specs-ulc1r1,3784189e789a5b16fc2bdaaa6854a4bdc1bcad77,CORPUS_DIRECT,,,KEEP_PENDING_RECONCILIATION,"Reconcile ID, authority and final target against corpus"
Sas-Executar/Desyng-System-ecossitema.,GAP,GAP,DSREF-CRD-007__community-guide-promo-card.jpg,blob,SOURCE_PATH_OBSERVED_AUTHORITY_NOT_ASSESSED,references/CARDS_DESIGN_REFERENCE_PACK_V1/03_CARDS/DSREF-CRD-007__community-guide-promo-card.jpg,references/CARDS_DESIGN_REFERENCE_PACK_V1/03_CARDS/DSREF-CRD-007__community-guide-promo-card.jpg,,,claude/design-handoff-specs-ulc1r1,3784189e789a5b16fc2bdaaa6854a4bdc1bcad77,CORPUS_DIRECT,,,KEEP_PENDING_RECONCILIATION,"Reconcile ID, authority and final target against corpus"
Sas-Executar/Desyng-System-ecossitema.,GAP,GAP,DSREF-LAY-001__modular-widget-card-layout.jpg,blob,SOURCE_PATH_OBSERVED_AUTHORITY_NOT_ASSESSED,references/CARDS_DESIGN_REFERENCE_PACK_V1/04_LAYOUTS_WIREFRAMES/DSREF-LAY-001__modular-widget-card-layout.jpg,references/CARDS_DESIGN_REFERENCE_PACK_V1/04_LAYOUTS_WIREFRAMES/DSREF-LAY-001__modular-widget-card-layout.jpg,,,claude/design-handoff-specs-ulc1r1,3784189e789a5b16fc2bdaaa6854a4bdc1bcad77,CORPUS_DIRECT,,,KEEP_PENDING_RECONCILIATION,"Reconcile ID, authority and final target against corpus"
Sas-Executar/Desyng-System-ecossitema.,GAP,GAP,DSREF-LAY-002__editorial-landing-page-wireframe.jpg,blob,SOURCE_PATH_OBSERVED_AUTHORITY_NOT_ASSESSED,references/CARDS_DESIGN_REFERENCE_PACK_V1/04_LAYOUTS_WIREFRAMES/DSREF-LAY-002__editorial-landing-page-wireframe.jpg,references/CARDS_DESIGN_REFERENCE_PACK_V1/04_LAYOUTS_WIREFRAMES/DSREF-LAY-002__editorial-landing-page-wireframe.jpg,,,claude/design-handoff-specs-ulc1r1,3784189e789a5b16fc2bdaaa6854a4bdc1bcad77,CORPUS_DIRECT,,,KEEP_PENDING_RECONCILIATION,"Reconcile ID, authority and final target against corpus"
Sas-Executar/Desyng-System-ecossitema.,GAP,GAP,DSREF-STA-001__saved-actions-empty-state.jpg,blob,SOURCE_PATH_OBSERVED_AUTHORITY_NOT_ASSESSED,references/CARDS_DESIGN_REFERENCE_PACK_V1/05_STATES_FEEDBACK/DSREF-STA-001__saved-actions-empty-state.jpg,references/CARDS_DESIGN_REFERENCE_PACK_V1/05_STATES_FEEDBACK/DSREF-STA-001__saved-actions-empty-state.jpg,,,claude/design-handoff-specs-ulc1r1,3784189e789a5b16fc2bdaaa6854a4bdc1bcad77,CORPUS_DIRECT,,,KEEP_PENDING_RECONCILIATION,"Reconcile ID, authority and final target against corpus"
Sas-Executar/Desyng-System-ecossitema.,GAP,GAP,DSREF-STA-002__meetings-empty-state.jpg,blob,SOURCE_PATH_OBSERVED_AUTHORITY_NOT_ASSESSED,references/CARDS_DESIGN_REFERENCE_PACK_V1/05_STATES_FEEDBACK/DSREF-STA-002__meetings-empty-state.jpg,references/CARDS_DESIGN_REFERENCE_PACK_V1/05_STATES_FEEDBACK/DSREF-STA-002__meetings-empty-state.jpg,,,claude/design-handoff-specs-ulc1r1,3784189e789a5b16fc2bdaaa6854a4bdc1bcad77,CORPUS_DIRECT,,,KEEP_PENDING_RECONCILIATION,"Reconcile ID, authority and final target against corpus"
Sas-Executar/Desyng-System-ecossitema.,GAP,GAP,DSREF-STA-003__cleanup-complete-success-state.jpg,blob,SOURCE_PATH_OBSERVED_AUTHORITY_NOT_ASSESSED,references/CARDS_DESIGN_REFERENCE_PACK_V1/05_STATES_FEEDBACK/DSREF-STA-003__cleanup-complete-success-state.jpg,references/CARDS_DESIGN_REFERENCE_PACK_V1/05_STATES_FEEDBACK/DSREF-STA-003__cleanup-complete-success-state.jpg,,,claude/design-handoff-specs-ulc1r1,3784189e789a5b16fc2bdaaa6854a4bdc1bcad77,CORPUS_DIRECT,,,KEEP_PENDING_RECONCILIATION,"Reconcile ID, authority and final target against corpus"
Sas-Executar/Desyng-System-ecossitema.,GAP,GAP,DSREF-STA-004__no-data-empty-state.jpg,blob,SOURCE_PATH_OBSERVED_AUTHORITY_NOT_ASSESSED,references/CARDS_DESIGN_REFERENCE_PACK_V1/05_STATES_FEEDBACK/DSREF-STA-004__no-data-empty-state.jpg,references/CARDS_DESIGN_REFERENCE_PACK_V1/05_STATES_FEEDBACK/DSREF-STA-004__no-data-empty-state.jpg,,,claude/design-handoff-specs-ulc1r1,3784189e789a5b16fc2bdaaa6854a4bdc1bcad77,CORPUS_DIRECT,,,KEEP_PENDING_RECONCILIATION,"Reconcile ID, authority and final target against corpus"
Sas-Executar/Desyng-System-ecossitema.,GAP,GAP,DSREF-VIS-001__automation-process-diagrams.jpg,blob,SOURCE_PATH_OBSERVED_AUTHORITY_NOT_ASSESSED,references/CARDS_DESIGN_REFERENCE_PACK_V1/06_VISUAL_LANGUAGE/DSREF-VIS-001__automation-process-diagrams.jpg,references/CARDS_DESIGN_REFERENCE_PACK_V1/06_VISUAL_LANGUAGE/DSREF-VIS-001__automation-process-diagrams.jpg,,,claude/design-handoff-specs-ulc1r1,3784189e789a5b16fc2bdaaa6854a4bdc1bcad77,CORPUS_DIRECT,,,KEEP_PENDING_RECONCILIATION,"Reconcile ID, authority and final target against corpus"
Sas-Executar/Desyng-System-ecossitema.,GAP,GAP,DSREF-VIS-002__isometric-system-modules.jpg,blob,SOURCE_PATH_OBSERVED_AUTHORITY_NOT_ASSESSED,references/CARDS_DESIGN_REFERENCE_PACK_V1/06_VISUAL_LANGUAGE/DSREF-VIS-002__isometric-system-modules.jpg,references/CARDS_DESIGN_REFERENCE_PACK_V1/06_VISUAL_LANGUAGE/DSREF-VIS-002__isometric-system-modules.jpg,,,claude/design-handoff-specs-ulc1r1,3784189e789a5b16fc2bdaaa6854a4bdc1bcad77,CORPUS_DIRECT,,,KEEP_PENDING_RECONCILIATION,"Reconcile ID, authority and final target against corpus"
Sas-Executar/Desyng-System-ecossitema.,GAP,GAP,DSREF-VIS-003__automation-infographic-reference.jpg,blob,SOURCE_PATH_OBSERVED_AUTHORITY_NOT_ASSESSED,references/CARDS_DESIGN_REFERENCE_PACK_V1/06_VISUAL_LANGUAGE/DSREF-VIS-003__automation-infographic-reference.jpg,references/CARDS_DESIGN_REFERENCE_PACK_V1/06_VISUAL_LANGUAGE/DSREF-VIS-003__automation-infographic-reference.jpg,,,claude/design-handoff-specs-ulc1r1,3784189e789a5b16fc2bdaaa6854a4bdc1bcad77,CORPUS_DIRECT,,,KEEP_PENDING_RECONCILIATION,"Reconcile ID, authority and final target against corpus"
Sas-Executar/Desyng-System-ecossitema.,GAP,GAP,README.md,blob,SOURCE_PATH_OBSERVED_AUTHORITY_NOT_ASSESSED,references/CARDS_DESIGN_REFERENCE_PACK_V1/README.md,references/CARDS_DESIGN_REFERENCE_PACK_V1/README.md,,,claude/design-handoff-specs-ulc1r1,3784189e789a5b16fc2bdaaa6854a4bdc1bcad77,CORPUS_DIRECT,,,KEEP_PENDING_RECONCILIATION,"Reconcile ID, authority and final target against corpus"
Sas-Executar/Desyng-System-ecossitema.,GAP,GAP,00_README_HANDOFF.md,blob,SOURCE_PATH_OBSERVED_AUTHORITY_NOT_ASSESSED,references/handoff_pack_visual_app_blog_2026-09-05/00_README_HANDOFF.md,references/handoff_pack_visual_app_blog_2026-09-05/00_README_HANDOFF.md,,,claude/design-handoff-specs-ulc1r1,3784189e789a5b16fc2bdaaa6854a4bdc1bcad77,CORPUS_DIRECT,,,KEEP_PENDING_RECONCILIATION,"Reconcile ID, authority and final target against corpus"
Sas-Executar/Desyng-System-ecossitema.,GAP,GAP,MASTER_INDEX.csv,blob,SOURCE_PATH_OBSERVED_AUTHORITY_NOT_ASSESSED,references/handoff_pack_visual_app_blog_2026-09-05/MASTER_INDEX.csv,references/handoff_pack_visual_app_blog_2026-09-05/MASTER_INDEX.csv,,,claude/design-handoff-specs-ulc1r1,3784189e789a5b16fc2bdaaa6854a4bdc1bcad77,CORPUS_DIRECT,,,KEEP_PENDING_RECONCILIATION,"Reconcile ID, authority and final target against corpus"
Sas-Executar/Desyng-System-ecossitema.,GAP,GAP,01_pack-visual_app-blog_cover_16x9.png,blob,SOURCE_PATH_OBSERVED_AUTHORITY_NOT_ASSESSED,references/handoff_pack_visual_app_blog_2026-09-05/slides/01_pack-visual_app-blog_cover_16x9.png,references/handoff_pack_visual_app_blog_2026-09-05/slides/01_pack-visual_app-blog_cover_16x9.png,,,claude/design-handoff-specs-ulc1r1,3784189e789a5b16fc2bdaaa6854a4bdc1bcad77,CORPUS_DIRECT,,,KEEP_PENDING_RECONCILIATION,"Reconcile ID, authority and final target against corpus"
Sas-Executar/Desyng-System-ecossitema.,GAP,GAP,02_paleta-e-contraste_16x9.png,blob,SOURCE_PATH_OBSERVED_AUTHORITY_NOT_ASSESSED,references/handoff_pack_visual_app_blog_2026-09-05/slides/02_paleta-e-contraste_16x9.png,references/handoff_pack_visual_app_blog_2026-09-05/slides/02_paleta-e-contraste_16x9.png,,,claude/design-handoff-specs-ulc1r1,3784189e789a5b16fc2bdaaa6854a4bdc1bcad77,CORPUS_DIRECT,,,KEEP_PENDING_RECONCILIATION,"Reconcile ID, authority and final target against corpus"
Sas-Executar/Desyng-System-ecossitema.,GAP,GAP,03_tipografia-e-hierarquia_16x9.png,blob,SOURCE_PATH_OBSERVED_AUTHORITY_NOT_ASSESSED,references/handoff_pack_visual_app_blog_2026-09-05/slides/03_tipografia-e-hierarquia_16x9.png,references/handoff_pack_visual_app_blog_2026-09-05/slides/03_tipografia-e-hierarquia_16x9.png,,,claude/design-handoff-specs-ulc1r1,3784189e789a5b16fc2bdaaa6854a4bdc1bcad77,CORPUS_DIRECT,,,KEEP_PENDING_RECONCILIATION,"Reconcile ID, authority and final target against corpus"
Sas-Executar/Desyng-System-ecossitema.,GAP,GAP,04_botoes-e-controles_16x9.png,blob,SOURCE_PATH_OBSERVED_AUTHORITY_NOT_ASSESSED,references/handoff_pack_visual_app_blog_2026-09-05/slides/04_botoes-e-controles_16x9.png,references/handoff_pack_visual_app_blog_2026-09-05/slides/04_botoes-e-controles_16x9.png,,,claude/design-handoff-specs-ulc1r1,3784189e789a5b16fc2bdaaa6854a4bdc1bcad77,CORPUS_DIRECT,,,KEEP_PENDING_RECONCILIATION,"Reconcile ID, authority and final target against corpus"
Sas-Executar/Desyng-System-ecossitema.,GAP,GAP,05_mockup-mobile_app_16x9.png,blob,SOURCE_PATH_OBSERVED_AUTHORITY_NOT_ASSESSED,references/handoff_pack_visual_app_blog_2026-09-05/slides/05_mockup-mobile_app_16x9.png,references/handoff_pack_visual_app_blog_2026-09-05/slides/05_mockup-mobile_app_16x9.png,,,claude/design-handoff-specs-ulc1r1,3784189e789a5b16fc2bdaaa6854a4bdc1bcad77,CORPUS_DIRECT,,,KEEP_PENDING_RECONCILIATION,"Reconcile ID, authority and final target against corpus"
Sas-Executar/Desyng-System-ecossitema.,GAP,GAP,06_mockup-web_blog_16x9.png,blob,SOURCE_PATH_OBSERVED_AUTHORITY_NOT_ASSESSED,references/handoff_pack_visual_app_blog_2026-09-05/slides/06_mockup-web_blog_16x9.png,references/handoff_pack_visual_app_blog_2026-09-05/slides/06_mockup-web_blog_16x9.png,,,claude/design-handoff-specs-ulc1r1,3784189e789a5b16fc2bdaaa6854a4bdc1bcad77,CORPUS_DIRECT,,,KEEP_PENDING_RECONCILIATION,"Reconcile ID, authority and final target against corpus"
Sas-Executar/Desyng-System-ecossitema.,GAP,GAP,07_artigo-e-legibilidade_16x9.png,blob,SOURCE_PATH_OBSERVED_AUTHORITY_NOT_ASSESSED,references/handoff_pack_visual_app_blog_2026-09-05/slides/07_artigo-e-legibilidade_16x9.png,references/handoff_pack_visual_app_blog_2026-09-05/slides/07_artigo-e-legibilidade_16x9.png,,,claude/design-handoff-specs-ulc1r1,3784189e789a5b16fc2bdaaa6854a4bdc1bcad77,CORPUS_DIRECT,,,KEEP_PENDING_RECONCILIATION,"Reconcile ID, authority and final target against corpus"
Sas-Executar/Desyng-System-ecossitema.,GAP,GAP,08_biblioteca-de-componentes_16x9.png,blob,SOURCE_PATH_OBSERVED_AUTHORITY_NOT_ASSESSED,references/handoff_pack_visual_app_blog_2026-09-05/slides/08_biblioteca-de-componentes_16x9.png,references/handoff_pack_visual_app_blog_2026-09-05/slides/08_biblioteca-de-componentes_16x9.png,,,claude/design-handoff-specs-ulc1r1,3784189e789a5b16fc2bdaaa6854a4bdc1bcad77,CORPUS_DIRECT,,,KEEP_PENDING_RECONCILIATION,"Reconcile ID, authority and final target against corpus"
Sas-Executar/Desyng-System-ecossitema.,GAP,GAP,09_visuais-automaticos-e-infograficos_16x9.png,blob,SOURCE_PATH_OBSERVED_AUTHORITY_NOT_ASSESSED,references/handoff_pack_visual_app_blog_2026-09-05/slides/09_visuais-automaticos-e-infograficos_16x9.png,references/handoff_pack_visual_app_blog_2026-09-05/slides/09_visuais-automaticos-e-infograficos_16x9.png,,,claude/design-handoff-specs-ulc1r1,3784189e789a5b16fc2bdaaa6854a4bdc1bcad77,CORPUS_DIRECT,,,KEEP_PENDING_RECONCILIATION,"Reconcile ID, authority and final target against corpus"
Sas-Executar/Desyng-System-ecossitema.,GAP,GAP,10_aplicacao-do-sistema_16x9.png,blob,SOURCE_PATH_OBSERVED_AUTHORITY_NOT_ASSESSED,references/handoff_pack_visual_app_blog_2026-09-05/slides/10_aplicacao-do-sistema_16x9.png,references/handoff_pack_visual_app_blog_2026-09-05/slides/10_aplicacao-do-sistema_16x9.png,,,claude/design-handoff-specs-ulc1r1,3784189e789a5b16fc2bdaaa6854a4bdc1bcad77,CORPUS_DIRECT,,,KEEP_PENDING_RECONCILIATION,"Reconcile ID, authority and final target against corpus"
Sas-Executar/Desyng-System-ecossitema.,GAP,GAP,ADR-SYSTEM.md,blob,SOURCE_PATH_OBSERVED_AUTHORITY_NOT_ASSESSED,references/source-docs/ADR-SYSTEM.md,references/source-docs/ADR-SYSTEM.md,,,claude/design-handoff-specs-ulc1r1,3784189e789a5b16fc2bdaaa6854a4bdc1bcad77,CORPUS_DIRECT,,,KEEP_PENDING_RECONCILIATION,"Reconcile ID, authority and final target against corpus"
Sas-Executar/Desyng-System-ecossitema.,GAP,GAP,ADR-001_PROTOCOLO_NATIVO_CALLOUTS_MULTIPLATAFORMA.md,blob,SOURCE_PATH_OBSERVED_AUTHORITY_NOT_ASSESSED,references/source-docs/ADR/ADR-001_PROTOCOLO_NATIVO_CALLOUTS_MULTIPLATAFORMA.md,references/source-docs/ADR/ADR-001_PROTOCOLO_NATIVO_CALLOUTS_MULTIPLATAFORMA.md,,,claude/design-handoff-specs-ulc1r1,3784189e789a5b16fc2bdaaa6854a4bdc1bcad77,CORPUS_DIRECT,,,KEEP_PENDING_RECONCILIATION,"Reconcile ID, authority and final target against corpus"
Sas-Executar/Desyng-System-ecossitema.,GAP,GAP,ADR-001_EXECUTAR_CREATOR_OPERATIONS_OS.md,blob,SOURCE_PATH_OBSERVED_AUTHORITY_NOT_ASSESSED,references/source-docs/ADR/EXECUTAR_ADR_CREATOR_OPERATIONS_OS_V1/ADR-001_EXECUTAR_CREATOR_OPERATIONS_OS.md,references/source-docs/ADR/EXECUTAR_ADR_CREATOR_OPERATIONS_OS_V1/ADR-001_EXECUTAR_CREATOR_OPERATIONS_OS.md,,,claude/design-handoff-specs-ulc1r1,3784189e789a5b16fc2bdaaa6854a4bdc1bcad77,CORPUS_DIRECT,,,KEEP_PENDING_RECONCILIATION,"Reconcile ID, authority and final target against corpus"
Sas-Executar/Desyng-System-ecossitema.,GAP,GAP,ARCHITECTURE_TARGET.mmd,blob,SOURCE_PATH_OBSERVED_AUTHORITY_NOT_ASSESSED,references/source-docs/ADR/EXECUTAR_ADR_CREATOR_OPERATIONS_OS_V1/ARCHITECTURE_TARGET.mmd,references/source-docs/ADR/EXECUTAR_ADR_CREATOR_OPERATIONS_OS_V1/ARCHITECTURE_TARGET.mmd,,,claude/design-handoff-specs-ulc1r1,3784189e789a5b16fc2bdaaa6854a4bdc1bcad77,CORPUS_DIRECT,,,KEEP_PENDING_RECONCILIATION,"Reconcile ID, authority and final target against corpus"
Sas-Executar/Desyng-System-ecossitema.,GAP,GAP,DATA_MODEL_V1.yaml,blob,SOURCE_PATH_OBSERVED_AUTHORITY_NOT_ASSESSED,references/source-docs/ADR/EXECUTAR_ADR_CREATOR_OPERATIONS_OS_V1/DATA_MODEL_V1.yaml,references/source-docs/ADR/EXECUTAR_ADR_CREATOR_OPERATIONS_OS_V1/DATA_MODEL_V1.yaml,,,claude/design-handoff-specs-ulc1r1,3784189e789a5b16fc2bdaaa6854a4bdc1bcad77,CORPUS_DIRECT,,,KEEP_PENDING_RECONCILIATION,"Reconcile ID, authority and final target against corpus"
Sas-Executar/Desyng-System-ecossitema.,GAP,GAP,IMPLEMENTATION_CHECKLIST.md,blob,SOURCE_PATH_OBSERVED_AUTHORITY_NOT_ASSESSED,references/source-docs/ADR/EXECUTAR_ADR_CREATOR_OPERATIONS_OS_V1/IMPLEMENTATION_CHECKLIST.md,references/source-docs/ADR/EXECUTAR_ADR_CREATOR_OPERATIONS_OS_V1/IMPLEMENTATION_CHECKLIST.md,,,claude/design-handoff-specs-ulc1r1,3784189e789a5b16fc2bdaaa6854a4bdc1bcad77,CORPUS_DIRECT,,,KEEP_PENDING_RECONCILIATION,"Reconcile ID, authority and final target against corpus"
Sas-Executar/Desyng-System-ecossitema.,GAP,GAP,MASTER_INDEX.csv,blob,SOURCE_PATH_OBSERVED_AUTHORITY_NOT_ASSESSED,references/source-docs/ADR/EXECUTAR_ADR_CREATOR_OPERATIONS_OS_V1/MASTER_INDEX.csv,references/source-docs/ADR/EXECUTAR_ADR_CREATOR_OPERATIONS_OS_V1/MASTER_INDEX.csv,,,claude/design-handoff-specs-ulc1r1,3784189e789a5b16fc2bdaaa6854a4bdc1bcad77,CORPUS_DIRECT,,,KEEP_PENDING_RECONCILIATION,"Reconcile ID, authority and final target against corpus"
Sas-Executar/Desyng-System-ecossitema.,GAP,GAP,README.md,blob,SOURCE_PATH_OBSERVED_AUTHORITY_NOT_ASSESSED,references/source-docs/ADR/EXECUTAR_ADR_CREATOR_OPERATIONS_OS_V1/README.md,references/source-docs/ADR/EXECUTAR_ADR_CREATOR_OPERATIONS_OS_V1/README.md,,,claude/design-handoff-specs-ulc1r1,3784189e789a5b16fc2bdaaa6854a4bdc1bcad77,CORPUS_DIRECT,,,KEEP_PENDING_RECONCILIATION,"Reconcile ID, authority and final target against corpus"
Sas-Executar/Desyng-System-ecossitema.,GAP,GAP,DS-FORM-001_formulario_mestre_multicanal_IA.ORIGINAL.csv,blob,SOURCE_PATH_OBSERVED_AUTHORITY_NOT_ASSESSED,references/source-docs/DS-FORM-001_formulario_mestre_multicanal_IA.ORIGINAL.csv,references/source-docs/DS-FORM-001_formulario_mestre_multicanal_IA.ORIGINAL.csv,,,claude/design-handoff-specs-ulc1r1,3784189e789a5b16fc2bdaaa6854a4bdc1bcad77,CORPUS_DIRECT,,,KEEP_PENDING_RECONCILIATION,"Reconcile ID, authority and final target against corpus"
Sas-Executar/Desyng-System-ecossitema.,GAP,GAP,Desing-System-notes.md,blob,SOURCE_PATH_OBSERVED_AUTHORITY_NOT_ASSESSED,references/source-docs/Desing-System-notes.md,references/source-docs/Desing-System-notes.md,,,claude/design-handoff-specs-ulc1r1,3784189e789a5b16fc2bdaaa6854a4bdc1bcad77,CORPUS_DIRECT,,,KEEP_PENDING_RECONCILIATION,"Reconcile ID, authority and final target against corpus"
Sas-Executar/Desyng-System-ecossitema.,GAP,GAP,Prompt.md,blob,SOURCE_PATH_OBSERVED_AUTHORITY_NOT_ASSESSED,references/source-docs/Prompt.md,references/source-docs/Prompt.md,,,claude/design-handoff-specs-ulc1r1,3784189e789a5b16fc2bdaaa6854a4bdc1bcad77,CORPUS_DIRECT,,,KEEP_PENDING_RECONCILIATION,"Reconcile ID, authority and final target against corpus"
Sas-Executar/Desyng-System-ecossitema.,GAP,GAP,astro-blog.md,blob,SOURCE_PATH_OBSERVED_AUTHORITY_NOT_ASSESSED,references/source-docs/astro-blog.md,references/source-docs/astro-blog.md,,,claude/design-handoff-specs-ulc1r1,3784189e789a5b16fc2bdaaa6854a4bdc1bcad77,CORPUS_DIRECT,,,KEEP_PENDING_RECONCILIATION,"Reconcile ID, authority and final target against corpus"
Sas-Executar/Desyng-System-ecossitema.,GAP,GAP,tsconfig.base.json,blob,SOURCE_PATH_OBSERVED_AUTHORITY_NOT_ASSESSED,tsconfig.base.json,tsconfig.base.json,,,claude/design-handoff-specs-ulc1r1,3784189e789a5b16fc2bdaaa6854a4bdc1bcad77,CORPUS_DIRECT,,,KEEP_PENDING_RECONCILIATION,"Reconcile ID, authority and final target against corpus"
