artifact_type,candidate_canonical_id,candidate_domain,conflict_status,epistemic_class,migration_action,notes,source_blob_sha,source_branch,source_commit,source_filename,source_mode,source_path,source_repo,source_size,target_path,target_repo,validation_status
"source_artifact","GAP","MAESTRO","SOURCE_RETAINED","CORPUS_DIRECT","KEEP","Classificação de destino PROPOSED; rótulos e IDs internos não são alterados. Placeholders vazios não são documentos.","8a673c8dda6eb4c636f5a52626e18f2a42c2ea50","main","48db71b13e8108479bcf1961a812c1785140a44f",".gitignore","100644",".gitignore","Sas-Executar/Maestr-Docs","68",".gitignore","Sas-Executar/Maestr-Docs","SOURCE_RETAINED"
"source_artifact","GAP","MAESTRO","SOURCE_RETAINED","CORPUS_DIRECT","KEEP","Classificação de destino PROPOSED; rótulos e IDs internos não são alterados. Placeholders vazios não são documentos.","49c5a316e5e0a776163cb673a8ca436845e60439","main","48db71b13e8108479bcf1961a812c1785140a44f",".gitmodules","100644",".gitmodules","Sas-Executar/Maestr-Docs","253",".gitmodules","Sas-Executar/Maestr-Docs","SOURCE_RETAINED"
"source_artifact","GAP","GAP","NON_CANONICAL_SNAPSHOT","CORPUS_DIRECT","COPY","Classificação de destino PROPOSED; rótulos e IDs internos não são alterados. Placeholders vazios não são documentos.","59884b41f3a41003db3197200b0cd9352df24c58","main","48db71b13e8108479bcf1961a812c1785140a44f","00-dropzone.md","100644","00-dropzone/00-dropzone.md","Sas-Executar/Maestr-Docs","311","00_input/maestro-migration/01_original/00-dropzone/00-dropzone.md","Sas-Executar/Programa-Sas","BLOB_HASH_VERIFIED_IN_REVIEW_TREE"
"empty_placeholder","GAP","GAP","SOURCE_RETAINED","CORPUS_DIRECT","DO_NOT_MIGRATE","Classificação de destino PROPOSED; rótulos e IDs internos não são alterados. Placeholders vazios não são documentos.","e69de29bb2d1d6434b8b29ae775ad8c2e48c5391","main","48db71b13e8108479bcf1961a812c1785140a44f",".gitkeep","100644","00-dropzone/01-xls/.gitkeep","Sas-Executar/Maestr-Docs","0","00-dropzone/01-xls/.gitkeep","Sas-Executar/Maestr-Docs","SOURCE_RETAINED"
"empty_placeholder","GAP","GAP","SOURCE_RETAINED","CORPUS_DIRECT","DO_NOT_MIGRATE","Classificação de destino PROPOSED; rótulos e IDs internos não são alterados. Placeholders vazios não são documentos.","e69de29bb2d1d6434b8b29ae775ad8c2e48c5391","main","48db71b13e8108479bcf1961a812c1785140a44f",".gitkeep","100644","00-dropzone/02-docs/.gitkeep","Sas-Executar/Maestr-Docs","0","00-dropzone/02-docs/.gitkeep","Sas-Executar/Maestr-Docs","SOURCE_RETAINED"
"empty_placeholder","GAP","GAP","SOURCE_RETAINED","CORPUS_DIRECT","DO_NOT_MIGRATE","Classificação de destino PROPOSED; rótulos e IDs internos não são alterados. Placeholders vazios não são documentos.","e69de29bb2d1d6434b8b29ae775ad8c2e48c5391","main","48db71b13e8108479bcf1961a812c1785140a44f",".gitkeep","100644","00-dropzone/03-pdf/.gitkeep","Sas-Executar/Maestr-Docs","0","00-dropzone/03-pdf/.gitkeep","Sas-Executar/Maestr-Docs","SOURCE_RETAINED"
"empty_placeholder","GAP","GAP","SOURCE_RETAINED","CORPUS_DIRECT","DO_NOT_MIGRATE","Classificação de destino PROPOSED; rótulos e IDs internos não são alterados. Placeholders vazios não são documentos.","e69de29bb2d1d6434b8b29ae775ad8c2e48c5391","main","48db71b13e8108479bcf1961a812c1785140a44f",".gitkeep","100644","00-dropzone/04-images/.gitkeep","Sas-Executar/Maestr-Docs","0","00-dropzone/04-images/.gitkeep","Sas-Executar/Maestr-Docs","SOURCE_RETAINED"
"empty_placeholder","GAP","GAP","SOURCE_RETAINED","CORPUS_DIRECT","DO_NOT_MIGRATE","Classificação de destino PROPOSED; rótulos e IDs internos não são alterados. Placeholders vazios não são documentos.","e69de29bb2d1d6434b8b29ae775ad8c2e48c5391","main","48db71b13e8108479bcf1961a812c1785140a44f",".gitkeep","100644","00-dropzone/05-json/.gitkeep","Sas-Executar/Maestr-Docs","0","00-dropzone/05-json/.gitkeep","Sas-Executar/Maestr-Docs","SOURCE_RETAINED"
"empty_placeholder","GAP","GAP","SOURCE_RETAINED","CORPUS_DIRECT","DO_NOT_MIGRATE","Classificação de destino PROPOSED; rótulos e IDs internos não são alterados. Placeholders vazios não são documentos.","e69de29bb2d1d6434b8b29ae775ad8c2e48c5391","main","48db71b13e8108479bcf1961a812c1785140a44f",".gitkeep","100644","00-dropzone/06-zip/.gitkeep","Sas-Executar/Maestr-Docs","0","00-dropzone/06-zip/.gitkeep","Sas-Executar/Maestr-Docs","SOURCE_RETAINED"
"empty_placeholder","GAP","GAP","SOURCE_RETAINED","CORPUS_DIRECT","DO_NOT_MIGRATE","Classificação de destino PROPOSED; rótulos e IDs internos não são alterados. Placeholders vazios não são documentos.","e69de29bb2d1d6434b8b29ae775ad8c2e48c5391","main","48db71b13e8108479bcf1961a812c1785140a44f",".gitkeep","100644","00-dropzone/07-code/.gitkeep","Sas-Executar/Maestr-Docs","0","00-dropzone/07-code/.gitkeep","Sas-Executar/Maestr-Docs","SOURCE_RETAINED"
"empty_placeholder","GAP","GAP","SOURCE_RETAINED","CORPUS_DIRECT","DO_NOT_MIGRATE","Classificação de destino PROPOSED; rótulos e IDs internos não são alterados. Placeholders vazios não são documentos.","e69de29bb2d1d6434b8b29ae775ad8c2e48c5391","main","48db71b13e8108479bcf1961a812c1785140a44f",".gitkeep","100644","00-dropzone/08-to-classify/.gitkeep","Sas-Executar/Maestr-Docs","0","00-dropzone/08-to-classify/.gitkeep","Sas-Executar/Maestr-Docs","SOURCE_RETAINED"
"source_artifact","GAP","REGISTRY","NON_CANONICAL_SNAPSHOT","CORPUS_DIRECT","COPY","Classificação de destino PROPOSED; rótulos e IDs internos não são alterados. Placeholders vazios não são documentos.","e0f6bda01f7bbcb21c7c37015787f260d8514e3d","main","48db71b13e8108479bcf1961a812c1785140a44f","01-master-index.md","100644","01-master-index/01-master-index.md","Sas-Executar/Maestr-Docs","285","00_input/maestro-migration/01_original/01-master-index/01-master-index.md","Sas-Executar/Programa-Sas","BLOB_HASH_VERIFIED_IN_REVIEW_TREE"
"source_artifact","GAP","REGISTRY","NON_CANONICAL_SNAPSHOT","CORPUS_DIRECT","COPY","Classificação de destino PROPOSED; rótulos e IDs internos não são alterados. Placeholders vazios não são documentos.","05bd74f9fc6518312365b0a00f2e18bd3ee54668","main","48db71b13e8108479bcf1961a812c1785140a44f","ECOSYSTEM_MASTER_YAML_CARDS_V1.yaml","100644","01-master-index/01-schemas/ECOSYSTEM_MASTER_YAML_CARDS_V1.yaml","Sas-Executar/Maestr-Docs","56888","00_input/maestro-migration/01_original/01-master-index/01-schemas/ECOSYSTEM_MASTER_YAML_CARDS_V1.yaml","Sas-Executar/Programa-Sas","BLOB_HASH_VERIFIED_IN_REVIEW_TREE"
"source_artifact","GAP","REGISTRY","NON_CANONICAL_SNAPSHOT","CORPUS_DIRECT","COPY","Classificação de destino PROPOSED; rótulos e IDs internos não são alterados. Placeholders vazios não são documentos.","f5ea42729d2dac69f34fb0d0623d4ee777f134eb","main","48db71b13e8108479bcf1961a812c1785140a44f","EXECUTAR_projetosaasentrypoint_EXPANDIDO.schema.json","100644","01-master-index/01-schemas/EXECUTAR_projetosaasentrypoint_EXPANDIDO.schema.json","Sas-Executar/Maestr-Docs","67055","00_input/maestro-migration/01_original/01-master-index/01-schemas/EXECUTAR_projetosaasentrypoint_EXPANDIDO.schema.json","Sas-Executar/Programa-Sas","BLOB_HASH_VERIFIED_IN_REVIEW_TREE"
"source_artifact","GAP","REGISTRY","NON_CANONICAL_SNAPSHOT","CORPUS_DIRECT","COPY","Classificação de destino PROPOSED; rótulos e IDs internos não são alterados. Placeholders vazios não são documentos.","14b606711f42b923d606624405ce2498ccd9fc25","main","48db71b13e8108479bcf1961a812c1785140a44f","FORMULARIO_FUNDACIONAL_FUSIONADO_V1.yaml","100644","01-master-index/01-schemas/FORMULARIO_FUNDACIONAL_FUSIONADO_V1.yaml","Sas-Executar/Maestr-Docs","136497","00_input/maestro-migration/01_original/01-master-index/01-schemas/FORMULARIO_FUNDACIONAL_FUSIONADO_V1.yaml","Sas-Executar/Programa-Sas","BLOB_HASH_VERIFIED_IN_REVIEW_TREE"
"source_artifact","GAP","REGISTRY","NON_CANONICAL_SNAPSHOT","CORPUS_DIRECT","COPY","Classificação de destino PROPOSED; rótulos e IDs internos não são alterados. Placeholders vazios não são documentos.","a7d9e4566284f5510a8b8ec457994dd03e4e1832","main","48db71b13e8108479bcf1961a812c1785140a44f","README.md","100644","01-master-index/01-schemas/README.md","Sas-Executar/Maestr-Docs","797","00_input/maestro-migration/01_original/01-master-index/01-schemas/README.md","Sas-Executar/Programa-Sas","BLOB_HASH_VERIFIED_IN_REVIEW_TREE"
"source_artifact","GAP","REGISTRY","NON_CANONICAL_SNAPSHOT","CORPUS_DIRECT","COPY","Classificação de destino PROPOSED; rótulos e IDs internos não são alterados. Placeholders vazios não são documentos.","ae90dfbe754f406e30dd8ee29e79468c8e166978","main","48db71b13e8108479bcf1961a812c1785140a44f","ECOSYSTEM_CARDS_REGISTER.csv","100644","01-master-index/02-taxonomies/ECOSYSTEM_CARDS_REGISTER.csv","Sas-Executar/Maestr-Docs","15531","00_input/maestro-migration/01_original/01-master-index/02-taxonomies/ECOSYSTEM_CARDS_REGISTER.csv","Sas-Executar/Programa-Sas","BLOB_HASH_VERIFIED_IN_REVIEW_TREE"
"source_artifact","GAP","REGISTRY","NON_CANONICAL_SNAPSHOT","CORPUS_DIRECT","COPY","Classificação de destino PROPOSED; rótulos e IDs internos não são alterados. Placeholders vazios não são documentos.","b08e47a55ef8c598ffea13a83b16c2f8503bcfd4","main","48db71b13e8108479bcf1961a812c1785140a44f","FOLDER_IDS.md","100644","01-master-index/02-taxonomies/FOLDER_IDS.md","Sas-Executar/Maestr-Docs","383","00_input/maestro-migration/01_original/01-master-index/02-taxonomies/FOLDER_IDS.md","Sas-Executar/Programa-Sas","BLOB_HASH_VERIFIED_IN_REVIEW_TREE"
"source_artifact","GAP","REGISTRY","NON_CANONICAL_SNAPSHOT","CORPUS_DIRECT","COPY","Classificação de destino PROPOSED; rótulos e IDs internos não são alterados. Placeholders vazios não são documentos.","ab0ba3f1d4158a7dd5aa8c011b61870c4cd9159a","main","48db71b13e8108479bcf1961a812c1785140a44f","MAPA_DOC_ARQUIVO.csv","100644","01-master-index/02-taxonomies/MAPA_DOC_ARQUIVO.csv","Sas-Executar/Maestr-Docs","37260","00_input/maestro-migration/01_original/01-master-index/02-taxonomies/MAPA_DOC_ARQUIVO.csv","Sas-Executar/Programa-Sas","BLOB_HASH_VERIFIED_IN_REVIEW_TREE"
"source_artifact","GAP","REGISTRY","NON_CANONICAL_SNAPSHOT","CORPUS_DIRECT","COPY","Classificação de destino PROPOSED; rótulos e IDs internos não são alterados. Placeholders vazios não são documentos.","8d3bcfe716f19252445c2f7df388d68638f59f91","main","48db71b13e8108479bcf1961a812c1785140a44f","MOC_IDS.csv","100644","01-master-index/02-taxonomies/MOC_IDS.csv","Sas-Executar/Maestr-Docs","7748","00_input/maestro-migration/01_original/01-master-index/02-taxonomies/MOC_IDS.csv","Sas-Executar/Programa-Sas","BLOB_HASH_VERIFIED_IN_REVIEW_TREE"
"source_artifact","GAP","REGISTRY","NON_CANONICAL_SNAPSHOT","CORPUS_DIRECT","COPY","Classificação de destino PROPOSED; rótulos e IDs internos não são alterados. Placeholders vazios não são documentos.","822c07dd870db8ed2d3e073df878881cefa9a3ec","main","48db71b13e8108479bcf1961a812c1785140a44f","ROTEAMENTO_DOCUMENTAL_MECE.csv","100644","01-master-index/02-taxonomies/ROTEAMENTO_DOCUMENTAL_MECE.csv","Sas-Executar/Maestr-Docs","40873","00_input/maestro-migration/01_original/01-master-index/02-taxonomies/ROTEAMENTO_DOCUMENTAL_MECE.csv","Sas-Executar/Programa-Sas","BLOB_HASH_VERIFIED_IN_REVIEW_TREE"
"source_artifact","GAP","REGISTRY","NON_CANONICAL_SNAPSHOT","CORPUS_DIRECT","COPY","Classificação de destino PROPOSED; rótulos e IDs internos não são alterados. Placeholders vazios não são documentos.","8fd52bd806d2098fe1ec6a7d4207abddf1b3cd24","main","48db71b13e8108479bcf1961a812c1785140a44f","SAAS_ENTRYPOINT_DOMAIN_MAP.csv","100644","01-master-index/02-taxonomies/SAAS_ENTRYPOINT_DOMAIN_MAP.csv","Sas-Executar/Maestr-Docs","2172","00_input/maestro-migration/01_original/01-master-index/02-taxonomies/SAAS_ENTRYPOINT_DOMAIN_MAP.csv","Sas-Executar/Programa-Sas","BLOB_HASH_VERIFIED_IN_REVIEW_TREE"
"source_artifact","GAP","REGISTRY","NON_CANONICAL_SNAPSHOT","CORPUS_DIRECT","COPY","Classificação de destino PROPOSED; rótulos e IDs internos não são alterados. Placeholders vazios não são documentos.","e33cc9d778c95890245d7fcb08e4b8fae9cacb02","main","48db71b13e8108479bcf1961a812c1785140a44f","RELATIONS.md","100644","01-master-index/03-relations/RELATIONS.md","Sas-Executar/Maestr-Docs","2160","00_input/maestro-migration/01_original/01-master-index/03-relations/RELATIONS.md","Sas-Executar/Programa-Sas","BLOB_HASH_VERIFIED_IN_REVIEW_TREE"
"source_artifact","GAP","REGISTRY","NON_CANONICAL_SNAPSHOT","CORPUS_DIRECT","COPY","Classificação de destino PROPOSED; rótulos e IDs internos não são alterados. Placeholders vazios não são documentos.","ae95a14ffb915bc263a71746c45682c822fb347a","main","48db71b13e8108479bcf1961a812c1785140a44f","2026-09-07-master-index-repos-codigo.md","100644","01-master-index/04-reports/2026-09-07-master-index-repos-codigo.md","Sas-Executar/Maestr-Docs","10956","00_input/maestro-migration/01_original/01-master-index/04-reports/2026-09-07-master-index-repos-codigo.md","Sas-Executar/Programa-Sas","BLOB_HASH_VERIFIED_IN_REVIEW_TREE"
"source_artifact","GAP","REGISTRY","NON_CANONICAL_SNAPSHOT","CORPUS_DIRECT","COPY","Classificação de destino PROPOSED; rótulos e IDs internos não são alterados. Placeholders vazios não são documentos.","c77478941f7f3d68591d96d9cfb1f3af6cde5911","main","48db71b13e8108479bcf1961a812c1785140a44f","INDICE_TEMATICO_GRANULAR_V1.csv","100644","01-master-index/04-reports/INDICE_TEMATICO_GRANULAR_V1.csv","Sas-Executar/Maestr-Docs","10291","00_input/maestro-migration/01_original/01-master-index/04-reports/INDICE_TEMATICO_GRANULAR_V1.csv","Sas-Executar/Programa-Sas","BLOB_HASH_VERIFIED_IN_REVIEW_TREE"
"source_artifact","GAP","REGISTRY","NON_CANONICAL_SNAPSHOT","CORPUS_DIRECT","COPY","Classificação de destino PROPOSED; rótulos e IDs internos não são alterados. Placeholders vazios não são documentos.","5ce22b7ac8650cbd801bcb35b893a001d41e49a6","main","48db71b13e8108479bcf1961a812c1785140a44f","MASTER_INDEX_TABULAR_V1.csv","100644","01-master-index/04-reports/MASTER_INDEX_TABULAR_V1.csv","Sas-Executar/Maestr-Docs","12215","00_input/maestro-migration/01_original/01-master-index/04-reports/MASTER_INDEX_TABULAR_V1.csv","Sas-Executar/Programa-Sas","BLOB_HASH_VERIFIED_IN_REVIEW_TREE"
"source_artifact","GAP","REGISTRY","NON_CANONICAL_SNAPSHOT","CORPUS_DIRECT","COPY","Classificação de destino PROPOSED; rótulos e IDs internos não são alterados. Placeholders vazios não são documentos.","e185f57162a9e9b5b9b22cae7ed69bbc9175d05a","main","48db71b13e8108479bcf1961a812c1785140a44f","MIGRATION_2026-08-26.md","100644","01-master-index/04-reports/MIGRATION_2026-08-26.md","Sas-Executar/Maestr-Docs","946","00_input/maestro-migration/01_original/01-master-index/04-reports/MIGRATION_2026-08-26.md","Sas-Executar/Programa-Sas","BLOB_HASH_VERIFIED_IN_REVIEW_TREE"
"source_artifact","GAP","REGISTRY","NON_CANONICAL_SNAPSHOT","CORPUS_DIRECT","COPY","Classificação de destino PROPOSED; rótulos e IDs internos não são alterados. Placeholders vazios não são documentos.","fcda019d2f99b5a6df73071910cf1fb840663fb4","main","48db71b13e8108479bcf1961a812c1785140a44f","README.md","100644","01-master-index/04-reports/README.md","Sas-Executar/Maestr-Docs","102","00_input/maestro-migration/01_original/01-master-index/04-reports/README.md","Sas-Executar/Programa-Sas","BLOB_HASH_VERIFIED_IN_REVIEW_TREE"
"source_artifact","GAP","REGISTRY","NON_CANONICAL_SNAPSHOT","CORPUS_DIRECT","COPY","Classificação de destino PROPOSED; rótulos e IDs internos não são alterados. Placeholders vazios não são documentos.","48161a8a31caf935b7fa67bb66b0b7386524794d","main","48db71b13e8108479bcf1961a812c1785140a44f","CENTRAL_CONTROL.csv","100644","01-master-index/CENTRAL_CONTROL.csv","Sas-Executar/Maestr-Docs","6833","00_input/maestro-migration/01_original/01-master-index/CENTRAL_CONTROL.csv","Sas-Executar/Programa-Sas","BLOB_HASH_VERIFIED_IN_REVIEW_TREE"
"empty_placeholder","GAP","D01","SOURCE_RETAINED","CORPUS_DIRECT","DO_NOT_MIGRATE","Classificação de destino PROPOSED; rótulos e IDs internos não são alterados. Placeholders vazios não são documentos.","e69de29bb2d1d6434b8b29ae775ad8c2e48c5391","main","48db71b13e8108479bcf1961a812c1785140a44f",".gitkeep","100644","10-business/01-planos/01-estrategico/.gitkeep","Sas-Executar/Maestr-Docs","0","10-business/01-planos/01-estrategico/.gitkeep","Sas-Executar/Maestr-Docs","SOURCE_RETAINED"
"empty_placeholder","GAP","D01","SOURCE_RETAINED","CORPUS_DIRECT","DO_NOT_MIGRATE","Classificação de destino PROPOSED; rótulos e IDs internos não são alterados. Placeholders vazios não são documentos.","e69de29bb2d1d6434b8b29ae775ad8c2e48c5391","main","48db71b13e8108479bcf1961a812c1785140a44f",".gitkeep","100644","10-business/01-planos/02-operacional/.gitkeep","Sas-Executar/Maestr-Docs","0","10-business/01-planos/02-operacional/.gitkeep","Sas-Executar/Maestr-Docs","SOURCE_RETAINED"
"empty_placeholder","GAP","D01","SOURCE_RETAINED","CORPUS_DIRECT","DO_NOT_MIGRATE","Classificação de destino PROPOSED; rótulos e IDs internos não são alterados. Placeholders vazios não são documentos.","e69de29bb2d1d6434b8b29ae775ad8c2e48c5391","main","48db71b13e8108479bcf1961a812c1785140a44f",".gitkeep","100644","10-business/01-planos/03-go-to-market/.gitkeep","Sas-Executar/Maestr-Docs","0","10-business/01-planos/03-go-to-market/.gitkeep","Sas-Executar/Maestr-Docs","SOURCE_RETAINED"
"empty_placeholder","GAP","D01","SOURCE_RETAINED","CORPUS_DIRECT","DO_NOT_MIGRATE","Classificação de destino PROPOSED; rótulos e IDs internos não são alterados. Placeholders vazios não são documentos.","e69de29bb2d1d6434b8b29ae775ad8c2e48c5391","main","48db71b13e8108479bcf1961a812c1785140a44f",".gitkeep","100644","10-business/02-modelo-negocio/01-canvas/.gitkeep","Sas-Executar/Maestr-Docs","0","10-business/02-modelo-negocio/01-canvas/.gitkeep","Sas-Executar/Maestr-Docs","SOURCE_RETAINED"
"empty_placeholder","GAP","D01","SOURCE_RETAINED","CORPUS_DIRECT","DO_NOT_MIGRATE","Classificação de destino PROPOSED; rótulos e IDs internos não são alterados. Placeholders vazios não são documentos.","e69de29bb2d1d6434b8b29ae775ad8c2e48c5391","main","48db71b13e8108479bcf1961a812c1785140a44f",".gitkeep","100644","10-business/02-modelo-negocio/02-pricing/.gitkeep","Sas-Executar/Maestr-Docs","0","10-business/02-modelo-negocio/02-pricing/.gitkeep","Sas-Executar/Maestr-Docs","SOURCE_RETAINED"
"empty_placeholder","GAP","D01","SOURCE_RETAINED","CORPUS_DIRECT","DO_NOT_MIGRATE","Classificação de destino PROPOSED; rótulos e IDs internos não são alterados. Placeholders vazios não são documentos.","e69de29bb2d1d6434b8b29ae775ad8c2e48c5391","main","48db71b13e8108479bcf1961a812c1785140a44f",".gitkeep","100644","10-business/02-modelo-negocio/03-unit-economics/.gitkeep","Sas-Executar/Maestr-Docs","0","10-business/02-modelo-negocio/03-unit-economics/.gitkeep","Sas-Executar/Maestr-Docs","SOURCE_RETAINED"
"empty_placeholder","GAP","D01","SOURCE_RETAINED","CORPUS_DIRECT","DO_NOT_MIGRATE","Classificação de destino PROPOSED; rótulos e IDs internos não são alterados. Placeholders vazios não são documentos.","e69de29bb2d1d6434b8b29ae775ad8c2e48c5391","main","48db71b13e8108479bcf1961a812c1785140a44f",".gitkeep","100644","10-business/03-stakeholders/01-internos/.gitkeep","Sas-Executar/Maestr-Docs","0","10-business/03-stakeholders/01-internos/.gitkeep","Sas-Executar/Maestr-Docs","SOURCE_RETAINED"
"empty_placeholder","GAP","D01","SOURCE_RETAINED","CORPUS_DIRECT","DO_NOT_MIGRATE","Classificação de destino PROPOSED; rótulos e IDs internos não são alterados. Placeholders vazios não são documentos.","e69de29bb2d1d6434b8b29ae775ad8c2e48c5391","main","48db71b13e8108479bcf1961a812c1785140a44f",".gitkeep","100644","10-business/03-stakeholders/02-externos/.gitkeep","Sas-Executar/Maestr-Docs","0","10-business/03-stakeholders/02-externos/.gitkeep","Sas-Executar/Maestr-Docs","SOURCE_RETAINED"
"empty_placeholder","GAP","D01","SOURCE_RETAINED","CORPUS_DIRECT","DO_NOT_MIGRATE","Classificação de destino PROPOSED; rótulos e IDs internos não são alterados. Placeholders vazios não são documentos.","e69de29bb2d1d6434b8b29ae775ad8c2e48c5391","main","48db71b13e8108479bcf1961a812c1785140a44f",".gitkeep","100644","10-business/03-stakeholders/03-parceiros/.gitkeep","Sas-Executar/Maestr-Docs","0","10-business/03-stakeholders/03-parceiros/.gitkeep","Sas-Executar/Maestr-Docs","SOURCE_RETAINED"
"empty_placeholder","GAP","D01","SOURCE_RETAINED","CORPUS_DIRECT","DO_NOT_MIGRATE","Classificação de destino PROPOSED; rótulos e IDs internos não são alterados. Placeholders vazios não são documentos.","e69de29bb2d1d6434b8b29ae775ad8c2e48c5391","main","48db71b13e8108479bcf1961a812c1785140a44f",".gitkeep","100644","10-business/04-financeiro/01-orcamento/.gitkeep","Sas-Executar/Maestr-Docs","0","10-business/04-financeiro/01-orcamento/.gitkeep","Sas-Executar/Maestr-Docs","SOURCE_RETAINED"
"empty_placeholder","GAP","D01","SOURCE_RETAINED","CORPUS_DIRECT","DO_NOT_MIGRATE","Classificação de destino PROPOSED; rótulos e IDs internos não são alterados. Placeholders vazios não são documentos.","e69de29bb2d1d6434b8b29ae775ad8c2e48c5391","main","48db71b13e8108479bcf1961a812c1785140a44f",".gitkeep","100644","10-business/04-financeiro/02-receitas/.gitkeep","Sas-Executar/Maestr-Docs","0","10-business/04-financeiro/02-receitas/.gitkeep","Sas-Executar/Maestr-Docs","SOURCE_RETAINED"
"empty_placeholder","GAP","D01","SOURCE_RETAINED","CORPUS_DIRECT","DO_NOT_MIGRATE","Classificação de destino PROPOSED; rótulos e IDs internos não são alterados. Placeholders vazios não são documentos.","e69de29bb2d1d6434b8b29ae775ad8c2e48c5391","main","48db71b13e8108479bcf1961a812c1785140a44f",".gitkeep","100644","10-business/04-financeiro/03-custos/.gitkeep","Sas-Executar/Maestr-Docs","0","10-business/04-financeiro/03-custos/.gitkeep","Sas-Executar/Maestr-Docs","SOURCE_RETAINED"
"empty_placeholder","GAP","D01","SOURCE_RETAINED","CORPUS_DIRECT","DO_NOT_MIGRATE","Classificação de destino PROPOSED; rótulos e IDs internos não são alterados. Placeholders vazios não são documentos.","e69de29bb2d1d6434b8b29ae775ad8c2e48c5391","main","48db71b13e8108479bcf1961a812c1785140a44f",".gitkeep","100644","10-business/04-financeiro/04-forecast/.gitkeep","Sas-Executar/Maestr-Docs","0","10-business/04-financeiro/04-forecast/.gitkeep","Sas-Executar/Maestr-Docs","SOURCE_RETAINED"
"empty_placeholder","GAP","D01","SOURCE_RETAINED","CORPUS_DIRECT","DO_NOT_MIGRATE","Classificação de destino PROPOSED; rótulos e IDs internos não são alterados. Placeholders vazios não são documentos.","e69de29bb2d1d6434b8b29ae775ad8c2e48c5391","main","48db71b13e8108479bcf1961a812c1785140a44f",".gitkeep","100644","10-business/05-roadmap/01-agendado/.gitkeep","Sas-Executar/Maestr-Docs","0","10-business/05-roadmap/01-agendado/.gitkeep","Sas-Executar/Maestr-Docs","SOURCE_RETAINED"
"empty_placeholder","GAP","D01","SOURCE_RETAINED","CORPUS_DIRECT","DO_NOT_MIGRATE","Classificação de destino PROPOSED; rótulos e IDs internos não são alterados. Placeholders vazios não são documentos.","e69de29bb2d1d6434b8b29ae775ad8c2e48c5391","main","48db71b13e8108479bcf1961a812c1785140a44f",".gitkeep","100644","10-business/05-roadmap/02-cursos/.gitkeep","Sas-Executar/Maestr-Docs","0","10-business/05-roadmap/02-cursos/.gitkeep","Sas-Executar/Maestr-Docs","SOURCE_RETAINED"
"empty_placeholder","GAP","D01","SOURCE_RETAINED","CORPUS_DIRECT","DO_NOT_MIGRATE","Classificação de destino PROPOSED; rótulos e IDs internos não são alterados. Placeholders vazios não são documentos.","e69de29bb2d1d6434b8b29ae775ad8c2e48c5391","main","48db71b13e8108479bcf1961a812c1785140a44f",".gitkeep","100644","10-business/05-roadmap/03-comunidade/.gitkeep","Sas-Executar/Maestr-Docs","0","10-business/05-roadmap/03-comunidade/.gitkeep","Sas-Executar/Maestr-Docs","SOURCE_RETAINED"
"empty_placeholder","GAP","D01","SOURCE_RETAINED","CORPUS_DIRECT","DO_NOT_MIGRATE","Classificação de destino PROPOSED; rótulos e IDs internos não são alterados. Placeholders vazios não são documentos.","e69de29bb2d1d6434b8b29ae775ad8c2e48c5391","main","48db71b13e8108479bcf1961a812c1785140a44f",".gitkeep","100644","10-business/05-roadmap/04-ong/.gitkeep","Sas-Executar/Maestr-Docs","0","10-business/05-roadmap/04-ong/.gitkeep","Sas-Executar/Maestr-Docs","SOURCE_RETAINED"
"empty_placeholder","GAP","D01","SOURCE_RETAINED","CORPUS_DIRECT","DO_NOT_MIGRATE","Classificação de destino PROPOSED; rótulos e IDs internos não são alterados. Placeholders vazios não são documentos.","e69de29bb2d1d6434b8b29ae775ad8c2e48c5391","main","48db71b13e8108479bcf1961a812c1785140a44f",".gitkeep","100644","10-business/05-roadmap/2026-08/.gitkeep","Sas-Executar/Maestr-Docs","0","10-business/05-roadmap/2026-08/.gitkeep","Sas-Executar/Maestr-Docs","SOURCE_RETAINED"
"empty_placeholder","GAP","D01","SOURCE_RETAINED","CORPUS_DIRECT","DO_NOT_MIGRATE","Classificação de destino PROPOSED; rótulos e IDs internos não são alterados. Placeholders vazios não são documentos.","e69de29bb2d1d6434b8b29ae775ad8c2e48c5391","main","48db71b13e8108479bcf1961a812c1785140a44f",".gitkeep","100644","10-business/05-roadmap/2026-09/.gitkeep","Sas-Executar/Maestr-Docs","0","10-business/05-roadmap/2026-09/.gitkeep","Sas-Executar/Maestr-Docs","SOURCE_RETAINED"
"empty_placeholder","GAP","D01","SOURCE_RETAINED","CORPUS_DIRECT","DO_NOT_MIGRATE","Classificação de destino PROPOSED; rótulos e IDs internos não são alterados. Placeholders vazios não são documentos.","e69de29bb2d1d6434b8b29ae775ad8c2e48c5391","main","48db71b13e8108479bcf1961a812c1785140a44f",".gitkeep","100644","10-business/05-roadmap/2026-10/.gitkeep","Sas-Executar/Maestr-Docs","0","10-business/05-roadmap/2026-10/.gitkeep","Sas-Executar/Maestr-Docs","SOURCE_RETAINED"
"empty_placeholder","GAP","D01","SOURCE_RETAINED","CORPUS_DIRECT","DO_NOT_MIGRATE","Classificação de destino PROPOSED; rótulos e IDs internos não são alterados. Placeholders vazios não são documentos.","e69de29bb2d1d6434b8b29ae775ad8c2e48c5391","main","48db71b13e8108479bcf1961a812c1785140a44f",".gitkeep","100644","10-business/06-parcerias/.gitkeep","Sas-Executar/Maestr-Docs","0","10-business/06-parcerias/.gitkeep","Sas-Executar/Maestr-Docs","SOURCE_RETAINED"
"empty_placeholder","GAP","D01","SOURCE_RETAINED","CORPUS_DIRECT","DO_NOT_MIGRATE","Classificação de destino PROPOSED; rótulos e IDs internos não são alterados. Placeholders vazios não são documentos.","e69de29bb2d1d6434b8b29ae775ad8c2e48c5391","main","48db71b13e8108479bcf1961a812c1785140a44f",".gitkeep","100644","10-business/07-decisoes/.gitkeep","Sas-Executar/Maestr-Docs","0","10-business/07-decisoes/.gitkeep","Sas-Executar/Maestr-Docs","SOURCE_RETAINED"
"empty_placeholder","GAP","D01","SOURCE_RETAINED","CORPUS_DIRECT","DO_NOT_MIGRATE","Classificação de destino PROPOSED; rótulos e IDs internos não são alterados. Placeholders vazios não são documentos.","e69de29bb2d1d6434b8b29ae775ad8c2e48c5391","main","48db71b13e8108479bcf1961a812c1785140a44f",".gitkeep","100644","10-business/08-evidencias/.gitkeep","Sas-Executar/Maestr-Docs","0","10-business/08-evidencias/.gitkeep","Sas-Executar/Maestr-Docs","SOURCE_RETAINED"
"source_artifact","GAP","D01","NON_CANONICAL_SNAPSHOT","CORPUS_DIRECT","COPY","Classificação de destino PROPOSED; rótulos e IDs internos não são alterados. Placeholders vazios não são documentos.","42b89c6fd8cb760d141487a97b601f499ae86530","main","48db71b13e8108479bcf1961a812c1785140a44f","10-business.md","100644","10-business/10-business.md","Sas-Executar/Maestr-Docs","271","00_input/maestro-migration/01_original/10-business/10-business.md","Sas-Executar/Programa-Sas","BLOB_HASH_VERIFIED_IN_REVIEW_TREE"
"empty_placeholder","GAP","GAP","SOURCE_RETAINED","CORPUS_DIRECT","DO_NOT_MIGRATE","Classificação de destino PROPOSED; rótulos e IDs internos não são alterados. Placeholders vazios não são documentos.","e69de29bb2d1d6434b8b29ae775ad8c2e48c5391","main","48db71b13e8108479bcf1961a812c1785140a44f",".gitkeep","100644","20-produtos/10-executar-app/01-product/01-prd/.gitkeep","Sas-Executar/Maestr-Docs","0","20-produtos/10-executar-app/01-product/01-prd/.gitkeep","Sas-Executar/Maestr-Docs","SOURCE_RETAINED"
"empty_placeholder","GAP","GAP","SOURCE_RETAINED","CORPUS_DIRECT","DO_NOT_MIGRATE","Classificação de destino PROPOSED; rótulos e IDs internos não são alterados. Placeholders vazios não são documentos.","e69de29bb2d1d6434b8b29ae775ad8c2e48c5391","main","48db71b13e8108479bcf1961a812c1785140a44f",".gitkeep","100644","20-produtos/10-executar-app/01-product/02-requisitos/.gitkeep","Sas-Executar/Maestr-Docs","0","20-produtos/10-executar-app/01-product/02-requisitos/.gitkeep","Sas-Executar/Maestr-Docs","SOURCE_RETAINED"
"empty_placeholder","GAP","GAP","SOURCE_RETAINED","CORPUS_DIRECT","DO_NOT_MIGRATE","Classificação de destino PROPOSED; rótulos e IDs internos não são alterados. Placeholders vazios não são documentos.","e69de29bb2d1d6434b8b29ae775ad8c2e48c5391","main","48db71b13e8108479bcf1961a812c1785140a44f",".gitkeep","100644","20-produtos/10-executar-app/01-product/03-roadmap/.gitkeep","Sas-Executar/Maestr-Docs","0","20-produtos/10-executar-app/01-product/03-roadmap/.gitkeep","Sas-Executar/Maestr-Docs","SOURCE_RETAINED"
"empty_placeholder","GAP","GAP","SOURCE_RETAINED","CORPUS_DIRECT","DO_NOT_MIGRATE","Classificação de destino PROPOSED; rótulos e IDs internos não são alterados. Placeholders vazios não são documentos.","e69de29bb2d1d6434b8b29ae775ad8c2e48c5391","main","48db71b13e8108479bcf1961a812c1785140a44f",".gitkeep","100644","20-produtos/10-executar-app/02-research/01-benchmark/.gitkeep","Sas-Executar/Maestr-Docs","0","20-produtos/10-executar-app/02-research/01-benchmark/.gitkeep","Sas-Executar/Maestr-Docs","SOURCE_RETAINED"
"empty_placeholder","GAP","GAP","SOURCE_RETAINED","CORPUS_DIRECT","DO_NOT_MIGRATE","Classificação de destino PROPOSED; rótulos e IDs internos não são alterados. Placeholders vazios não são documentos.","e69de29bb2d1d6434b8b29ae775ad8c2e48c5391","main","48db71b13e8108479bcf1961a812c1785140a44f",".gitkeep","100644","20-produtos/10-executar-app/02-research/02-neurodivergencia/.gitkeep","Sas-Executar/Maestr-Docs","0","20-produtos/10-executar-app/02-research/02-neurodivergencia/.gitkeep","Sas-Executar/Maestr-Docs","SOURCE_RETAINED"
"empty_placeholder","GAP","GAP","SOURCE_RETAINED","CORPUS_DIRECT","DO_NOT_MIGRATE","Classificação de destino PROPOSED; rótulos e IDs internos não são alterados. Placeholders vazios não são documentos.","e69de29bb2d1d6434b8b29ae775ad8c2e48c5391","main","48db71b13e8108479bcf1961a812c1785140a44f",".gitkeep","100644","20-produtos/10-executar-app/02-research/03-metodologias/.gitkeep","Sas-Executar/Maestr-Docs","0","20-produtos/10-executar-app/02-research/03-metodologias/.gitkeep","Sas-Executar/Maestr-Docs","SOURCE_RETAINED"
"empty_placeholder","GAP","GAP","SOURCE_RETAINED","CORPUS_DIRECT","DO_NOT_MIGRATE","Classificação de destino PROPOSED; rótulos e IDs internos não são alterados. Placeholders vazios não são documentos.","e69de29bb2d1d6434b8b29ae775ad8c2e48c5391","main","48db71b13e8108479bcf1961a812c1785140a44f",".gitkeep","100644","20-produtos/10-executar-app/02-research/04-protocolos/.gitkeep","Sas-Executar/Maestr-Docs","0","20-produtos/10-executar-app/02-research/04-protocolos/.gitkeep","Sas-Executar/Maestr-Docs","SOURCE_RETAINED"
"empty_placeholder","GAP","GAP","SOURCE_RETAINED","CORPUS_DIRECT","DO_NOT_MIGRATE","Classificação de destino PROPOSED; rótulos e IDs internos não são alterados. Placeholders vazios não são documentos.","e69de29bb2d1d6434b8b29ae775ad8c2e48c5391","main","48db71b13e8108479bcf1961a812c1785140a44f",".gitkeep","100644","20-produtos/10-executar-app/02-research/05-knowledge-base/.gitkeep","Sas-Executar/Maestr-Docs","0","20-produtos/10-executar-app/02-research/05-knowledge-base/.gitkeep","Sas-Executar/Maestr-Docs","SOURCE_RETAINED"
"empty_placeholder","GAP","GAP","SOURCE_RETAINED","CORPUS_DIRECT","DO_NOT_MIGRATE","Classificação de destino PROPOSED; rótulos e IDs internos não são alterados. Placeholders vazios não são documentos.","e69de29bb2d1d6434b8b29ae775ad8c2e48c5391","main","48db71b13e8108479bcf1961a812c1785140a44f",".gitkeep","100644","20-produtos/10-executar-app/03-design/01-design-system/.gitkeep","Sas-Executar/Maestr-Docs","0","20-produtos/10-executar-app/03-design/01-design-system/.gitkeep","Sas-Executar/Maestr-Docs","SOURCE_RETAINED"
"empty_placeholder","GAP","GAP","SOURCE_RETAINED","CORPUS_DIRECT","DO_NOT_MIGRATE","Classificação de destino PROPOSED; rótulos e IDs internos não são alterados. Placeholders vazios não são documentos.","e69de29bb2d1d6434b8b29ae775ad8c2e48c5391","main","48db71b13e8108479bcf1961a812c1785140a44f",".gitkeep","100644","20-produtos/10-executar-app/03-design/02-ux-ui/.gitkeep","Sas-Executar/Maestr-Docs","0","20-produtos/10-executar-app/03-design/02-ux-ui/.gitkeep","Sas-Executar/Maestr-Docs","SOURCE_RETAINED"
"empty_placeholder","GAP","GAP","SOURCE_RETAINED","CORPUS_DIRECT","DO_NOT_MIGRATE","Classificação de destino PROPOSED; rótulos e IDs internos não são alterados. Placeholders vazios não são documentos.","e69de29bb2d1d6434b8b29ae775ad8c2e48c5391","main","48db71b13e8108479bcf1961a812c1785140a44f",".gitkeep","100644","20-produtos/10-executar-app/03-design/03-accessibility/.gitkeep","Sas-Executar/Maestr-Docs","0","20-produtos/10-executar-app/03-design/03-accessibility/.gitkeep","Sas-Executar/Maestr-Docs","SOURCE_RETAINED"
"empty_placeholder","GAP","GAP","SOURCE_RETAINED","CORPUS_DIRECT","DO_NOT_MIGRATE","Classificação de destino PROPOSED; rótulos e IDs internos não são alterados. Placeholders vazios não são documentos.","e69de29bb2d1d6434b8b29ae775ad8c2e48c5391","main","48db71b13e8108479bcf1961a812c1785140a44f",".gitkeep","100644","20-produtos/10-executar-app/04-frontend/.gitkeep","Sas-Executar/Maestr-Docs","0","20-produtos/10-executar-app/04-frontend/.gitkeep","Sas-Executar/Maestr-Docs","SOURCE_RETAINED"
"empty_placeholder","GAP","GAP","SOURCE_RETAINED","CORPUS_DIRECT","DO_NOT_MIGRATE","Classificação de destino PROPOSED; rótulos e IDs internos não são alterados. Placeholders vazios não são documentos.","e69de29bb2d1d6434b8b29ae775ad8c2e48c5391","main","48db71b13e8108479bcf1961a812c1785140a44f",".gitkeep","100644","20-produtos/10-executar-app/05-backend/.gitkeep","Sas-Executar/Maestr-Docs","0","20-produtos/10-executar-app/05-backend/.gitkeep","Sas-Executar/Maestr-Docs","SOURCE_RETAINED"
"empty_placeholder","GAP","GAP","SOURCE_RETAINED","CORPUS_DIRECT","DO_NOT_MIGRATE","Classificação de destino PROPOSED; rótulos e IDs internos não são alterados. Placeholders vazios não são documentos.","e69de29bb2d1d6434b8b29ae775ad8c2e48c5391","main","48db71b13e8108479bcf1961a812c1785140a44f",".gitkeep","100644","20-produtos/10-executar-app/06-mcp/.gitkeep","Sas-Executar/Maestr-Docs","0","20-produtos/10-executar-app/06-mcp/.gitkeep","Sas-Executar/Maestr-Docs","SOURCE_RETAINED"
"empty_placeholder","GAP","GAP","SOURCE_RETAINED","CORPUS_DIRECT","DO_NOT_MIGRATE","Classificação de destino PROPOSED; rótulos e IDs internos não são alterados. Placeholders vazios não são documentos.","e69de29bb2d1d6434b8b29ae775ad8c2e48c5391","main","48db71b13e8108479bcf1961a812c1785140a44f",".gitkeep","100644","20-produtos/10-executar-app/07-agents/01-agents-sdk/.gitkeep","Sas-Executar/Maestr-Docs","0","20-produtos/10-executar-app/07-agents/01-agents-sdk/.gitkeep","Sas-Executar/Maestr-Docs","SOURCE_RETAINED"
"empty_placeholder","GAP","GAP","SOURCE_RETAINED","CORPUS_DIRECT","DO_NOT_MIGRATE","Classificação de destino PROPOSED; rótulos e IDs internos não são alterados. Placeholders vazios não são documentos.","e69de29bb2d1d6434b8b29ae775ad8c2e48c5391","main","48db71b13e8108479bcf1961a812c1785140a44f",".gitkeep","100644","20-produtos/10-executar-app/08-skills/.gitkeep","Sas-Executar/Maestr-Docs","0","20-produtos/10-executar-app/08-skills/.gitkeep","Sas-Executar/Maestr-Docs","SOURCE_RETAINED"
"empty_placeholder","GAP","GAP","SOURCE_RETAINED","CORPUS_DIRECT","DO_NOT_MIGRATE","Classificação de destino PROPOSED; rótulos e IDs internos não são alterados. Placeholders vazios não são documentos.","e69de29bb2d1d6434b8b29ae775ad8c2e48c5391","main","48db71b13e8108479bcf1961a812c1785140a44f",".gitkeep","100644","20-produtos/10-executar-app/09-integrations/01-whatsapp/.gitkeep","Sas-Executar/Maestr-Docs","0","20-produtos/10-executar-app/09-integrations/01-whatsapp/.gitkeep","Sas-Executar/Maestr-Docs","SOURCE_RETAINED"
"empty_placeholder","GAP","GAP","SOURCE_RETAINED","CORPUS_DIRECT","DO_NOT_MIGRATE","Classificação de destino PROPOSED; rótulos e IDs internos não são alterados. Placeholders vazios não são documentos.","e69de29bb2d1d6434b8b29ae775ad8c2e48c5391","main","48db71b13e8108479bcf1961a812c1785140a44f",".gitkeep","100644","20-produtos/10-executar-app/09-integrations/02-ios/.gitkeep","Sas-Executar/Maestr-Docs","0","20-produtos/10-executar-app/09-integrations/02-ios/.gitkeep","Sas-Executar/Maestr-Docs","SOURCE_RETAINED"
"empty_placeholder","GAP","GAP","SOURCE_RETAINED","CORPUS_DIRECT","DO_NOT_MIGRATE","Classificação de destino PROPOSED; rótulos e IDs internos não são alterados. Placeholders vazios não são documentos.","e69de29bb2d1d6434b8b29ae775ad8c2e48c5391","main","48db71b13e8108479bcf1961a812c1785140a44f",".gitkeep","100644","20-produtos/10-executar-app/09-integrations/03-android/.gitkeep","Sas-Executar/Maestr-Docs","0","20-produtos/10-executar-app/09-integrations/03-android/.gitkeep","Sas-Executar/Maestr-Docs","SOURCE_RETAINED"
"empty_placeholder","GAP","GAP","SOURCE_RETAINED","CORPUS_DIRECT","DO_NOT_MIGRATE","Classificação de destino PROPOSED; rótulos e IDs internos não são alterados. Placeholders vazios não são documentos.","e69de29bb2d1d6434b8b29ae775ad8c2e48c5391","main","48db71b13e8108479bcf1961a812c1785140a44f",".gitkeep","100644","20-produtos/10-executar-app/09-integrations/04-qr-code/.gitkeep","Sas-Executar/Maestr-Docs","0","20-produtos/10-executar-app/09-integrations/04-qr-code/.gitkeep","Sas-Executar/Maestr-Docs","SOURCE_RETAINED"
"empty_placeholder","GAP","GAP","SOURCE_RETAINED","CORPUS_DIRECT","DO_NOT_MIGRATE","Classificação de destino PROPOSED; rótulos e IDs internos não são alterados. Placeholders vazios não são documentos.","e69de29bb2d1d6434b8b29ae775ad8c2e48c5391","main","48db71b13e8108479bcf1961a812c1785140a44f",".gitkeep","100644","20-produtos/10-executar-app/10-emitter/01-placeholders/.gitkeep","Sas-Executar/Maestr-Docs","0","20-produtos/10-executar-app/10-emitter/01-placeholders/.gitkeep","Sas-Executar/Maestr-Docs","SOURCE_RETAINED"
"empty_placeholder","GAP","GAP","SOURCE_RETAINED","CORPUS_DIRECT","DO_NOT_MIGRATE","Classificação de destino PROPOSED; rótulos e IDs internos não são alterados. Placeholders vazios não são documentos.","e69de29bb2d1d6434b8b29ae775ad8c2e48c5391","main","48db71b13e8108479bcf1961a812c1785140a44f",".gitkeep","100644","20-produtos/10-executar-app/10-emitter/02-templates/.gitkeep","Sas-Executar/Maestr-Docs","0","20-produtos/10-executar-app/10-emitter/02-templates/.gitkeep","Sas-Executar/Maestr-Docs","SOURCE_RETAINED"
"empty_placeholder","GAP","GAP","SOURCE_RETAINED","CORPUS_DIRECT","DO_NOT_MIGRATE","Classificação de destino PROPOSED; rótulos e IDs internos não são alterados. Placeholders vazios não são documentos.","e69de29bb2d1d6434b8b29ae775ad8c2e48c5391","main","48db71b13e8108479bcf1961a812c1785140a44f",".gitkeep","100644","20-produtos/10-executar-app/10-emitter/03-rendering-system/.gitkeep","Sas-Executar/Maestr-Docs","0","20-produtos/10-executar-app/10-emitter/03-rendering-system/.gitkeep","Sas-Executar/Maestr-Docs","SOURCE_RETAINED"
"empty_placeholder","GAP","GAP","SOURCE_RETAINED","CORPUS_DIRECT","DO_NOT_MIGRATE","Classificação de destino PROPOSED; rótulos e IDs internos não são alterados. Placeholders vazios não são documentos.","e69de29bb2d1d6434b8b29ae775ad8c2e48c5391","main","48db71b13e8108479bcf1961a812c1785140a44f",".gitkeep","100644","20-produtos/10-executar-app/11-qa/01-testes-finais/.gitkeep","Sas-Executar/Maestr-Docs","0","20-produtos/10-executar-app/11-qa/01-testes-finais/.gitkeep","Sas-Executar/Maestr-Docs","SOURCE_RETAINED"
"empty_placeholder","GAP","GAP","SOURCE_RETAINED","CORPUS_DIRECT","DO_NOT_MIGRATE","Classificação de destino PROPOSED; rótulos e IDs internos não são alterados. Placeholders vazios não são documentos.","e69de29bb2d1d6434b8b29ae775ad8c2e48c5391","main","48db71b13e8108479bcf1961a812c1785140a44f",".gitkeep","100644","20-produtos/10-executar-app/11-qa/02-refinamento-codigo/.gitkeep","Sas-Executar/Maestr-Docs","0","20-produtos/10-executar-app/11-qa/02-refinamento-codigo/.gitkeep","Sas-Executar/Maestr-Docs","SOURCE_RETAINED"
"empty_placeholder","GAP","GAP","SOURCE_RETAINED","CORPUS_DIRECT","DO_NOT_MIGRATE","Classificação de destino PROPOSED; rótulos e IDs internos não são alterados. Placeholders vazios não são documentos.","e69de29bb2d1d6434b8b29ae775ad8c2e48c5391","main","48db71b13e8108479bcf1961a812c1785140a44f",".gitkeep","100644","20-produtos/10-executar-app/11-qa/03-protocolos/.gitkeep","Sas-Executar/Maestr-Docs","0","20-produtos/10-executar-app/11-qa/03-protocolos/.gitkeep","Sas-Executar/Maestr-Docs","SOURCE_RETAINED"
"empty_placeholder","GAP","GAP","SOURCE_RETAINED","CORPUS_DIRECT","DO_NOT_MIGRATE","Classificação de destino PROPOSED; rótulos e IDs internos não são alterados. Placeholders vazios não são documentos.","e69de29bb2d1d6434b8b29ae775ad8c2e48c5391","main","48db71b13e8108479bcf1961a812c1785140a44f",".gitkeep","100644","20-produtos/10-executar-app/11-qa/04-fluxos-tela/.gitkeep","Sas-Executar/Maestr-Docs","0","20-produtos/10-executar-app/11-qa/04-fluxos-tela/.gitkeep","Sas-Executar/Maestr-Docs","SOURCE_RETAINED"
"empty_placeholder","GAP","GAP","SOURCE_RETAINED","CORPUS_DIRECT","DO_NOT_MIGRATE","Classificação de destino PROPOSED; rótulos e IDs internos não são alterados. Placeholders vazios não são documentos.","e69de29bb2d1d6434b8b29ae775ad8c2e48c5391","main","48db71b13e8108479bcf1961a812c1785140a44f",".gitkeep","100644","20-produtos/10-executar-app/11-qa/05-regras-transversais/.gitkeep","Sas-Executar/Maestr-Docs","0","20-produtos/10-executar-app/11-qa/05-regras-transversais/.gitkeep","Sas-Executar/Maestr-Docs","SOURCE_RETAINED"
"empty_placeholder","GAP","GAP","SOURCE_RETAINED","CORPUS_DIRECT","DO_NOT_MIGRATE","Classificação de destino PROPOSED; rótulos e IDs internos não são alterados. Placeholders vazios não são documentos.","e69de29bb2d1d6434b8b29ae775ad8c2e48c5391","main","48db71b13e8108479bcf1961a812c1785140a44f",".gitkeep","100644","20-produtos/10-executar-app/12-release/01-beta-users/.gitkeep","Sas-Executar/Maestr-Docs","0","20-produtos/10-executar-app/12-release/01-beta-users/.gitkeep","Sas-Executar/Maestr-Docs","SOURCE_RETAINED"
"empty_placeholder","GAP","GAP","SOURCE_RETAINED","CORPUS_DIRECT","DO_NOT_MIGRATE","Classificação de destino PROPOSED; rótulos e IDs internos não são alterados. Placeholders vazios não são documentos.","e69de29bb2d1d6434b8b29ae775ad8c2e48c5391","main","48db71b13e8108479bcf1961a812c1785140a44f",".gitkeep","100644","20-produtos/10-executar-app/12-release/02-platform-submission/.gitkeep","Sas-Executar/Maestr-Docs","0","20-produtos/10-executar-app/12-release/02-platform-submission/.gitkeep","Sas-Executar/Maestr-Docs","SOURCE_RETAINED"
"empty_placeholder","GAP","GAP","SOURCE_RETAINED","CORPUS_DIRECT","DO_NOT_MIGRATE","Classificação de destino PROPOSED; rótulos e IDs internos não são alterados. Placeholders vazios não são documentos.","e69de29bb2d1d6434b8b29ae775ad8c2e48c5391","main","48db71b13e8108479bcf1961a812c1785140a44f",".gitkeep","100644","20-produtos/10-executar-app/12-release/03-registros/.gitkeep","Sas-Executar/Maestr-Docs","0","20-produtos/10-executar-app/12-release/03-registros/.gitkeep","Sas-Executar/Maestr-Docs","SOURCE_RETAINED"
"empty_placeholder","GAP","GAP","SOURCE_RETAINED","CORPUS_DIRECT","DO_NOT_MIGRATE","Classificação de destino PROPOSED; rótulos e IDs internos não são alterados. Placeholders vazios não são documentos.","e69de29bb2d1d6434b8b29ae775ad8c2e48c5391","main","48db71b13e8108479bcf1961a812c1785140a44f",".gitkeep","100644","20-produtos/10-executar-app/90-evidence/.gitkeep","Sas-Executar/Maestr-Docs","0","20-produtos/10-executar-app/90-evidence/.gitkeep","Sas-Executar/Maestr-Docs","SOURCE_RETAINED"
"empty_placeholder","GAP","GAP","SOURCE_RETAINED","CORPUS_DIRECT","DO_NOT_MIGRATE","Classificação de destino PROPOSED; rótulos e IDs internos não são alterados. Placeholders vazios não são documentos.","e69de29bb2d1d6434b8b29ae775ad8c2e48c5391","main","48db71b13e8108479bcf1961a812c1785140a44f",".gitkeep","100644","20-produtos/20-produtos-fisicos/01-neurokit-agenda/.gitkeep","Sas-Executar/Maestr-Docs","0","20-produtos/20-produtos-fisicos/01-neurokit-agenda/.gitkeep","Sas-Executar/Maestr-Docs","SOURCE_RETAINED"
"empty_placeholder","GAP","GAP","SOURCE_RETAINED","CORPUS_DIRECT","DO_NOT_MIGRATE","Classificação de destino PROPOSED; rótulos e IDs internos não são alterados. Placeholders vazios não são documentos.","e69de29bb2d1d6434b8b29ae775ad8c2e48c5391","main","48db71b13e8108479bcf1961a812c1785140a44f",".gitkeep","100644","20-produtos/20-produtos-fisicos/02-sprint-book/.gitkeep","Sas-Executar/Maestr-Docs","0","20-produtos/20-produtos-fisicos/02-sprint-book/.gitkeep","Sas-Executar/Maestr-Docs","SOURCE_RETAINED"
"empty_placeholder","GAP","GAP","SOURCE_RETAINED","CORPUS_DIRECT","DO_NOT_MIGRATE","Classificação de destino PROPOSED; rótulos e IDs internos não são alterados. Placeholders vazios não são documentos.","e69de29bb2d1d6434b8b29ae775ad8c2e48c5391","main","48db71b13e8108479bcf1961a812c1785140a44f",".gitkeep","100644","20-produtos/20-produtos-fisicos/03-etiquetas/.gitkeep","Sas-Executar/Maestr-Docs","0","20-produtos/20-produtos-fisicos/03-etiquetas/.gitkeep","Sas-Executar/Maestr-Docs","SOURCE_RETAINED"
"empty_placeholder","GAP","GAP","SOURCE_RETAINED","CORPUS_DIRECT","DO_NOT_MIGRATE","Classificação de destino PROPOSED; rótulos e IDs internos não são alterados. Placeholders vazios não são documentos.","e69de29bb2d1d6434b8b29ae775ad8c2e48c5391","main","48db71b13e8108479bcf1961a812c1785140a44f",".gitkeep","100644","20-produtos/20-produtos-fisicos/04-tdha-store/.gitkeep","Sas-Executar/Maestr-Docs","0","20-produtos/20-produtos-fisicos/04-tdha-store/.gitkeep","Sas-Executar/Maestr-Docs","SOURCE_RETAINED"
"empty_placeholder","GAP","GAP","SOURCE_RETAINED","CORPUS_DIRECT","DO_NOT_MIGRATE","Classificação de destino PROPOSED; rótulos e IDs internos não são alterados. Placeholders vazios não são documentos.","e69de29bb2d1d6434b8b29ae775ad8c2e48c5391","main","48db71b13e8108479bcf1961a812c1785140a44f",".gitkeep","100644","20-produtos/20-produtos-fisicos/05-afiliados/.gitkeep","Sas-Executar/Maestr-Docs","0","20-produtos/20-produtos-fisicos/05-afiliados/.gitkeep","Sas-Executar/Maestr-Docs","SOURCE_RETAINED"
"empty_placeholder","GAP","GAP","SOURCE_RETAINED","CORPUS_DIRECT","DO_NOT_MIGRATE","Classificação de destino PROPOSED; rótulos e IDs internos não são alterados. Placeholders vazios não são documentos.","e69de29bb2d1d6434b8b29ae775ad8c2e48c5391","main","48db71b13e8108479bcf1961a812c1785140a44f",".gitkeep","100644","20-produtos/20-produtos-fisicos/06-marketplace/.gitkeep","Sas-Executar/Maestr-Docs","0","20-produtos/20-produtos-fisicos/06-marketplace/.gitkeep","Sas-Executar/Maestr-Docs","SOURCE_RETAINED"
"source_artifact","GAP","GAP","NON_CANONICAL_SNAPSHOT","CORPUS_DIRECT","COPY","Classificação de destino PROPOSED; rótulos e IDs internos não são alterados. Placeholders vazios não são documentos.","1cfc74a2b175214ad309516f76247f33e1407f2f","main","48db71b13e8108479bcf1961a812c1785140a44f","20-produtos.md","100644","20-produtos/20-produtos.md","Sas-Executar/Maestr-Docs","280","00_input/maestro-migration/01_original/20-produtos/20-produtos.md","Sas-Executar/Programa-Sas","BLOB_HASH_VERIFIED_IN_REVIEW_TREE"
"empty_placeholder","GAP","GAP","SOURCE_RETAINED","CORPUS_DIRECT","DO_NOT_MIGRATE","Classificação de destino PROPOSED; rótulos e IDs internos não são alterados. Placeholders vazios não são documentos.","e69de29bb2d1d6434b8b29ae775ad8c2e48c5391","main","48db71b13e8108479bcf1961a812c1785140a44f",".gitkeep","100644","20-produtos/30-infoprodutos/01-gerenciando-tdha-adulto/.gitkeep","Sas-Executar/Maestr-Docs","0","20-produtos/30-infoprodutos/01-gerenciando-tdha-adulto/.gitkeep","Sas-Executar/Maestr-Docs","SOURCE_RETAINED"
"empty_placeholder","GAP","GAP","SOURCE_RETAINED","CORPUS_DIRECT","DO_NOT_MIGRATE","Classificação de destino PROPOSED; rótulos e IDs internos não são alterados. Placeholders vazios não são documentos.","e69de29bb2d1d6434b8b29ae775ad8c2e48c5391","main","48db71b13e8108479bcf1961a812c1785140a44f",".gitkeep","100644","20-produtos/30-infoprodutos/02-work-os-neurodivergente/.gitkeep","Sas-Executar/Maestr-Docs","0","20-produtos/30-infoprodutos/02-work-os-neurodivergente/.gitkeep","Sas-Executar/Maestr-Docs","SOURCE_RETAINED"
"empty_placeholder","GAP","GAP","SOURCE_RETAINED","CORPUS_DIRECT","DO_NOT_MIGRATE","Classificação de destino PROPOSED; rótulos e IDs internos não são alterados. Placeholders vazios não são documentos.","e69de29bb2d1d6434b8b29ae775ad8c2e48c5391","main","48db71b13e8108479bcf1961a812c1785140a44f",".gitkeep","100644","20-produtos/30-infoprodutos/03-tdha-risk-management/.gitkeep","Sas-Executar/Maestr-Docs","0","20-produtos/30-infoprodutos/03-tdha-risk-management/.gitkeep","Sas-Executar/Maestr-Docs","SOURCE_RETAINED"
"empty_placeholder","GAP","GAP","SOURCE_RETAINED","CORPUS_DIRECT","DO_NOT_MIGRATE","Classificação de destino PROPOSED; rótulos e IDs internos não são alterados. Placeholders vazios não são documentos.","e69de29bb2d1d6434b8b29ae775ad8c2e48c5391","main","48db71b13e8108479bcf1961a812c1785140a44f",".gitkeep","100644","20-produtos/30-infoprodutos/04-vencendo-tdha-adulto-kids/.gitkeep","Sas-Executar/Maestr-Docs","0","20-produtos/30-infoprodutos/04-vencendo-tdha-adulto-kids/.gitkeep","Sas-Executar/Maestr-Docs","SOURCE_RETAINED"
"empty_placeholder","GAP","GAP","SOURCE_RETAINED","CORPUS_DIRECT","DO_NOT_MIGRATE","Classificação de destino PROPOSED; rótulos e IDs internos não são alterados. Placeholders vazios não são documentos.","e69de29bb2d1d6434b8b29ae775ad8c2e48c5391","main","48db71b13e8108479bcf1961a812c1785140a44f",".gitkeep","100644","20-produtos/30-infoprodutos/05-vencendo-tdha-adulto-tutorial/.gitkeep","Sas-Executar/Maestr-Docs","0","20-produtos/30-infoprodutos/05-vencendo-tdha-adulto-tutorial/.gitkeep","Sas-Executar/Maestr-Docs","SOURCE_RETAINED"
"empty_placeholder","GAP","D16","SOURCE_RETAINED","CORPUS_DIRECT","DO_NOT_MIGRATE","Classificação de destino PROPOSED; rótulos e IDs internos não são alterados. Placeholders vazios não são documentos.","e69de29bb2d1d6434b8b29ae775ad8c2e48c5391","main","48db71b13e8108479bcf1961a812c1785140a44f",".gitkeep","100644","30-editorial-marketing/01-blog/01-pautas/.gitkeep","Sas-Executar/Maestr-Docs","0","30-editorial-marketing/01-blog/01-pautas/.gitkeep","Sas-Executar/Maestr-Docs","SOURCE_RETAINED"
"empty_placeholder","GAP","D16","SOURCE_RETAINED","CORPUS_DIRECT","DO_NOT_MIGRATE","Classificação de destino PROPOSED; rótulos e IDs internos não são alterados. Placeholders vazios não são documentos.","e69de29bb2d1d6434b8b29ae775ad8c2e48c5391","main","48db71b13e8108479bcf1961a812c1785140a44f",".gitkeep","100644","30-editorial-marketing/01-blog/02-artigos/.gitkeep","Sas-Executar/Maestr-Docs","0","30-editorial-marketing/01-blog/02-artigos/.gitkeep","Sas-Executar/Maestr-Docs","SOURCE_RETAINED"
"empty_placeholder","GAP","D16","SOURCE_RETAINED","CORPUS_DIRECT","DO_NOT_MIGRATE","Classificação de destino PROPOSED; rótulos e IDs internos não são alterados. Placeholders vazios não são documentos.","e69de29bb2d1d6434b8b29ae775ad8c2e48c5391","main","48db71b13e8108479bcf1961a812c1785140a44f",".gitkeep","100644","30-editorial-marketing/01-blog/03-publicados/.gitkeep","Sas-Executar/Maestr-Docs","0","30-editorial-marketing/01-blog/03-publicados/.gitkeep","Sas-Executar/Maestr-Docs","SOURCE_RETAINED"
"empty_placeholder","GAP","D16","SOURCE_RETAINED","CORPUS_DIRECT","DO_NOT_MIGRATE","Classificação de destino PROPOSED; rótulos e IDs internos não são alterados. Placeholders vazios não são documentos.","e69de29bb2d1d6434b8b29ae775ad8c2e48c5391","main","48db71b13e8108479bcf1961a812c1785140a44f",".gitkeep","100644","30-editorial-marketing/01-blog/99-arquivados/.gitkeep","Sas-Executar/Maestr-Docs","0","30-editorial-marketing/01-blog/99-arquivados/.gitkeep","Sas-Executar/Maestr-Docs","SOURCE_RETAINED"
"empty_placeholder","GAP","D16","SOURCE_RETAINED","CORPUS_DIRECT","DO_NOT_MIGRATE","Classificação de destino PROPOSED; rótulos e IDs internos não são alterados. Placeholders vazios não são documentos.","e69de29bb2d1d6434b8b29ae775ad8c2e48c5391","main","48db71b13e8108479bcf1961a812c1785140a44f",".gitkeep","100644","30-editorial-marketing/02-campanhas/01-tdha-gestao-projetos/01-brief/.gitkeep","Sas-Executar/Maestr-Docs","0","30-editorial-marketing/02-campanhas/01-tdha-gestao-projetos/01-brief/.gitkeep","Sas-Executar/Maestr-Docs","SOURCE_RETAINED"
"empty_placeholder","GAP","D16","SOURCE_RETAINED","CORPUS_DIRECT","DO_NOT_MIGRATE","Classificação de destino PROPOSED; rótulos e IDs internos não são alterados. Placeholders vazios não são documentos.","e69de29bb2d1d6434b8b29ae775ad8c2e48c5391","main","48db71b13e8108479bcf1961a812c1785140a44f",".gitkeep","100644","30-editorial-marketing/02-campanhas/01-tdha-gestao-projetos/02-research/.gitkeep","Sas-Executar/Maestr-Docs","0","30-editorial-marketing/02-campanhas/01-tdha-gestao-projetos/02-research/.gitkeep","Sas-Executar/Maestr-Docs","SOURCE_RETAINED"
"empty_placeholder","GAP","D16","SOURCE_RETAINED","CORPUS_DIRECT","DO_NOT_MIGRATE","Classificação de destino PROPOSED; rótulos e IDs internos não são alterados. Placeholders vazios não são documentos.","e69de29bb2d1d6434b8b29ae775ad8c2e48c5391","main","48db71b13e8108479bcf1961a812c1785140a44f",".gitkeep","100644","30-editorial-marketing/02-campanhas/01-tdha-gestao-projetos/03-copy/.gitkeep","Sas-Executar/Maestr-Docs","0","30-editorial-marketing/02-campanhas/01-tdha-gestao-projetos/03-copy/.gitkeep","Sas-Executar/Maestr-Docs","SOURCE_RETAINED"
"empty_placeholder","GAP","D16","SOURCE_RETAINED","CORPUS_DIRECT","DO_NOT_MIGRATE","Classificação de destino PROPOSED; rótulos e IDs internos não são alterados. Placeholders vazios não são documentos.","e69de29bb2d1d6434b8b29ae775ad8c2e48c5391","main","48db71b13e8108479bcf1961a812c1785140a44f",".gitkeep","100644","30-editorial-marketing/02-campanhas/01-tdha-gestao-projetos/04-assets/.gitkeep","Sas-Executar/Maestr-Docs","0","30-editorial-marketing/02-campanhas/01-tdha-gestao-projetos/04-assets/.gitkeep","Sas-Executar/Maestr-Docs","SOURCE_RETAINED"
"empty_placeholder","GAP","D16","SOURCE_RETAINED","CORPUS_DIRECT","DO_NOT_MIGRATE","Classificação de destino PROPOSED; rótulos e IDs internos não são alterados. Placeholders vazios não são documentos.","e69de29bb2d1d6434b8b29ae775ad8c2e48c5391","main","48db71b13e8108479bcf1961a812c1785140a44f",".gitkeep","100644","30-editorial-marketing/02-campanhas/01-tdha-gestao-projetos/05-social/.gitkeep","Sas-Executar/Maestr-Docs","0","30-editorial-marketing/02-campanhas/01-tdha-gestao-projetos/05-social/.gitkeep","Sas-Executar/Maestr-Docs","SOURCE_RETAINED"
"empty_placeholder","GAP","D16","SOURCE_RETAINED","CORPUS_DIRECT","DO_NOT_MIGRATE","Classificação de destino PROPOSED; rótulos e IDs internos não são alterados. Placeholders vazios não são documentos.","e69de29bb2d1d6434b8b29ae775ad8c2e48c5391","main","48db71b13e8108479bcf1961a812c1785140a44f",".gitkeep","100644","30-editorial-marketing/02-campanhas/01-tdha-gestao-projetos/06-evidence/.gitkeep","Sas-Executar/Maestr-Docs","0","30-editorial-marketing/02-campanhas/01-tdha-gestao-projetos/06-evidence/.gitkeep","Sas-Executar/Maestr-Docs","SOURCE_RETAINED"
"empty_placeholder","GAP","D16","SOURCE_RETAINED","CORPUS_DIRECT","DO_NOT_MIGRATE","Classificação de destino PROPOSED; rótulos e IDs internos não são alterados. Placeholders vazios não são documentos.","e69de29bb2d1d6434b8b29ae775ad8c2e48c5391","main","48db71b13e8108479bcf1961a812c1785140a44f",".gitkeep","100644","30-editorial-marketing/03-social/01-x/.gitkeep","Sas-Executar/Maestr-Docs","0","30-editorial-marketing/03-social/01-x/.gitkeep","Sas-Executar/Maestr-Docs","SOURCE_RETAINED"
"empty_placeholder","GAP","D16","SOURCE_RETAINED","CORPUS_DIRECT","DO_NOT_MIGRATE","Classificação de destino PROPOSED; rótulos e IDs internos não são alterados. Placeholders vazios não são documentos.","e69de29bb2d1d6434b8b29ae775ad8c2e48c5391","main","48db71b13e8108479bcf1961a812c1785140a44f",".gitkeep","100644","30-editorial-marketing/03-social/02-instagram/.gitkeep","Sas-Executar/Maestr-Docs","0","30-editorial-marketing/03-social/02-instagram/.gitkeep","Sas-Executar/Maestr-Docs","SOURCE_RETAINED"
"empty_placeholder","GAP","D16","SOURCE_RETAINED","CORPUS_DIRECT","DO_NOT_MIGRATE","Classificação de destino PROPOSED; rótulos e IDs internos não são alterados. Placeholders vazios não são documentos.","e69de29bb2d1d6434b8b29ae775ad8c2e48c5391","main","48db71b13e8108479bcf1961a812c1785140a44f",".gitkeep","100644","30-editorial-marketing/03-social/03-linkedin/.gitkeep","Sas-Executar/Maestr-Docs","0","30-editorial-marketing/03-social/03-linkedin/.gitkeep","Sas-Executar/Maestr-Docs","SOURCE_RETAINED"
"empty_placeholder","GAP","D16","SOURCE_RETAINED","CORPUS_DIRECT","DO_NOT_MIGRATE","Classificação de destino PROPOSED; rótulos e IDs internos não são alterados. Placeholders vazios não são documentos.","e69de29bb2d1d6434b8b29ae775ad8c2e48c5391","main","48db71b13e8108479bcf1961a812c1785140a44f",".gitkeep","100644","30-editorial-marketing/03-social/04-tiktok/.gitkeep","Sas-Executar/Maestr-Docs","0","30-editorial-marketing/03-social/04-tiktok/.gitkeep","Sas-Executar/Maestr-Docs","SOURCE_RETAINED"
"empty_placeholder","GAP","D16","SOURCE_RETAINED","CORPUS_DIRECT","DO_NOT_MIGRATE","Classificação de destino PROPOSED; rótulos e IDs internos não são alterados. Placeholders vazios não são documentos.","e69de29bb2d1d6434b8b29ae775ad8c2e48c5391","main","48db71b13e8108479bcf1961a812c1785140a44f",".gitkeep","100644","30-editorial-marketing/04-assets/01-visual/.gitkeep","Sas-Executar/Maestr-Docs","0","30-editorial-marketing/04-assets/01-visual/.gitkeep","Sas-Executar/Maestr-Docs","SOURCE_RETAINED"
"empty_placeholder","GAP","D16","SOURCE_RETAINED","CORPUS_DIRECT","DO_NOT_MIGRATE","Classificação de destino PROPOSED; rótulos e IDs internos não são alterados. Placeholders vazios não são documentos.","e69de29bb2d1d6434b8b29ae775ad8c2e48c5391","main","48db71b13e8108479bcf1961a812c1785140a44f",".gitkeep","100644","30-editorial-marketing/04-assets/02-video/.gitkeep","Sas-Executar/Maestr-Docs","0","30-editorial-marketing/04-assets/02-video/.gitkeep","Sas-Executar/Maestr-Docs","SOURCE_RETAINED"
"empty_placeholder","GAP","D16","SOURCE_RETAINED","CORPUS_DIRECT","DO_NOT_MIGRATE","Classificação de destino PROPOSED; rótulos e IDs internos não são alterados. Placeholders vazios não são documentos.","e69de29bb2d1d6434b8b29ae775ad8c2e48c5391","main","48db71b13e8108479bcf1961a812c1785140a44f",".gitkeep","100644","30-editorial-marketing/04-assets/03-audio/.gitkeep","Sas-Executar/Maestr-Docs","0","30-editorial-marketing/04-assets/03-audio/.gitkeep","Sas-Executar/Maestr-Docs","SOURCE_RETAINED"
"empty_placeholder","GAP","D16","SOURCE_RETAINED","CORPUS_DIRECT","DO_NOT_MIGRATE","Classificação de destino PROPOSED; rótulos e IDs internos não são alterados. Placeholders vazios não são documentos.","e69de29bb2d1d6434b8b29ae775ad8c2e48c5391","main","48db71b13e8108479bcf1961a812c1785140a44f",".gitkeep","100644","30-editorial-marketing/05-cta/.gitkeep","Sas-Executar/Maestr-Docs","0","30-editorial-marketing/05-cta/.gitkeep","Sas-Executar/Maestr-Docs","SOURCE_RETAINED"
"empty_placeholder","GAP","D16","SOURCE_RETAINED","CORPUS_DIRECT","DO_NOT_MIGRATE","Classificação de destino PROPOSED; rótulos e IDs internos não são alterados. Placeholders vazios não são documentos.","e69de29bb2d1d6434b8b29ae775ad8c2e48c5391","main","48db71b13e8108479bcf1961a812c1785140a44f",".gitkeep","100644","30-editorial-marketing/06-brindes/.gitkeep","Sas-Executar/Maestr-Docs","0","30-editorial-marketing/06-brindes/.gitkeep","Sas-Executar/Maestr-Docs","SOURCE_RETAINED"
"empty_placeholder","GAP","D16","SOURCE_RETAINED","CORPUS_DIRECT","DO_NOT_MIGRATE","Classificação de destino PROPOSED; rótulos e IDs internos não são alterados. Placeholders vazios não são documentos.","e69de29bb2d1d6434b8b29ae775ad8c2e48c5391","main","48db71b13e8108479bcf1961a812c1785140a44f",".gitkeep","100644","30-editorial-marketing/07-buffer/.gitkeep","Sas-Executar/Maestr-Docs","0","30-editorial-marketing/07-buffer/.gitkeep","Sas-Executar/Maestr-Docs","SOURCE_RETAINED"
"empty_placeholder","GAP","D16","SOURCE_RETAINED","CORPUS_DIRECT","DO_NOT_MIGRATE","Classificação de destino PROPOSED; rótulos e IDs internos não são alterados. Placeholders vazios não são documentos.","e69de29bb2d1d6434b8b29ae775ad8c2e48c5391","main","48db71b13e8108479bcf1961a812c1785140a44f",".gitkeep","100644","30-editorial-marketing/08-skills-assets/.gitkeep","Sas-Executar/Maestr-Docs","0","30-editorial-marketing/08-skills-assets/.gitkeep","Sas-Executar/Maestr-Docs","SOURCE_RETAINED"
"source_artifact","GAP","D16","NON_CANONICAL_SNAPSHOT","CORPUS_DIRECT","COPY","Classificação de destino PROPOSED; rótulos e IDs internos não são alterados. Placeholders vazios não são documentos.","97f9876402ed9b242ea21afa270d9065661b9fd8","main","48db71b13e8108479bcf1961a812c1785140a44f","30-editorial-marketing.md","100644","30-editorial-marketing/30-editorial-marketing.md","Sas-Executar/Maestr-Docs","246","00_input/maestro-migration/01_original/30-editorial-marketing/30-editorial-marketing.md","Sas-Executar/Programa-Sas","BLOB_HASH_VERIFIED_IN_REVIEW_TREE"
"empty_placeholder","GAP","D14","SOURCE_RETAINED","CORPUS_DIRECT","DO_NOT_MIGRATE","Classificação de destino PROPOSED; rótulos e IDs internos não são alterados. Placeholders vazios não são documentos.","e69de29bb2d1d6434b8b29ae775ad8c2e48c5391","main","48db71b13e8108479bcf1961a812c1785140a44f",".gitkeep","100644","40-comercial-servicos/01-showroom/01-videos/.gitkeep","Sas-Executar/Maestr-Docs","0","40-comercial-servicos/01-showroom/01-videos/.gitkeep","Sas-Executar/Maestr-Docs","SOURCE_RETAINED"
"empty_placeholder","GAP","D14","SOURCE_RETAINED","CORPUS_DIRECT","DO_NOT_MIGRATE","Classificação de destino PROPOSED; rótulos e IDs internos não são alterados. Placeholders vazios não são documentos.","e69de29bb2d1d6434b8b29ae775ad8c2e48c5391","main","48db71b13e8108479bcf1961a812c1785140a44f",".gitkeep","100644","40-comercial-servicos/01-showroom/02-antes-depois/.gitkeep","Sas-Executar/Maestr-Docs","0","40-comercial-servicos/01-showroom/02-antes-depois/.gitkeep","Sas-Executar/Maestr-Docs","SOURCE_RETAINED"
"empty_placeholder","GAP","D14","SOURCE_RETAINED","CORPUS_DIRECT","DO_NOT_MIGRATE","Classificação de destino PROPOSED; rótulos e IDs internos não são alterados. Placeholders vazios não são documentos.","e69de29bb2d1d6434b8b29ae775ad8c2e48c5391","main","48db71b13e8108479bcf1961a812c1785140a44f",".gitkeep","100644","40-comercial-servicos/01-showroom/03-comparativos-visuais/.gitkeep","Sas-Executar/Maestr-Docs","0","40-comercial-servicos/01-showroom/03-comparativos-visuais/.gitkeep","Sas-Executar/Maestr-Docs","SOURCE_RETAINED"
"empty_placeholder","GAP","D14","SOURCE_RETAINED","CORPUS_DIRECT","DO_NOT_MIGRATE","Classificação de destino PROPOSED; rótulos e IDs internos não são alterados. Placeholders vazios não são documentos.","e69de29bb2d1d6434b8b29ae775ad8c2e48c5391","main","48db71b13e8108479bcf1961a812c1785140a44f",".gitkeep","100644","40-comercial-servicos/02-consultoria/01-benchmark/.gitkeep","Sas-Executar/Maestr-Docs","0","40-comercial-servicos/02-consultoria/01-benchmark/.gitkeep","Sas-Executar/Maestr-Docs","SOURCE_RETAINED"
"empty_placeholder","GAP","D14","SOURCE_RETAINED","CORPUS_DIRECT","DO_NOT_MIGRATE","Classificação de destino PROPOSED; rótulos e IDs internos não são alterados. Placeholders vazios não são documentos.","e69de29bb2d1d6434b8b29ae775ad8c2e48c5391","main","48db71b13e8108479bcf1961a812c1785140a44f",".gitkeep","100644","40-comercial-servicos/02-consultoria/02-definicao-servicos/.gitkeep","Sas-Executar/Maestr-Docs","0","40-comercial-servicos/02-consultoria/02-definicao-servicos/.gitkeep","Sas-Executar/Maestr-Docs","SOURCE_RETAINED"
"empty_placeholder","GAP","D14","SOURCE_RETAINED","CORPUS_DIRECT","DO_NOT_MIGRATE","Classificação de destino PROPOSED; rótulos e IDs internos não são alterados. Placeholders vazios não são documentos.","e69de29bb2d1d6434b8b29ae775ad8c2e48c5391","main","48db71b13e8108479bcf1961a812c1785140a44f",".gitkeep","100644","40-comercial-servicos/02-consultoria/03-showroom/.gitkeep","Sas-Executar/Maestr-Docs","0","40-comercial-servicos/02-consultoria/03-showroom/.gitkeep","Sas-Executar/Maestr-Docs","SOURCE_RETAINED"
"empty_placeholder","GAP","D14","SOURCE_RETAINED","CORPUS_DIRECT","DO_NOT_MIGRATE","Classificação de destino PROPOSED; rótulos e IDs internos não são alterados. Placeholders vazios não são documentos.","e69de29bb2d1d6434b8b29ae775ad8c2e48c5391","main","48db71b13e8108479bcf1961a812c1785140a44f",".gitkeep","100644","40-comercial-servicos/03-work-os/01-ofertas/.gitkeep","Sas-Executar/Maestr-Docs","0","40-comercial-servicos/03-work-os/01-ofertas/.gitkeep","Sas-Executar/Maestr-Docs","SOURCE_RETAINED"
"empty_placeholder","GAP","D14","SOURCE_RETAINED","CORPUS_DIRECT","DO_NOT_MIGRATE","Classificação de destino PROPOSED; rótulos e IDs internos não são alterados. Placeholders vazios não são documentos.","e69de29bb2d1d6434b8b29ae775ad8c2e48c5391","main","48db71b13e8108479bcf1961a812c1785140a44f",".gitkeep","100644","40-comercial-servicos/03-work-os/02-diagnosticos/.gitkeep","Sas-Executar/Maestr-Docs","0","40-comercial-servicos/03-work-os/02-diagnosticos/.gitkeep","Sas-Executar/Maestr-Docs","SOURCE_RETAINED"
"empty_placeholder","GAP","D14","SOURCE_RETAINED","CORPUS_DIRECT","DO_NOT_MIGRATE","Classificação de destino PROPOSED; rótulos e IDs internos não são alterados. Placeholders vazios não são documentos.","e69de29bb2d1d6434b8b29ae775ad8c2e48c5391","main","48db71b13e8108479bcf1961a812c1785140a44f",".gitkeep","100644","40-comercial-servicos/03-work-os/03-entregas/.gitkeep","Sas-Executar/Maestr-Docs","0","40-comercial-servicos/03-work-os/03-entregas/.gitkeep","Sas-Executar/Maestr-Docs","SOURCE_RETAINED"
"empty_placeholder","GAP","D14","SOURCE_RETAINED","CORPUS_DIRECT","DO_NOT_MIGRATE","Classificação de destino PROPOSED; rótulos e IDs internos não são alterados. Placeholders vazios não são documentos.","e69de29bb2d1d6434b8b29ae775ad8c2e48c5391","main","48db71b13e8108479bcf1961a812c1785140a44f",".gitkeep","100644","40-comercial-servicos/04-propostas/.gitkeep","Sas-Executar/Maestr-Docs","0","40-comercial-servicos/04-propostas/.gitkeep","Sas-Executar/Maestr-Docs","SOURCE_RETAINED"
"empty_placeholder","GAP","D14","SOURCE_RETAINED","CORPUS_DIRECT","DO_NOT_MIGRATE","Classificação de destino PROPOSED; rótulos e IDs internos não são alterados. Placeholders vazios não são documentos.","e69de29bb2d1d6434b8b29ae775ad8c2e48c5391","main","48db71b13e8108479bcf1961a812c1785140a44f",".gitkeep","100644","40-comercial-servicos/05-clientes/.gitkeep","Sas-Executar/Maestr-Docs","0","40-comercial-servicos/05-clientes/.gitkeep","Sas-Executar/Maestr-Docs","SOURCE_RETAINED"
"source_artifact","GAP","D14","NON_CANONICAL_SNAPSHOT","CORPUS_DIRECT","COPY","Classificação de destino PROPOSED; rótulos e IDs internos não são alterados. Placeholders vazios não são documentos.","11859a24d718289dd6bbae59c1b1f925db950078","main","48db71b13e8108479bcf1961a812c1785140a44f","40-comercial-servicos.md","100644","40-comercial-servicos/40-comercial-servicos.md","Sas-Executar/Maestr-Docs","260","00_input/maestro-migration/01_original/40-comercial-servicos/40-comercial-servicos.md","Sas-Executar/Programa-Sas","BLOB_HASH_VERIFIED_IN_REVIEW_TREE"
"empty_placeholder","GAP","GAP","SOURCE_RETAINED","CORPUS_DIRECT","DO_NOT_MIGRATE","Classificação de destino PROPOSED; rótulos e IDs internos não são alterados. Placeholders vazios não são documentos.","e69de29bb2d1d6434b8b29ae775ad8c2e48c5391","main","48db71b13e8108479bcf1961a812c1785140a44f",".gitkeep","100644","50-portfolio-carreira/01-portfolio/01-case-studies/.gitkeep","Sas-Executar/Maestr-Docs","0","50-portfolio-carreira/01-portfolio/01-case-studies/.gitkeep","Sas-Executar/Maestr-Docs","SOURCE_RETAINED"
"empty_placeholder","GAP","GAP","SOURCE_RETAINED","CORPUS_DIRECT","DO_NOT_MIGRATE","Classificação de destino PROPOSED; rótulos e IDs internos não são alterados. Placeholders vazios não são documentos.","e69de29bb2d1d6434b8b29ae775ad8c2e48c5391","main","48db71b13e8108479bcf1961a812c1785140a44f",".gitkeep","100644","50-portfolio-carreira/01-portfolio/02-visuais/.gitkeep","Sas-Executar/Maestr-Docs","0","50-portfolio-carreira/01-portfolio/02-visuais/.gitkeep","Sas-Executar/Maestr-Docs","SOURCE_RETAINED"
"empty_placeholder","GAP","GAP","SOURCE_RETAINED","CORPUS_DIRECT","DO_NOT_MIGRATE","Classificação de destino PROPOSED; rótulos e IDs internos não são alterados. Placeholders vazios não são documentos.","e69de29bb2d1d6434b8b29ae775ad8c2e48c5391","main","48db71b13e8108479bcf1961a812c1785140a44f",".gitkeep","100644","50-portfolio-carreira/02-linkedin/.gitkeep","Sas-Executar/Maestr-Docs","0","50-portfolio-carreira/02-linkedin/.gitkeep","Sas-Executar/Maestr-Docs","SOURCE_RETAINED"
"empty_placeholder","GAP","GAP","SOURCE_RETAINED","CORPUS_DIRECT","DO_NOT_MIGRATE","Classificação de destino PROPOSED; rótulos e IDs internos não são alterados. Placeholders vazios não são documentos.","e69de29bb2d1d6434b8b29ae775ad8c2e48c5391","main","48db71b13e8108479bcf1961a812c1785140a44f",".gitkeep","100644","50-portfolio-carreira/03-github/.gitkeep","Sas-Executar/Maestr-Docs","0","50-portfolio-carreira/03-github/.gitkeep","Sas-Executar/Maestr-Docs","SOURCE_RETAINED"
"empty_placeholder","GAP","GAP","SOURCE_RETAINED","CORPUS_DIRECT","DO_NOT_MIGRATE","Classificação de destino PROPOSED; rótulos e IDs internos não são alterados. Placeholders vazios não são documentos.","e69de29bb2d1d6434b8b29ae775ad8c2e48c5391","main","48db71b13e8108479bcf1961a812c1785140a44f",".gitkeep","100644","50-portfolio-carreira/04-vagas/01-aplicacoes/.gitkeep","Sas-Executar/Maestr-Docs","0","50-portfolio-carreira/04-vagas/01-aplicacoes/.gitkeep","Sas-Executar/Maestr-Docs","SOURCE_RETAINED"
"empty_placeholder","GAP","GAP","SOURCE_RETAINED","CORPUS_DIRECT","DO_NOT_MIGRATE","Classificação de destino PROPOSED; rótulos e IDs internos não são alterados. Placeholders vazios não são documentos.","e69de29bb2d1d6434b8b29ae775ad8c2e48c5391","main","48db71b13e8108479bcf1961a812c1785140a44f",".gitkeep","100644","50-portfolio-carreira/04-vagas/02-cv/.gitkeep","Sas-Executar/Maestr-Docs","0","50-portfolio-carreira/04-vagas/02-cv/.gitkeep","Sas-Executar/Maestr-Docs","SOURCE_RETAINED"
"empty_placeholder","GAP","GAP","SOURCE_RETAINED","CORPUS_DIRECT","DO_NOT_MIGRATE","Classificação de destino PROPOSED; rótulos e IDs internos não são alterados. Placeholders vazios não são documentos.","e69de29bb2d1d6434b8b29ae775ad8c2e48c5391","main","48db71b13e8108479bcf1961a812c1785140a44f",".gitkeep","100644","50-portfolio-carreira/04-vagas/03-cartas/.gitkeep","Sas-Executar/Maestr-Docs","0","50-portfolio-carreira/04-vagas/03-cartas/.gitkeep","Sas-Executar/Maestr-Docs","SOURCE_RETAINED"
"empty_placeholder","GAP","GAP","SOURCE_RETAINED","CORPUS_DIRECT","DO_NOT_MIGRATE","Classificação de destino PROPOSED; rótulos e IDs internos não são alterados. Placeholders vazios não são documentos.","e69de29bb2d1d6434b8b29ae775ad8c2e48c5391","main","48db71b13e8108479bcf1961a812c1785140a44f",".gitkeep","100644","50-portfolio-carreira/05-case-studies/01-plano-operacional-rastreavel/.gitkeep","Sas-Executar/Maestr-Docs","0","50-portfolio-carreira/05-case-studies/01-plano-operacional-rastreavel/.gitkeep","Sas-Executar/Maestr-Docs","SOURCE_RETAINED"
"empty_placeholder","GAP","GAP","SOURCE_RETAINED","CORPUS_DIRECT","DO_NOT_MIGRATE","Classificação de destino PROPOSED; rótulos e IDs internos não são alterados. Placeholders vazios não são documentos.","e69de29bb2d1d6434b8b29ae775ad8c2e48c5391","main","48db71b13e8108479bcf1961a812c1785140a44f",".gitkeep","100644","50-portfolio-carreira/05-case-studies/02-clean-sea/.gitkeep","Sas-Executar/Maestr-Docs","0","50-portfolio-carreira/05-case-studies/02-clean-sea/.gitkeep","Sas-Executar/Maestr-Docs","SOURCE_RETAINED"
"empty_placeholder","GAP","GAP","SOURCE_RETAINED","CORPUS_DIRECT","DO_NOT_MIGRATE","Classificação de destino PROPOSED; rótulos e IDs internos não são alterados. Placeholders vazios não são documentos.","e69de29bb2d1d6434b8b29ae775ad8c2e48c5391","main","48db71b13e8108479bcf1961a812c1785140a44f",".gitkeep","100644","50-portfolio-carreira/06-tecnologia/01-apps/.gitkeep","Sas-Executar/Maestr-Docs","0","50-portfolio-carreira/06-tecnologia/01-apps/.gitkeep","Sas-Executar/Maestr-Docs","SOURCE_RETAINED"
"empty_placeholder","GAP","GAP","SOURCE_RETAINED","CORPUS_DIRECT","DO_NOT_MIGRATE","Classificação de destino PROPOSED; rótulos e IDs internos não são alterados. Placeholders vazios não são documentos.","e69de29bb2d1d6434b8b29ae775ad8c2e48c5391","main","48db71b13e8108479bcf1961a812c1785140a44f",".gitkeep","100644","50-portfolio-carreira/06-tecnologia/02-mcp/.gitkeep","Sas-Executar/Maestr-Docs","0","50-portfolio-carreira/06-tecnologia/02-mcp/.gitkeep","Sas-Executar/Maestr-Docs","SOURCE_RETAINED"
"empty_placeholder","GAP","GAP","SOURCE_RETAINED","CORPUS_DIRECT","DO_NOT_MIGRATE","Classificação de destino PROPOSED; rótulos e IDs internos não são alterados. Placeholders vazios não são documentos.","e69de29bb2d1d6434b8b29ae775ad8c2e48c5391","main","48db71b13e8108479bcf1961a812c1785140a44f",".gitkeep","100644","50-portfolio-carreira/06-tecnologia/03-agents/.gitkeep","Sas-Executar/Maestr-Docs","0","50-portfolio-carreira/06-tecnologia/03-agents/.gitkeep","Sas-Executar/Maestr-Docs","SOURCE_RETAINED"
"empty_placeholder","GAP","GAP","SOURCE_RETAINED","CORPUS_DIRECT","DO_NOT_MIGRATE","Classificação de destino PROPOSED; rótulos e IDs internos não são alterados. Placeholders vazios não são documentos.","e69de29bb2d1d6434b8b29ae775ad8c2e48c5391","main","48db71b13e8108479bcf1961a812c1785140a44f",".gitkeep","100644","50-portfolio-carreira/06-tecnologia/04-skills/.gitkeep","Sas-Executar/Maestr-Docs","0","50-portfolio-carreira/06-tecnologia/04-skills/.gitkeep","Sas-Executar/Maestr-Docs","SOURCE_RETAINED"
"empty_placeholder","GAP","GAP","SOURCE_RETAINED","CORPUS_DIRECT","DO_NOT_MIGRATE","Classificação de destino PROPOSED; rótulos e IDs internos não são alterados. Placeholders vazios não são documentos.","e69de29bb2d1d6434b8b29ae775ad8c2e48c5391","main","48db71b13e8108479bcf1961a812c1785140a44f",".gitkeep","100644","50-portfolio-carreira/06-tecnologia/05-plugins/.gitkeep","Sas-Executar/Maestr-Docs","0","50-portfolio-carreira/06-tecnologia/05-plugins/.gitkeep","Sas-Executar/Maestr-Docs","SOURCE_RETAINED"
"source_artifact","GAP","GAP","NON_CANONICAL_SNAPSHOT","CORPUS_DIRECT","COPY","Classificação de destino PROPOSED; rótulos e IDs internos não são alterados. Placeholders vazios não são documentos.","10830ec743fc2c08183446bfb7d433a636673730","main","48db71b13e8108479bcf1961a812c1785140a44f","50-portfolio-carreira.md","100644","50-portfolio-carreira/50-portfolio-carreira.md","Sas-Executar/Maestr-Docs","255","00_input/maestro-migration/01_original/50-portfolio-carreira/50-portfolio-carreira.md","Sas-Executar/Programa-Sas","BLOB_HASH_VERIFIED_IN_REVIEW_TREE"
"source_artifact","GAP","BLUEPRINT_CANDIDATE","NON_CANONICAL_SNAPSHOT","CORPUS_DIRECT","COPY","Classificação de destino PROPOSED; rótulos e IDs internos não são alterados. Placeholders vazios não são documentos.","8004faab2656446d9f5210defbcfbe0383410f67","main","48db71b13e8108479bcf1961a812c1785140a44f","FEATURES.md","100644","500-saas-mvp/01-product/FEATURES.md","Sas-Executar/Maestr-Docs","433","00_input/maestro-migration/01_original/500-saas-mvp/01-product/FEATURES.md","Sas-Executar/Programa-Sas","BLOB_HASH_VERIFIED_IN_REVIEW_TREE"
"source_artifact","GAP","BLUEPRINT_CANDIDATE","NON_CANONICAL_SNAPSHOT","CORPUS_DIRECT","COPY","Classificação de destino PROPOSED; rótulos e IDs internos não são alterados. Placeholders vazios não são documentos.","dfc6c635fca4d0a82476f265b85e05439943f78d","main","48db71b13e8108479bcf1961a812c1785140a44f","PRODUCT_BRIEF.md","100644","500-saas-mvp/01-product/PRODUCT_BRIEF.md","Sas-Executar/Maestr-Docs","108","00_input/maestro-migration/01_original/500-saas-mvp/01-product/PRODUCT_BRIEF.md","Sas-Executar/Programa-Sas","BLOB_HASH_VERIFIED_IN_REVIEW_TREE"
"source_artifact","GAP","BLUEPRINT_CANDIDATE","NON_CANONICAL_SNAPSHOT","CORPUS_DIRECT","COPY","Classificação de destino PROPOSED; rótulos e IDs internos não são alterados. Placeholders vazios não são documentos.","3a703c99ea7c5a45e00ebd3d0acfffd495e2cdf8","main","48db71b13e8108479bcf1961a812c1785140a44f","REQUIREMENTS.md","100644","500-saas-mvp/01-product/REQUIREMENTS.md","Sas-Executar/Maestr-Docs","91","00_input/maestro-migration/01_original/500-saas-mvp/01-product/REQUIREMENTS.md","Sas-Executar/Programa-Sas","BLOB_HASH_VERIFIED_IN_REVIEW_TREE"
"source_artifact","GAP","BLUEPRINT_CANDIDATE","NON_CANONICAL_SNAPSHOT","CORPUS_DIRECT","COPY","Classificação de destino PROPOSED; rótulos e IDs internos não são alterados. Placeholders vazios não são documentos.","59717b441f9dc486677178700b14b42efd53634f","main","48db71b13e8108479bcf1961a812c1785140a44f","SCANNER_README.md","100644","500-saas-mvp/01-product/SCANNER_README.md","Sas-Executar/Maestr-Docs","19556","00_input/maestro-migration/01_original/500-saas-mvp/01-product/SCANNER_README.md","Sas-Executar/Programa-Sas","BLOB_HASH_VERIFIED_IN_REVIEW_TREE"
"source_artifact","GAP","BLUEPRINT_CANDIDATE","NON_CANONICAL_SNAPSHOT","CORPUS_DIRECT","COPY","Classificação de destino PROPOSED; rótulos e IDs internos não são alterados. Placeholders vazios não são documentos.","4a77072f6c5ec361c4ab2204c8385eabf57bff5e","main","48db71b13e8108479bcf1961a812c1785140a44f","CUSTOMER_JOURNEY.md","100644","500-saas-mvp/02-experience/CUSTOMER_JOURNEY.md","Sas-Executar/Maestr-Docs","111","00_input/maestro-migration/01_original/500-saas-mvp/02-experience/CUSTOMER_JOURNEY.md","Sas-Executar/Programa-Sas","BLOB_HASH_VERIFIED_IN_REVIEW_TREE"
"source_artifact","GAP","BLUEPRINT_CANDIDATE","NON_CANONICAL_SNAPSHOT","CORPUS_DIRECT","COPY","Classificação de destino PROPOSED; rótulos e IDs internos não são alterados. Placeholders vazios não são documentos.","3482128a7fb78c7c8afed56810fb5f826fbd2bb0","main","48db71b13e8108479bcf1961a812c1785140a44f","ONBOARDING.md","100644","500-saas-mvp/02-experience/ONBOARDING.md","Sas-Executar/Maestr-Docs","85","00_input/maestro-migration/01_original/500-saas-mvp/02-experience/ONBOARDING.md","Sas-Executar/Programa-Sas","BLOB_HASH_VERIFIED_IN_REVIEW_TREE"
"source_artifact","GAP","BLUEPRINT_CANDIDATE","NON_CANONICAL_SNAPSHOT","CORPUS_DIRECT","COPY","Classificação de destino PROPOSED; rótulos e IDs internos não são alterados. Placeholders vazios não são documentos.","df27214209ff414ee90f44194fd684a360bfd10b","main","48db71b13e8108479bcf1961a812c1785140a44f","ROUTES.md","100644","500-saas-mvp/02-experience/ROUTES.md","Sas-Executar/Maestr-Docs","78","00_input/maestro-migration/01_original/500-saas-mvp/02-experience/ROUTES.md","Sas-Executar/Programa-Sas","BLOB_HASH_VERIFIED_IN_REVIEW_TREE"
"source_artifact","GAP","BLUEPRINT_CANDIDATE","NON_CANONICAL_SNAPSHOT","CORPUS_DIRECT","COPY","Classificação de destino PROPOSED; rótulos e IDs internos não são alterados. Placeholders vazios não são documentos.","70392db06dbbc2c5f61b9a0f2d2e89f3b7485628","main","48db71b13e8108479bcf1961a812c1785140a44f","SCREEN_FLOW.md","100644","500-saas-mvp/02-experience/SCREEN_FLOW.md","Sas-Executar/Maestr-Docs","75","00_input/maestro-migration/01_original/500-saas-mvp/02-experience/SCREEN_FLOW.md","Sas-Executar/Programa-Sas","BLOB_HASH_VERIFIED_IN_REVIEW_TREE"
"source_artifact","GAP","BLUEPRINT_CANDIDATE","NON_CANONICAL_SNAPSHOT","CORPUS_DIRECT","COPY","Classificação de destino PROPOSED; rótulos e IDs internos não são alterados. Placeholders vazios não são documentos.","05b69d4f932d76f7f8c83083b3756e1627789137","main","48db71b13e8108479bcf1961a812c1785140a44f","ACCEPTANCE_CRITERIA.md","100644","500-saas-mvp/03-engineering/ACCEPTANCE_CRITERIA.md","Sas-Executar/Maestr-Docs","82","00_input/maestro-migration/01_original/500-saas-mvp/03-engineering/ACCEPTANCE_CRITERIA.md","Sas-Executar/Programa-Sas","BLOB_HASH_VERIFIED_IN_REVIEW_TREE"
"source_artifact","GAP","BLUEPRINT_CANDIDATE","NON_CANONICAL_SNAPSHOT","CORPUS_DIRECT","COPY","Classificação de destino PROPOSED; rótulos e IDs internos não são alterados. Placeholders vazios não são documentos.","6e4d02c6654fd25f29f44e48229e848a04da6ec4","main","48db71b13e8108479bcf1961a812c1785140a44f","ARCHITECTURE.md","100644","500-saas-mvp/03-engineering/ARCHITECTURE.md","Sas-Executar/Maestr-Docs","85","00_input/maestro-migration/01_original/500-saas-mvp/03-engineering/ARCHITECTURE.md","Sas-Executar/Programa-Sas","BLOB_HASH_VERIFIED_IN_REVIEW_TREE"
"source_artifact","GAP","BLUEPRINT_CANDIDATE","NON_CANONICAL_SNAPSHOT","CORPUS_DIRECT","COPY","Classificação de destino PROPOSED; rótulos e IDs internos não são alterados. Placeholders vazios não são documentos.","eda9dece236753d136c97abd94ad1db849c2637f","main","48db71b13e8108479bcf1961a812c1785140a44f","FUNCTIONAL_SPECS.md","100644","500-saas-mvp/03-engineering/FUNCTIONAL_SPECS.md","Sas-Executar/Maestr-Docs","90","00_input/maestro-migration/01_original/500-saas-mvp/03-engineering/FUNCTIONAL_SPECS.md","Sas-Executar/Programa-Sas","BLOB_HASH_VERIFIED_IN_REVIEW_TREE"
"source_artifact","GAP","BLUEPRINT_CANDIDATE","NON_CANONICAL_SNAPSHOT","CORPUS_DIRECT","COPY","Classificação de destino PROPOSED; rótulos e IDs internos não são alterados. Placeholders vazios não são documentos.","d35b0068708c0017484cdae2201bcfdebaf9adac","main","48db71b13e8108479bcf1961a812c1785140a44f","IMPLEMENTATION_HANDOFF.md","100644","500-saas-mvp/03-engineering/IMPLEMENTATION_HANDOFF.md","Sas-Executar/Maestr-Docs","112","00_input/maestro-migration/01_original/500-saas-mvp/03-engineering/IMPLEMENTATION_HANDOFF.md","Sas-Executar/Programa-Sas","BLOB_HASH_VERIFIED_IN_REVIEW_TREE"
"source_artifact","GAP","BLUEPRINT_CANDIDATE","NON_CANONICAL_SNAPSHOT","CORPUS_DIRECT","COPY","Classificação de destino PROPOSED; rótulos e IDs internos não são alterados. Placeholders vazios não são documentos.","66e5cbc1b9c1346c61bc733fe79e351d43e067bd","main","48db71b13e8108479bcf1961a812c1785140a44f","README.md","100644","500-saas-mvp/03-engineering/code/README.md","Sas-Executar/Maestr-Docs","196","00_input/maestro-migration/01_original/500-saas-mvp/03-engineering/code/README.md","Sas-Executar/Programa-Sas","BLOB_HASH_VERIFIED_IN_REVIEW_TREE"
"source_artifact","GAP","BLUEPRINT_CANDIDATE","NON_CANONICAL_SNAPSHOT","CORPUS_DIRECT","COPY","Classificação de destino PROPOSED; rótulos e IDs internos não são alterados. Placeholders vazios não são documentos.","c8fee962ac2452d52c7cd47eeb1dd06687eb0509","main","48db71b13e8108479bcf1961a812c1785140a44f","DECISIONS.md","100644","500-saas-mvp/04-reference/DECISIONS.md","Sas-Executar/Maestr-Docs","74","00_input/maestro-migration/01_original/500-saas-mvp/04-reference/DECISIONS.md","Sas-Executar/Programa-Sas","BLOB_HASH_VERIFIED_IN_REVIEW_TREE"
"source_artifact","GAP","BLUEPRINT_CANDIDATE","NON_CANONICAL_SNAPSHOT","CORPUS_DIRECT","COPY","Classificação de destino PROPOSED; rótulos e IDs internos não são alterados. Placeholders vazios não são documentos.","c3e1f3dd27c920cd8586fedc97076e7978b8b8b0","main","48db71b13e8108479bcf1961a812c1785140a44f","DESIGN_SOT.md","100644","500-saas-mvp/04-reference/DESIGN_SOT.md","Sas-Executar/Maestr-Docs","125","00_input/maestro-migration/01_original/500-saas-mvp/04-reference/DESIGN_SOT.md","Sas-Executar/Programa-Sas","BLOB_HASH_VERIFIED_IN_REVIEW_TREE"
"source_artifact","GAP","BLUEPRINT_CANDIDATE","NON_CANONICAL_SNAPSHOT","CORPUS_DIRECT","COPY","Classificação de destino PROPOSED; rótulos e IDs internos não são alterados. Placeholders vazios não são documentos.","b057e4513c65ae4c7d6b655349e5056cc4624ecc","main","48db71b13e8108479bcf1961a812c1785140a44f","METHODOLOGIES.md","100644","500-saas-mvp/04-reference/METHODOLOGIES.md","Sas-Executar/Maestr-Docs","66","00_input/maestro-migration/01_original/500-saas-mvp/04-reference/METHODOLOGIES.md","Sas-Executar/Programa-Sas","BLOB_HASH_VERIFIED_IN_REVIEW_TREE"
"source_artifact","GAP","BLUEPRINT_CANDIDATE","NON_CANONICAL_SNAPSHOT","CORPUS_DIRECT","COPY","Classificação de destino PROPOSED; rótulos e IDs internos não são alterados. Placeholders vazios não são documentos.","3b50e098348b3b299221f2d0216ee757eea026af","main","48db71b13e8108479bcf1961a812c1785140a44f","SOURCES.md","100644","500-saas-mvp/04-reference/SOURCES.md","Sas-Executar/Maestr-Docs","97","00_input/maestro-migration/01_original/500-saas-mvp/04-reference/SOURCES.md","Sas-Executar/Programa-Sas","BLOB_HASH_VERIFIED_IN_REVIEW_TREE"
"source_artifact","GAP","BLUEPRINT_CANDIDATE","NON_CANONICAL_SNAPSHOT","CORPUS_DIRECT","COPY","Classificação de destino PROPOSED; rótulos e IDs internos não são alterados. Placeholders vazios não são documentos.","c99653b8efdcd437170401895a3e49c256054e50","main","48db71b13e8108479bcf1961a812c1785140a44f","500-saas-mvp.md","100644","500-saas-mvp/500-saas-mvp.md","Sas-Executar/Maestr-Docs","487","00_input/maestro-migration/01_original/500-saas-mvp/500-saas-mvp.md","Sas-Executar/Programa-Sas","BLOB_HASH_VERIFIED_IN_REVIEW_TREE"
"empty_placeholder","GAP","D05/D06","SOURCE_RETAINED","CORPUS_DIRECT","DO_NOT_MIGRATE","Classificação de destino PROPOSED; rótulos e IDs internos não são alterados. Placeholders vazios não são documentos.","e69de29bb2d1d6434b8b29ae775ad8c2e48c5391","main","48db71b13e8108479bcf1961a812c1785140a44f",".gitkeep","100644","60-dados/00-inbox/.gitkeep","Sas-Executar/Maestr-Docs","0","60-dados/00-inbox/.gitkeep","Sas-Executar/Maestr-Docs","SOURCE_RETAINED"
"empty_placeholder","GAP","D05/D06","SOURCE_RETAINED","CORPUS_DIRECT","DO_NOT_MIGRATE","Classificação de destino PROPOSED; rótulos e IDs internos não são alterados. Placeholders vazios não são documentos.","e69de29bb2d1d6434b8b29ae775ad8c2e48c5391","main","48db71b13e8108479bcf1961a812c1785140a44f",".gitkeep","100644","60-dados/10-raw/01-xls/.gitkeep","Sas-Executar/Maestr-Docs","0","60-dados/10-raw/01-xls/.gitkeep","Sas-Executar/Maestr-Docs","SOURCE_RETAINED"
"empty_placeholder","GAP","D05/D06","SOURCE_RETAINED","CORPUS_DIRECT","DO_NOT_MIGRATE","Classificação de destino PROPOSED; rótulos e IDs internos não são alterados. Placeholders vazios não são documentos.","e69de29bb2d1d6434b8b29ae775ad8c2e48c5391","main","48db71b13e8108479bcf1961a812c1785140a44f",".gitkeep","100644","60-dados/10-raw/02-csv/.gitkeep","Sas-Executar/Maestr-Docs","0","60-dados/10-raw/02-csv/.gitkeep","Sas-Executar/Maestr-Docs","SOURCE_RETAINED"
"empty_placeholder","GAP","D05/D06","SOURCE_RETAINED","CORPUS_DIRECT","DO_NOT_MIGRATE","Classificação de destino PROPOSED; rótulos e IDs internos não são alterados. Placeholders vazios não são documentos.","e69de29bb2d1d6434b8b29ae775ad8c2e48c5391","main","48db71b13e8108479bcf1961a812c1785140a44f",".gitkeep","100644","60-dados/10-raw/03-json/.gitkeep","Sas-Executar/Maestr-Docs","0","60-dados/10-raw/03-json/.gitkeep","Sas-Executar/Maestr-Docs","SOURCE_RETAINED"
"empty_placeholder","GAP","D05/D06","SOURCE_RETAINED","CORPUS_DIRECT","DO_NOT_MIGRATE","Classificação de destino PROPOSED; rótulos e IDs internos não são alterados. Placeholders vazios não são documentos.","e69de29bb2d1d6434b8b29ae775ad8c2e48c5391","main","48db71b13e8108479bcf1961a812c1785140a44f",".gitkeep","100644","60-dados/10-raw/04-docs/.gitkeep","Sas-Executar/Maestr-Docs","0","60-dados/10-raw/04-docs/.gitkeep","Sas-Executar/Maestr-Docs","SOURCE_RETAINED"
"empty_placeholder","GAP","D05/D06","SOURCE_RETAINED","CORPUS_DIRECT","DO_NOT_MIGRATE","Classificação de destino PROPOSED; rótulos e IDs internos não são alterados. Placeholders vazios não são documentos.","e69de29bb2d1d6434b8b29ae775ad8c2e48c5391","main","48db71b13e8108479bcf1961a812c1785140a44f",".gitkeep","100644","60-dados/20-normalized/01-xls/.gitkeep","Sas-Executar/Maestr-Docs","0","60-dados/20-normalized/01-xls/.gitkeep","Sas-Executar/Maestr-Docs","SOURCE_RETAINED"
"empty_placeholder","GAP","D05/D06","SOURCE_RETAINED","CORPUS_DIRECT","DO_NOT_MIGRATE","Classificação de destino PROPOSED; rótulos e IDs internos não são alterados. Placeholders vazios não são documentos.","e69de29bb2d1d6434b8b29ae775ad8c2e48c5391","main","48db71b13e8108479bcf1961a812c1785140a44f",".gitkeep","100644","60-dados/20-normalized/02-csv/.gitkeep","Sas-Executar/Maestr-Docs","0","60-dados/20-normalized/02-csv/.gitkeep","Sas-Executar/Maestr-Docs","SOURCE_RETAINED"
"empty_placeholder","GAP","D05/D06","SOURCE_RETAINED","CORPUS_DIRECT","DO_NOT_MIGRATE","Classificação de destino PROPOSED; rótulos e IDs internos não são alterados. Placeholders vazios não são documentos.","e69de29bb2d1d6434b8b29ae775ad8c2e48c5391","main","48db71b13e8108479bcf1961a812c1785140a44f",".gitkeep","100644","60-dados/20-normalized/03-json/.gitkeep","Sas-Executar/Maestr-Docs","0","60-dados/20-normalized/03-json/.gitkeep","Sas-Executar/Maestr-Docs","SOURCE_RETAINED"
"empty_placeholder","GAP","D05/D06","SOURCE_RETAINED","CORPUS_DIRECT","DO_NOT_MIGRATE","Classificação de destino PROPOSED; rótulos e IDs internos não são alterados. Placeholders vazios não são documentos.","e69de29bb2d1d6434b8b29ae775ad8c2e48c5391","main","48db71b13e8108479bcf1961a812c1785140a44f",".gitkeep","100644","60-dados/30-clean/01-xls/.gitkeep","Sas-Executar/Maestr-Docs","0","60-dados/30-clean/01-xls/.gitkeep","Sas-Executar/Maestr-Docs","SOURCE_RETAINED"
"empty_placeholder","GAP","D05/D06","SOURCE_RETAINED","CORPUS_DIRECT","DO_NOT_MIGRATE","Classificação de destino PROPOSED; rótulos e IDs internos não são alterados. Placeholders vazios não são documentos.","e69de29bb2d1d6434b8b29ae775ad8c2e48c5391","main","48db71b13e8108479bcf1961a812c1785140a44f",".gitkeep","100644","60-dados/30-clean/02-csv/.gitkeep","Sas-Executar/Maestr-Docs","0","60-dados/30-clean/02-csv/.gitkeep","Sas-Executar/Maestr-Docs","SOURCE_RETAINED"
"empty_placeholder","GAP","D05/D06","SOURCE_RETAINED","CORPUS_DIRECT","DO_NOT_MIGRATE","Classificação de destino PROPOSED; rótulos e IDs internos não são alterados. Placeholders vazios não são documentos.","e69de29bb2d1d6434b8b29ae775ad8c2e48c5391","main","48db71b13e8108479bcf1961a812c1785140a44f",".gitkeep","100644","60-dados/30-clean/03-json/.gitkeep","Sas-Executar/Maestr-Docs","0","60-dados/30-clean/03-json/.gitkeep","Sas-Executar/Maestr-Docs","SOURCE_RETAINED"
"empty_placeholder","GAP","D05/D06","SOURCE_RETAINED","CORPUS_DIRECT","DO_NOT_MIGRATE","Classificação de destino PROPOSED; rótulos e IDs internos não são alterados. Placeholders vazios não são documentos.","e69de29bb2d1d6434b8b29ae775ad8c2e48c5391","main","48db71b13e8108479bcf1961a812c1785140a44f",".gitkeep","100644","60-dados/40-canonical/01-json/.gitkeep","Sas-Executar/Maestr-Docs","0","60-dados/40-canonical/01-json/.gitkeep","Sas-Executar/Maestr-Docs","SOURCE_RETAINED"
"empty_placeholder","GAP","D05/D06","SOURCE_RETAINED","CORPUS_DIRECT","DO_NOT_MIGRATE","Classificação de destino PROPOSED; rótulos e IDs internos não são alterados. Placeholders vazios não são documentos.","e69de29bb2d1d6434b8b29ae775ad8c2e48c5391","main","48db71b13e8108479bcf1961a812c1785140a44f",".gitkeep","100644","60-dados/40-canonical/02-schemas/.gitkeep","Sas-Executar/Maestr-Docs","0","60-dados/40-canonical/02-schemas/.gitkeep","Sas-Executar/Maestr-Docs","SOURCE_RETAINED"
"source_artifact","GAP","D05/D06","NON_CANONICAL_SNAPSHOT","CORPUS_DIRECT","COPY","Classificação de destino PROPOSED; rótulos e IDs internos não são alterados. Placeholders vazios não são documentos.","caedbd3fda9b732003d0591a98a83fcfb278412b","main","48db71b13e8108479bcf1961a812c1785140a44f","REGISTRO_DOCUMENTAL_MECE_V1.csv","100644","60-dados/40-canonical/REGISTRO_DOCUMENTAL_MECE_V1.csv","Sas-Executar/Maestr-Docs","195904","00_input/maestro-migration/01_original/60-dados/40-canonical/REGISTRO_DOCUMENTAL_MECE_V1.csv","Sas-Executar/Programa-Sas","BLOB_HASH_VERIFIED_IN_REVIEW_TREE"
"source_artifact","GAP","D05/D06","NON_CANONICAL_SNAPSHOT","CORPUS_DIRECT","COPY","Classificação de destino PROPOSED; rótulos e IDs internos não são alterados. Placeholders vazios não são documentos.","77500360bb812c4d4e79f6f4a32e6189f3881c75","main","48db71b13e8108479bcf1961a812c1785140a44f","STRATEGIC_INSIGHTS_V1.csv","100644","60-dados/40-canonical/STRATEGIC_INSIGHTS_V1.csv","Sas-Executar/Maestr-Docs","163363","00_input/maestro-migration/01_original/60-dados/40-canonical/STRATEGIC_INSIGHTS_V1.csv","Sas-Executar/Programa-Sas","BLOB_HASH_VERIFIED_IN_REVIEW_TREE"
"empty_placeholder","GAP","D05/D06","SOURCE_RETAINED","CORPUS_DIRECT","DO_NOT_MIGRATE","Classificação de destino PROPOSED; rótulos e IDs internos não são alterados. Placeholders vazios não são documentos.","e69de29bb2d1d6434b8b29ae775ad8c2e48c5391","main","48db71b13e8108479bcf1961a812c1785140a44f",".gitkeep","100644","60-dados/50-warehouse/01-json/.gitkeep","Sas-Executar/Maestr-Docs","0","60-dados/50-warehouse/01-json/.gitkeep","Sas-Executar/Maestr-Docs","SOURCE_RETAINED"
"empty_placeholder","GAP","D05/D06","SOURCE_RETAINED","CORPUS_DIRECT","DO_NOT_MIGRATE","Classificação de destino PROPOSED; rótulos e IDs internos não são alterados. Placeholders vazios não são documentos.","e69de29bb2d1d6434b8b29ae775ad8c2e48c5391","main","48db71b13e8108479bcf1961a812c1785140a44f",".gitkeep","100644","60-dados/50-warehouse/02-master-data/.gitkeep","Sas-Executar/Maestr-Docs","0","60-dados/50-warehouse/02-master-data/.gitkeep","Sas-Executar/Maestr-Docs","SOURCE_RETAINED"
"empty_placeholder","GAP","D05/D06","SOURCE_RETAINED","CORPUS_DIRECT","DO_NOT_MIGRATE","Classificação de destino PROPOSED; rótulos e IDs internos não são alterados. Placeholders vazios não são documentos.","e69de29bb2d1d6434b8b29ae775ad8c2e48c5391","main","48db71b13e8108479bcf1961a812c1785140a44f",".gitkeep","100644","60-dados/50-warehouse/03-analytics/.gitkeep","Sas-Executar/Maestr-Docs","0","60-dados/50-warehouse/03-analytics/.gitkeep","Sas-Executar/Maestr-Docs","SOURCE_RETAINED"
"source_artifact","GAP","D05/D06","NON_CANONICAL_SNAPSHOT","CORPUS_DIRECT","COPY","Classificação de destino PROPOSED; rótulos e IDs internos não são alterados. Placeholders vazios não são documentos.","0a2291341846e9221f4fcf061d3f13e491d87b0a","main","48db71b13e8108479bcf1961a812c1785140a44f","60-dados.md","100644","60-dados/60-dados.md","Sas-Executar/Maestr-Docs","247","00_input/maestro-migration/01_original/60-dados/60-dados.md","Sas-Executar/Programa-Sas","BLOB_HASH_VERIFIED_IN_REVIEW_TREE"
"empty_placeholder","GAP","D05/D06","SOURCE_RETAINED","CORPUS_DIRECT","DO_NOT_MIGRATE","Classificação de destino PROPOSED; rótulos e IDs internos não são alterados. Placeholders vazios não são documentos.","e69de29bb2d1d6434b8b29ae775ad8c2e48c5391","main","48db71b13e8108479bcf1961a812c1785140a44f",".gitkeep","100644","60-dados/60-exports/01-csv/.gitkeep","Sas-Executar/Maestr-Docs","0","60-dados/60-exports/01-csv/.gitkeep","Sas-Executar/Maestr-Docs","SOURCE_RETAINED"
"empty_placeholder","GAP","D05/D06","SOURCE_RETAINED","CORPUS_DIRECT","DO_NOT_MIGRATE","Classificação de destino PROPOSED; rótulos e IDs internos não são alterados. Placeholders vazios não são documentos.","e69de29bb2d1d6434b8b29ae775ad8c2e48c5391","main","48db71b13e8108479bcf1961a812c1785140a44f",".gitkeep","100644","60-dados/60-exports/02-xlsx/.gitkeep","Sas-Executar/Maestr-Docs","0","60-dados/60-exports/02-xlsx/.gitkeep","Sas-Executar/Maestr-Docs","SOURCE_RETAINED"
"empty_placeholder","GAP","D05/D06","SOURCE_RETAINED","CORPUS_DIRECT","DO_NOT_MIGRATE","Classificação de destino PROPOSED; rótulos e IDs internos não são alterados. Placeholders vazios não são documentos.","e69de29bb2d1d6434b8b29ae775ad8c2e48c5391","main","48db71b13e8108479bcf1961a812c1785140a44f",".gitkeep","100644","60-dados/60-exports/03-json/.gitkeep","Sas-Executar/Maestr-Docs","0","60-dados/60-exports/03-json/.gitkeep","Sas-Executar/Maestr-Docs","SOURCE_RETAINED"
"empty_placeholder","GAP","D05/D06","SOURCE_RETAINED","CORPUS_DIRECT","DO_NOT_MIGRATE","Classificação de destino PROPOSED; rótulos e IDs internos não são alterados. Placeholders vazios não são documentos.","e69de29bb2d1d6434b8b29ae775ad8c2e48c5391","main","48db71b13e8108479bcf1961a812c1785140a44f",".gitkeep","100644","60-dados/60-exports/04-pdf/.gitkeep","Sas-Executar/Maestr-Docs","0","60-dados/60-exports/04-pdf/.gitkeep","Sas-Executar/Maestr-Docs","SOURCE_RETAINED"
"source_artifact","GAP","D05/D06","NON_CANONICAL_SNAPSHOT","CORPUS_DIRECT","COPY","Classificação de destino PROPOSED; rótulos e IDs internos não são alterados. Placeholders vazios não são documentos.","89540f34ac8c50048040b3ebb9b96b34217c53f4","main","48db71b13e8108479bcf1961a812c1785140a44f","ESTADO_CONSOLIDADO_ECOSSISTEMA_EXECUTAR.yaml","100644","60-dados/60-exports/ESTADO_CONSOLIDADO_ECOSSISTEMA_EXECUTAR.yaml","Sas-Executar/Maestr-Docs","1319348","00_input/maestro-migration/01_original/60-dados/60-exports/ESTADO_CONSOLIDADO_ECOSSISTEMA_EXECUTAR.yaml","Sas-Executar/Programa-Sas","BLOB_HASH_VERIFIED_IN_REVIEW_TREE"
"source_artifact","GAP","D05/D06","NON_CANONICAL_SNAPSHOT","CORPUS_DIRECT","COPY","Classificação de destino PROPOSED; rótulos e IDs internos não são alterados. Placeholders vazios não são documentos.","1df7e4bb1709ddd80d836a0c4c77f42762f3d645","main","48db71b13e8108479bcf1961a812c1785140a44f","README.md","100644","60-dados/60-exports/README.md","Sas-Executar/Maestr-Docs","3020","00_input/maestro-migration/01_original/60-dados/60-exports/README.md","Sas-Executar/Programa-Sas","BLOB_HASH_VERIFIED_IN_REVIEW_TREE"
"source_artifact","GAP","D05/D06","NON_CANONICAL_SNAPSHOT","CORPUS_DIRECT","COPY","Classificação de destino PROPOSED; rótulos e IDs internos não são alterados. Placeholders vazios não são documentos.","0e9ba9c37fe96b9842f33c4383eb98bd0734f8e1","main","48db71b13e8108479bcf1961a812c1785140a44f","WORKBOOK_ECOSSISTEMA_EXECUTAR.json","100644","60-dados/60-exports/WORKBOOK_ECOSSISTEMA_EXECUTAR.json","Sas-Executar/Maestr-Docs","1202658","00_input/maestro-migration/01_original/60-dados/60-exports/WORKBOOK_ECOSSISTEMA_EXECUTAR.json","Sas-Executar/Programa-Sas","BLOB_HASH_VERIFIED_IN_REVIEW_TREE"
"source_artifact","GAP","D05/D06","NON_CANONICAL_SNAPSHOT","CORPUS_DIRECT","COPY","Classificação de destino PROPOSED; rótulos e IDs internos não são alterados. Placeholders vazios não são documentos.","b5f2795e6585efaa65e43d1f94c7ec137147abce","main","48db71b13e8108479bcf1961a812c1785140a44f","WORKBOOK_ECOSSISTEMA_EXECUTAR.yaml","100644","60-dados/60-exports/WORKBOOK_ECOSSISTEMA_EXECUTAR.yaml","Sas-Executar/Maestr-Docs","1054794","00_input/maestro-migration/01_original/60-dados/60-exports/WORKBOOK_ECOSSISTEMA_EXECUTAR.yaml","Sas-Executar/Programa-Sas","BLOB_HASH_VERIFIED_IN_REVIEW_TREE"
"source_artifact","GAP","D05/D06","NON_CANONICAL_SNAPSHOT","CORPUS_DIRECT","COPY","Classificação de destino PROPOSED; rótulos e IDs internos não são alterados. Placeholders vazios não são documentos.","c211a49d9ba5c337eb5d56833c1cedc666fda4ad","main","48db71b13e8108479bcf1961a812c1785140a44f","WORKBOOK_FORMULARIO.csv","100644","60-dados/60-exports/WORKBOOK_FORMULARIO.csv","Sas-Executar/Maestr-Docs","84504","00_input/maestro-migration/01_original/60-dados/60-exports/WORKBOOK_FORMULARIO.csv","Sas-Executar/Programa-Sas","BLOB_HASH_VERIFIED_IN_REVIEW_TREE"
"source_artifact","GAP","D05/D06","NON_CANONICAL_SNAPSHOT","CORPUS_DIRECT","COPY","Classificação de destino PROPOSED; rótulos e IDs internos não são alterados. Placeholders vazios não são documentos.","7a974a5308edc3ef82495927524e40481872fd21","main","48db71b13e8108479bcf1961a812c1785140a44f","WORKBOOK_PMBOK8_ECOSSISTEMA_EXECUTAR.xlsx","100644","60-dados/60-exports/WORKBOOK_PMBOK8_ECOSSISTEMA_EXECUTAR.xlsx","Sas-Executar/Maestr-Docs","316475","00_input/maestro-migration/01_original/60-dados/60-exports/WORKBOOK_PMBOK8_ECOSSISTEMA_EXECUTAR.xlsx","Sas-Executar/Programa-Sas","BLOB_HASH_VERIFIED_IN_REVIEW_TREE"
"empty_placeholder","GAP","D05/D06","SOURCE_RETAINED","CORPUS_DIRECT","DO_NOT_MIGRATE","Classificação de destino PROPOSED; rótulos e IDs internos não são alterados. Placeholders vazios não são documentos.","e69de29bb2d1d6434b8b29ae775ad8c2e48c5391","main","48db71b13e8108479bcf1961a812c1785140a44f",".gitkeep","100644","60-dados/70-schemas/01-json-schema/.gitkeep","Sas-Executar/Maestr-Docs","0","60-dados/70-schemas/01-json-schema/.gitkeep","Sas-Executar/Maestr-Docs","SOURCE_RETAINED"
"empty_placeholder","GAP","D05/D06","SOURCE_RETAINED","CORPUS_DIRECT","DO_NOT_MIGRATE","Classificação de destino PROPOSED; rótulos e IDs internos não são alterados. Placeholders vazios não são documentos.","e69de29bb2d1d6434b8b29ae775ad8c2e48c5391","main","48db71b13e8108479bcf1961a812c1785140a44f",".gitkeep","100644","60-dados/70-schemas/02-data-dictionary/.gitkeep","Sas-Executar/Maestr-Docs","0","60-dados/70-schemas/02-data-dictionary/.gitkeep","Sas-Executar/Maestr-Docs","SOURCE_RETAINED"
"empty_placeholder","GAP","EVIDENCE","SOURCE_RETAINED","CORPUS_DIRECT","DO_NOT_MIGRATE","Classificação de destino PROPOSED; rótulos e IDs internos não são alterados. Placeholders vazios não são documentos.","e69de29bb2d1d6434b8b29ae775ad8c2e48c5391","main","48db71b13e8108479bcf1961a812c1785140a44f",".gitkeep","100644","60-dados/90-evidence/.gitkeep","Sas-Executar/Maestr-Docs","0","60-dados/90-evidence/.gitkeep","Sas-Executar/Maestr-Docs","SOURCE_RETAINED"
"source_artifact","GAP","EVIDENCE","NON_CANONICAL_SNAPSHOT","CORPUS_DIRECT","COPY","Classificação de destino PROPOSED; rótulos e IDs internos não são alterados. Placeholders vazios não são documentos.","eee8e07f5b05eca4ceb01474e49dff6f5c57efe0","main","48db71b13e8108479bcf1961a812c1785140a44f","OUT-54_EVIDENCE_REGISTER.csv","100644","60-dados/90-evidence/OUT-54_EVIDENCE_REGISTER.csv","Sas-Executar/Maestr-Docs","372557","00_input/maestro-migration/01_original/60-dados/90-evidence/OUT-54_EVIDENCE_REGISTER.csv","Sas-Executar/Programa-Sas","BLOB_HASH_VERIFIED_IN_REVIEW_TREE"
"source_artifact","GAP","EVIDENCE","NON_CANONICAL_SNAPSHOT","CORPUS_DIRECT","COPY","Classificação de destino PROPOSED; rótulos e IDs internos não são alterados. Placeholders vazios não são documentos.","01d274ff31acf221433a44b24cdbb457bbecbd1f","main","48db71b13e8108479bcf1961a812c1785140a44f","OUT-55_HYPOTHESIS_REGISTER.csv","100644","60-dados/90-evidence/OUT-55_HYPOTHESIS_REGISTER.csv","Sas-Executar/Maestr-Docs","5552","00_input/maestro-migration/01_original/60-dados/90-evidence/OUT-55_HYPOTHESIS_REGISTER.csv","Sas-Executar/Programa-Sas","BLOB_HASH_VERIFIED_IN_REVIEW_TREE"
"source_artifact","GAP","EVIDENCE","NON_CANONICAL_SNAPSHOT","CORPUS_DIRECT","COPY","Classificação de destino PROPOSED; rótulos e IDs internos não são alterados. Placeholders vazios não são documentos.","d75eb2edbf1bbc828139d81d287b447144f3c279","main","48db71b13e8108479bcf1961a812c1785140a44f","OUT-56_DECISION_LOG.csv","100644","60-dados/90-evidence/OUT-56_DECISION_LOG.csv","Sas-Executar/Maestr-Docs","17872","00_input/maestro-migration/01_original/60-dados/90-evidence/OUT-56_DECISION_LOG.csv","Sas-Executar/Programa-Sas","BLOB_HASH_VERIFIED_IN_REVIEW_TREE"
"source_artifact","GAP","EVIDENCE","NON_CANONICAL_SNAPSHOT","CORPUS_DIRECT","COPY","Classificação de destino PROPOSED; rótulos e IDs internos não são alterados. Placeholders vazios não são documentos.","70b586e01cb629eac64d67bd2a91ca10698d2554","main","48db71b13e8108479bcf1961a812c1785140a44f","OUT-57_RISK_REGISTER.csv","100644","60-dados/90-evidence/OUT-57_RISK_REGISTER.csv","Sas-Executar/Maestr-Docs","111111","00_input/maestro-migration/01_original/60-dados/90-evidence/OUT-57_RISK_REGISTER.csv","Sas-Executar/Programa-Sas","BLOB_HASH_VERIFIED_IN_REVIEW_TREE"
"source_artifact","GAP","EVIDENCE","NON_CANONICAL_SNAPSHOT","CORPUS_DIRECT","COPY","Classificação de destino PROPOSED; rótulos e IDs internos não são alterados. Placeholders vazios não são documentos.","0b9d1d9b7b1c2bcc639bf15a0030bc8e94491885","main","48db71b13e8108479bcf1961a812c1785140a44f","OUT-58_GAP_REGISTER.csv","100644","60-dados/90-evidence/OUT-58_GAP_REGISTER.csv","Sas-Executar/Maestr-Docs","24675","00_input/maestro-migration/01_original/60-dados/90-evidence/OUT-58_GAP_REGISTER.csv","Sas-Executar/Programa-Sas","BLOB_HASH_VERIFIED_IN_REVIEW_TREE"
"source_artifact","GAP","EVIDENCE","NON_CANONICAL_SNAPSHOT","CORPUS_DIRECT","COPY","Classificação de destino PROPOSED; rótulos e IDs internos não são alterados. Placeholders vazios não são documentos.","a463e18c92e30f01137e4c475d3c8718227705bb","main","48db71b13e8108479bcf1961a812c1785140a44f","OUT-59_SOURCE_REGISTER.csv","100644","60-dados/90-evidence/OUT-59_SOURCE_REGISTER.csv","Sas-Executar/Maestr-Docs","26096","00_input/maestro-migration/01_original/60-dados/90-evidence/OUT-59_SOURCE_REGISTER.csv","Sas-Executar/Programa-Sas","BLOB_HASH_VERIFIED_IN_REVIEW_TREE"
"empty_placeholder","GAP","D07/D08","SOURCE_RETAINED","CORPUS_DIRECT","DO_NOT_MIGRATE","Classificação de destino PROPOSED; rótulos e IDs internos não são alterados. Placeholders vazios não são documentos.","e69de29bb2d1d6434b8b29ae775ad8c2e48c5391","main","48db71b13e8108479bcf1961a812c1785140a44f",".gitkeep","100644","70-operacao-governanca/01-planos-acao/.gitkeep","Sas-Executar/Maestr-Docs","0","70-operacao-governanca/01-planos-acao/.gitkeep","Sas-Executar/Maestr-Docs","SOURCE_RETAINED"
"source_artifact","GAP","D07/D08","NON_CANONICAL_SNAPSHOT","CORPUS_DIRECT","COPY","Classificação de destino PROPOSED; rótulos e IDs internos não são alterados. Placeholders vazios não são documentos.","7dd8c4ee2d07dd162fa81398a79f5d104792857a","main","48db71b13e8108479bcf1961a812c1785140a44f","PLANO_LANCAMENTO_ECOSSISTEMA.md","100644","70-operacao-governanca/01-planos-acao/PLANO_LANCAMENTO_ECOSSISTEMA.md","Sas-Executar/Maestr-Docs","5227","00_input/maestro-migration/01_original/70-operacao-governanca/01-planos-acao/PLANO_LANCAMENTO_ECOSSISTEMA.md","Sas-Executar/Programa-Sas","BLOB_HASH_VERIFIED_IN_REVIEW_TREE"
"empty_placeholder","GAP","D07/D08","SOURCE_RETAINED","CORPUS_DIRECT","DO_NOT_MIGRATE","Classificação de destino PROPOSED; rótulos e IDs internos não são alterados. Placeholders vazios não são documentos.","e69de29bb2d1d6434b8b29ae775ad8c2e48c5391","main","48db71b13e8108479bcf1961a812c1785140a44f",".gitkeep","100644","70-operacao-governanca/02-workflows/.gitkeep","Sas-Executar/Maestr-Docs","0","70-operacao-governanca/02-workflows/.gitkeep","Sas-Executar/Maestr-Docs","SOURCE_RETAINED"
"source_artifact","GAP","D07/D08","NON_CANONICAL_SNAPSHOT","CORPUS_DIRECT","COPY","Classificação de destino PROPOSED; rótulos e IDs internos não são alterados. Placeholders vazios não são documentos.","6b2d84975bbf9fcde0823e8eb345cf50cdaec6da","main","48db71b13e8108479bcf1961a812c1785140a44f","PMBOK8_FUNDAMENTOS_ORDEM_MENTAL.md","100644","70-operacao-governanca/02-workflows/PMBOK8_FUNDAMENTOS_ORDEM_MENTAL.md","Sas-Executar/Maestr-Docs","10872","00_input/maestro-migration/01_original/70-operacao-governanca/02-workflows/PMBOK8_FUNDAMENTOS_ORDEM_MENTAL.md","Sas-Executar/Programa-Sas","BLOB_HASH_VERIFIED_IN_REVIEW_TREE"
"empty_placeholder","GAP","D07/D08","SOURCE_RETAINED","CORPUS_DIRECT","DO_NOT_MIGRATE","Classificação de destino PROPOSED; rótulos e IDs internos não são alterados. Placeholders vazios não são documentos.","e69de29bb2d1d6434b8b29ae775ad8c2e48c5391","main","48db71b13e8108479bcf1961a812c1785140a44f",".gitkeep","100644","70-operacao-governanca/03-tasks/.gitkeep","Sas-Executar/Maestr-Docs","0","70-operacao-governanca/03-tasks/.gitkeep","Sas-Executar/Maestr-Docs","SOURCE_RETAINED"
"empty_placeholder","GAP","D07/D08","SOURCE_RETAINED","CORPUS_DIRECT","DO_NOT_MIGRATE","Classificação de destino PROPOSED; rótulos e IDs internos não são alterados. Placeholders vazios não são documentos.","e69de29bb2d1d6434b8b29ae775ad8c2e48c5391","main","48db71b13e8108479bcf1961a812c1785140a44f",".gitkeep","100644","70-operacao-governanca/04-bloqueantes/.gitkeep","Sas-Executar/Maestr-Docs","0","70-operacao-governanca/04-bloqueantes/.gitkeep","Sas-Executar/Maestr-Docs","SOURCE_RETAINED"
"empty_placeholder","GAP","D07/D08","SOURCE_RETAINED","CORPUS_DIRECT","DO_NOT_MIGRATE","Classificação de destino PROPOSED; rótulos e IDs internos não são alterados. Placeholders vazios não são documentos.","e69de29bb2d1d6434b8b29ae775ad8c2e48c5391","main","48db71b13e8108479bcf1961a812c1785140a44f",".gitkeep","100644","70-operacao-governanca/05-cronogramas/.gitkeep","Sas-Executar/Maestr-Docs","0","70-operacao-governanca/05-cronogramas/.gitkeep","Sas-Executar/Maestr-Docs","SOURCE_RETAINED"
"empty_placeholder","GAP","D07/D08","SOURCE_RETAINED","CORPUS_DIRECT","DO_NOT_MIGRATE","Classificação de destino PROPOSED; rótulos e IDs internos não são alterados. Placeholders vazios não são documentos.","e69de29bb2d1d6434b8b29ae775ad8c2e48c5391","main","48db71b13e8108479bcf1961a812c1785140a44f",".gitkeep","100644","70-operacao-governanca/06-decisoes/.gitkeep","Sas-Executar/Maestr-Docs","0","70-operacao-governanca/06-decisoes/.gitkeep","Sas-Executar/Maestr-Docs","SOURCE_RETAINED"
"empty_placeholder","GAP","D07/D08","SOURCE_RETAINED","CORPUS_DIRECT","DO_NOT_MIGRATE","Classificação de destino PROPOSED; rótulos e IDs internos não são alterados. Placeholders vazios não são documentos.","e69de29bb2d1d6434b8b29ae775ad8c2e48c5391","main","48db71b13e8108479bcf1961a812c1785140a44f",".gitkeep","100644","70-operacao-governanca/07-riscos/.gitkeep","Sas-Executar/Maestr-Docs","0","70-operacao-governanca/07-riscos/.gitkeep","Sas-Executar/Maestr-Docs","SOURCE_RETAINED"
"empty_placeholder","GAP","D07/D08","SOURCE_RETAINED","CORPUS_DIRECT","DO_NOT_MIGRATE","Classificação de destino PROPOSED; rótulos e IDs internos não são alterados. Placeholders vazios não são documentos.","e69de29bb2d1d6434b8b29ae775ad8c2e48c5391","main","48db71b13e8108479bcf1961a812c1785140a44f",".gitkeep","100644","70-operacao-governanca/08-stakeholders/.gitkeep","Sas-Executar/Maestr-Docs","0","70-operacao-governanca/08-stakeholders/.gitkeep","Sas-Executar/Maestr-Docs","SOURCE_RETAINED"
"empty_placeholder","GAP","D07/D08","SOURCE_RETAINED","CORPUS_DIRECT","DO_NOT_MIGRATE","Classificação de destino PROPOSED; rótulos e IDs internos não são alterados. Placeholders vazios não são documentos.","e69de29bb2d1d6434b8b29ae775ad8c2e48c5391","main","48db71b13e8108479bcf1961a812c1785140a44f",".gitkeep","100644","70-operacao-governanca/09-evidence/.gitkeep","Sas-Executar/Maestr-Docs","0","70-operacao-governanca/09-evidence/.gitkeep","Sas-Executar/Maestr-Docs","SOURCE_RETAINED"
"empty_placeholder","GAP","D07/D08","SOURCE_RETAINED","CORPUS_DIRECT","DO_NOT_MIGRATE","Classificação de destino PROPOSED; rótulos e IDs internos não são alterados. Placeholders vazios não são documentos.","e69de29bb2d1d6434b8b29ae775ad8c2e48c5391","main","48db71b13e8108479bcf1961a812c1785140a44f",".gitkeep","100644","70-operacao-governanca/10-sops/.gitkeep","Sas-Executar/Maestr-Docs","0","70-operacao-governanca/10-sops/.gitkeep","Sas-Executar/Maestr-Docs","SOURCE_RETAINED"
"source_artifact","GAP","D07/D08","NON_CANONICAL_SNAPSHOT","CORPUS_DIRECT","COPY","Classificação de destino PROPOSED; rótulos e IDs internos não são alterados. Placeholders vazios não são documentos.","272677a80a3172093bb581cae81599c392ca2f46","main","48db71b13e8108479bcf1961a812c1785140a44f","70-operacao-governanca.md","100644","70-operacao-governanca/70-operacao-governanca.md","Sas-Executar/Maestr-Docs","285","00_input/maestro-migration/01_original/70-operacao-governanca/70-operacao-governanca.md","Sas-Executar/Programa-Sas","BLOB_HASH_VERIFIED_IN_REVIEW_TREE"
"empty_placeholder","GAP","GAP","SOURCE_RETAINED","CORPUS_DIRECT","DO_NOT_MIGRATE","Classificação de destino PROPOSED; rótulos e IDs internos não são alterados. Placeholders vazios não são documentos.","e69de29bb2d1d6434b8b29ae775ad8c2e48c5391","main","48db71b13e8108479bcf1961a812c1785140a44f",".gitkeep","100644","80-tecnologia-plataformas/01-github/01-repos/.gitkeep","Sas-Executar/Maestr-Docs","0","80-tecnologia-plataformas/01-github/01-repos/.gitkeep","Sas-Executar/Maestr-Docs","SOURCE_RETAINED"
"empty_placeholder","GAP","GAP","SOURCE_RETAINED","CORPUS_DIRECT","DO_NOT_MIGRATE","Classificação de destino PROPOSED; rótulos e IDs internos não são alterados. Placeholders vazios não são documentos.","e69de29bb2d1d6434b8b29ae775ad8c2e48c5391","main","48db71b13e8108479bcf1961a812c1785140a44f",".gitkeep","100644","80-tecnologia-plataformas/01-github/02-docs/.gitkeep","Sas-Executar/Maestr-Docs","0","80-tecnologia-plataformas/01-github/02-docs/.gitkeep","Sas-Executar/Maestr-Docs","SOURCE_RETAINED"
"empty_placeholder","GAP","GAP","SOURCE_RETAINED","CORPUS_DIRECT","DO_NOT_MIGRATE","Classificação de destino PROPOSED; rótulos e IDs internos não são alterados. Placeholders vazios não são documentos.","e69de29bb2d1d6434b8b29ae775ad8c2e48c5391","main","48db71b13e8108479bcf1961a812c1785140a44f",".gitkeep","100644","80-tecnologia-plataformas/01-github/03-automation/.gitkeep","Sas-Executar/Maestr-Docs","0","80-tecnologia-plataformas/01-github/03-automation/.gitkeep","Sas-Executar/Maestr-Docs","SOURCE_RETAINED"
"empty_placeholder","GAP","GAP","SOURCE_RETAINED","CORPUS_DIRECT","DO_NOT_MIGRATE","Classificação de destino PROPOSED; rótulos e IDs internos não são alterados. Placeholders vazios não são documentos.","e69de29bb2d1d6434b8b29ae775ad8c2e48c5391","main","48db71b13e8108479bcf1961a812c1785140a44f",".gitkeep","100644","80-tecnologia-plataformas/02-google-drive/01-maps/.gitkeep","Sas-Executar/Maestr-Docs","0","80-tecnologia-plataformas/02-google-drive/01-maps/.gitkeep","Sas-Executar/Maestr-Docs","SOURCE_RETAINED"
"empty_placeholder","GAP","GAP","SOURCE_RETAINED","CORPUS_DIRECT","DO_NOT_MIGRATE","Classificação de destino PROPOSED; rótulos e IDs internos não são alterados. Placeholders vazios não são documentos.","e69de29bb2d1d6434b8b29ae775ad8c2e48c5391","main","48db71b13e8108479bcf1961a812c1785140a44f",".gitkeep","100644","80-tecnologia-plataformas/02-google-drive/02-shortcuts/.gitkeep","Sas-Executar/Maestr-Docs","0","80-tecnologia-plataformas/02-google-drive/02-shortcuts/.gitkeep","Sas-Executar/Maestr-Docs","SOURCE_RETAINED"
"empty_placeholder","GAP","GAP","SOURCE_RETAINED","CORPUS_DIRECT","DO_NOT_MIGRATE","Classificação de destino PROPOSED; rótulos e IDs internos não são alterados. Placeholders vazios não são documentos.","e69de29bb2d1d6434b8b29ae775ad8c2e48c5391","main","48db71b13e8108479bcf1961a812c1785140a44f",".gitkeep","100644","80-tecnologia-plataformas/03-google-docs/01-templates/.gitkeep","Sas-Executar/Maestr-Docs","0","80-tecnologia-plataformas/03-google-docs/01-templates/.gitkeep","Sas-Executar/Maestr-Docs","SOURCE_RETAINED"
"empty_placeholder","GAP","GAP","SOURCE_RETAINED","CORPUS_DIRECT","DO_NOT_MIGRATE","Classificação de destino PROPOSED; rótulos e IDs internos não são alterados. Placeholders vazios não são documentos.","e69de29bb2d1d6434b8b29ae775ad8c2e48c5391","main","48db71b13e8108479bcf1961a812c1785140a44f",".gitkeep","100644","80-tecnologia-plataformas/03-google-docs/02-shortcuts/.gitkeep","Sas-Executar/Maestr-Docs","0","80-tecnologia-plataformas/03-google-docs/02-shortcuts/.gitkeep","Sas-Executar/Maestr-Docs","SOURCE_RETAINED"
"empty_placeholder","GAP","GAP","SOURCE_RETAINED","CORPUS_DIRECT","DO_NOT_MIGRATE","Classificação de destino PROPOSED; rótulos e IDs internos não são alterados. Placeholders vazios não são documentos.","e69de29bb2d1d6434b8b29ae775ad8c2e48c5391","main","48db71b13e8108479bcf1961a812c1785140a44f",".gitkeep","100644","80-tecnologia-plataformas/04-obsidian/01-vault-map/.gitkeep","Sas-Executar/Maestr-Docs","0","80-tecnologia-plataformas/04-obsidian/01-vault-map/.gitkeep","Sas-Executar/Maestr-Docs","SOURCE_RETAINED"
"empty_placeholder","GAP","GAP","SOURCE_RETAINED","CORPUS_DIRECT","DO_NOT_MIGRATE","Classificação de destino PROPOSED; rótulos e IDs internos não são alterados. Placeholders vazios não são documentos.","e69de29bb2d1d6434b8b29ae775ad8c2e48c5391","main","48db71b13e8108479bcf1961a812c1785140a44f",".gitkeep","100644","80-tecnologia-plataformas/04-obsidian/02-templates/.gitkeep","Sas-Executar/Maestr-Docs","0","80-tecnologia-plataformas/04-obsidian/02-templates/.gitkeep","Sas-Executar/Maestr-Docs","SOURCE_RETAINED"
"empty_placeholder","GAP","GAP","SOURCE_RETAINED","CORPUS_DIRECT","DO_NOT_MIGRATE","Classificação de destino PROPOSED; rótulos e IDs internos não são alterados. Placeholders vazios não são documentos.","e69de29bb2d1d6434b8b29ae775ad8c2e48c5391","main","48db71b13e8108479bcf1961a812c1785140a44f",".gitkeep","100644","80-tecnologia-plataformas/04-obsidian/03-panels/.gitkeep","Sas-Executar/Maestr-Docs","0","80-tecnologia-plataformas/04-obsidian/03-panels/.gitkeep","Sas-Executar/Maestr-Docs","SOURCE_RETAINED"
"empty_placeholder","GAP","MAESTRO","SOURCE_RETAINED","CORPUS_DIRECT","KEEP","Classificação de destino PROPOSED; rótulos e IDs internos não são alterados. Placeholders vazios não são documentos.","e69de29bb2d1d6434b8b29ae775ad8c2e48c5391","main","48db71b13e8108479bcf1961a812c1785140a44f",".gitkeep","100644","80-tecnologia-plataformas/05-gpt/01-prompts/.gitkeep","Sas-Executar/Maestr-Docs","0","80-tecnologia-plataformas/05-gpt/01-prompts/.gitkeep","Sas-Executar/Maestr-Docs","SOURCE_RETAINED"
"source_artifact","GAP","MAESTRO","SOURCE_RETAINED","CORPUS_DIRECT","KEEP","Classificação de destino PROPOSED; rótulos e IDs internos não são alterados. Placeholders vazios não são documentos.","99497d7bfa72a9d280283dedc8d966ba21b69a8d","main","48db71b13e8108479bcf1961a812c1785140a44f","README.md","100644","80-tecnologia-plataformas/05-gpt/02-agents/README.md","Sas-Executar/Maestr-Docs","56","80-tecnologia-plataformas/05-gpt/02-agents/README.md","Sas-Executar/Maestr-Docs","SOURCE_RETAINED"
"source_artifact","GAP","MAESTRO","SOURCE_RETAINED","CORPUS_DIRECT","KEEP","Classificação de destino PROPOSED; rótulos e IDs internos não são alterados. Placeholders vazios não são documentos.","3e3b46133d684e884fa2801acaaabfd089067ca4","main","48db71b13e8108479bcf1961a812c1785140a44f","AGENT_MAESTRO.md","100644","80-tecnologia-plataformas/05-gpt/02-agents/maestro/AGENT_MAESTRO.md","Sas-Executar/Maestr-Docs","2428","80-tecnologia-plataformas/05-gpt/02-agents/maestro/AGENT_MAESTRO.md","Sas-Executar/Maestr-Docs","SOURCE_RETAINED"
"source_artifact","GAP","MAESTRO","SOURCE_RETAINED","CORPUS_DIRECT","KEEP","Classificação de destino PROPOSED; rótulos e IDs internos não são alterados. Placeholders vazios não são documentos.","1941a81f7cd7756b86e575ff7ecf0b0a26d0da44","main","48db71b13e8108479bcf1961a812c1785140a44f","PORTABILITY.md","100644","80-tecnologia-plataformas/05-gpt/02-agents/maestro/PORTABILITY.md","Sas-Executar/Maestr-Docs","197","80-tecnologia-plataformas/05-gpt/02-agents/maestro/PORTABILITY.md","Sas-Executar/Maestr-Docs","SOURCE_RETAINED"
"source_artifact","GAP","MAESTRO","SOURCE_RETAINED","CORPUS_DIRECT","KEEP","Classificação de destino PROPOSED; rótulos e IDs internos não são alterados. Placeholders vazios não são documentos.","be40e28597982f3f06afb6fe6296f531448f0b92","main","48db71b13e8108479bcf1961a812c1785140a44f","OUTPUT.md","100644","80-tecnologia-plataformas/05-gpt/02-agents/maestro/config/OUTPUT.md","Sas-Executar/Maestr-Docs","142","80-tecnologia-plataformas/05-gpt/02-agents/maestro/config/OUTPUT.md","Sas-Executar/Maestr-Docs","SOURCE_RETAINED"
"source_artifact","GAP","MAESTRO","SOURCE_RETAINED","CORPUS_DIRECT","KEEP","Classificação de destino PROPOSED; rótulos e IDs internos não são alterados. Placeholders vazios não são documentos.","441b428b041bf0b8be964b69d5559eeb41b362da","main","48db71b13e8108479bcf1961a812c1785140a44f","POLICY.yaml","100644","80-tecnologia-plataformas/05-gpt/02-agents/maestro/config/POLICY.yaml","Sas-Executar/Maestr-Docs","406","80-tecnologia-plataformas/05-gpt/02-agents/maestro/config/POLICY.yaml","Sas-Executar/Maestr-Docs","SOURCE_RETAINED"
"source_artifact","GAP","MAESTRO","SOURCE_RETAINED","CORPUS_DIRECT","KEEP","Classificação de destino PROPOSED; rótulos e IDs internos não são alterados. Placeholders vazios não são documentos.","680f1e4a810c6dd9a7f62e2c36a8d534dbdda700","main","48db71b13e8108479bcf1961a812c1785140a44f","PROVENANCE.md","100644","80-tecnologia-plataformas/05-gpt/02-agents/maestro/config/PROVENANCE.md","Sas-Executar/Maestr-Docs","225","80-tecnologia-plataformas/05-gpt/02-agents/maestro/config/PROVENANCE.md","Sas-Executar/Maestr-Docs","SOURCE_RETAINED"
"source_artifact","GAP","MAESTRO","SOURCE_RETAINED","CORPUS_DIRECT","KEEP","Classificação de destino PROPOSED; rótulos e IDs internos não são alterados. Placeholders vazios não são documentos.","ff6882864e72379a82a0af654f4ea5c80e23cbc6","main","48db71b13e8108479bcf1961a812c1785140a44f","ROUTING.md","100644","80-tecnologia-plataformas/05-gpt/02-agents/maestro/config/ROUTING.md","Sas-Executar/Maestr-Docs","487","80-tecnologia-plataformas/05-gpt/02-agents/maestro/config/ROUTING.md","Sas-Executar/Maestr-Docs","SOURCE_RETAINED"
"empty_placeholder","GAP","MAESTRO","SOURCE_RETAINED","CORPUS_DIRECT","KEEP","Classificação de destino PROPOSED; rótulos e IDs internos não são alterados. Placeholders vazios não são documentos.","e69de29bb2d1d6434b8b29ae775ad8c2e48c5391","main","48db71b13e8108479bcf1961a812c1785140a44f","__init__.py","100644","80-tecnologia-plataformas/05-gpt/02-agents/maestro/orchestrator/__init__.py","Sas-Executar/Maestr-Docs","0","80-tecnologia-plataformas/05-gpt/02-agents/maestro/orchestrator/__init__.py","Sas-Executar/Maestr-Docs","SOURCE_RETAINED"
"source_artifact","GAP","MAESTRO","SOURCE_RETAINED","CORPUS_DIRECT","KEEP","Classificação de destino PROPOSED; rótulos e IDs internos não são alterados. Placeholders vazios não são documentos.","baaaa2b8eba51b52a246d4aae49445028db059e7","main","48db71b13e8108479bcf1961a812c1785140a44f","maestro.py","100644","80-tecnologia-plataformas/05-gpt/02-agents/maestro/orchestrator/maestro.py","Sas-Executar/Maestr-Docs","550","80-tecnologia-plataformas/05-gpt/02-agents/maestro/orchestrator/maestro.py","Sas-Executar/Maestr-Docs","SOURCE_RETAINED"
"source_artifact","GAP","MAESTRO","SOURCE_RETAINED","CORPUS_DIRECT","KEEP","Classificação de destino PROPOSED; rótulos e IDs internos não são alterados. Placeholders vazios não são documentos.","2a4c083227ad5275113ac8a6102fdadc86fa255a","main","48db71b13e8108479bcf1961a812c1785140a44f","registry.py","100644","80-tecnologia-plataformas/05-gpt/02-agents/maestro/orchestrator/registry.py","Sas-Executar/Maestr-Docs","523","80-tecnologia-plataformas/05-gpt/02-agents/maestro/orchestrator/registry.py","Sas-Executar/Maestr-Docs","SOURCE_RETAINED"
"source_artifact","GAP","MAESTRO","SOURCE_RETAINED","CORPUS_DIRECT","KEEP","Classificação de destino PROPOSED; rótulos e IDs internos não são alterados. Placeholders vazios não são documentos.","4570d9ccd16e3b18d9bdff6a35284ccfd0d2fb55","main","48db71b13e8108479bcf1961a812c1785140a44f","router.py","100644","80-tecnologia-plataformas/05-gpt/02-agents/maestro/orchestrator/router.py","Sas-Executar/Maestr-Docs","680","80-tecnologia-plataformas/05-gpt/02-agents/maestro/orchestrator/router.py","Sas-Executar/Maestr-Docs","SOURCE_RETAINED"
"source_artifact","GAP","MAESTRO","SOURCE_RETAINED","CORPUS_DIRECT","KEEP","Classificação de destino PROPOSED; rótulos e IDs internos não são alterados. Placeholders vazios não são documentos.","adeffcf66bffc1154e8193ecf9e4cb3b3846149e","main","48db71b13e8108479bcf1961a812c1785140a44f","maestro.proto","100644","80-tecnologia-plataformas/05-gpt/02-agents/maestro/proto/maestro.proto","Sas-Executar/Maestr-Docs","863","80-tecnologia-plataformas/05-gpt/02-agents/maestro/proto/maestro.proto","Sas-Executar/Maestr-Docs","SOURCE_RETAINED"
"empty_placeholder","GAP","MAESTRO","SOURCE_RETAINED","CORPUS_DIRECT","KEEP","Classificação de destino PROPOSED; rótulos e IDs internos não são alterados. Placeholders vazios não são documentos.","e69de29bb2d1d6434b8b29ae775ad8c2e48c5391","main","48db71b13e8108479bcf1961a812c1785140a44f",".gitkeep","100644","80-tecnologia-plataformas/05-gpt/02-agents/maestro/runtime/inbox/.gitkeep","Sas-Executar/Maestr-Docs","0","80-tecnologia-plataformas/05-gpt/02-agents/maestro/runtime/inbox/.gitkeep","Sas-Executar/Maestr-Docs","SOURCE_RETAINED"
"empty_placeholder","GAP","MAESTRO","SOURCE_RETAINED","CORPUS_DIRECT","KEEP","Classificação de destino PROPOSED; rótulos e IDs internos não são alterados. Placeholders vazios não são documentos.","e69de29bb2d1d6434b8b29ae775ad8c2e48c5391","main","48db71b13e8108479bcf1961a812c1785140a44f",".gitkeep","100644","80-tecnologia-plataformas/05-gpt/02-agents/maestro/runtime/outbox/.gitkeep","Sas-Executar/Maestr-Docs","0","80-tecnologia-plataformas/05-gpt/02-agents/maestro/runtime/outbox/.gitkeep","Sas-Executar/Maestr-Docs","SOURCE_RETAINED"
"empty_placeholder","GAP","MAESTRO","SOURCE_RETAINED","CORPUS_DIRECT","KEEP","Classificação de destino PROPOSED; rótulos e IDs internos não são alterados. Placeholders vazios não são documentos.","e69de29bb2d1d6434b8b29ae775ad8c2e48c5391","main","48db71b13e8108479bcf1961a812c1785140a44f",".gitkeep","100644","80-tecnologia-plataformas/05-gpt/02-agents/maestro/runtime/registry/.gitkeep","Sas-Executar/Maestr-Docs","0","80-tecnologia-plataformas/05-gpt/02-agents/maestro/runtime/registry/.gitkeep","Sas-Executar/Maestr-Docs","SOURCE_RETAINED"
"source_artifact","GAP","MAESTRO","SOURCE_RETAINED","CORPUS_DIRECT","KEEP","Classificação de destino PROPOSED; rótulos e IDs internos não são alterados. Placeholders vazios não são documentos.","52785c3cae46b5ccce8ed95049407744757bf2e3","main","48db71b13e8108479bcf1961a812c1785140a44f","skills-index.json","100644","80-tecnologia-plataformas/05-gpt/02-agents/maestro/runtime/registry/skills-index.json","Sas-Executar/Maestr-Docs","31348","80-tecnologia-plataformas/05-gpt/02-agents/maestro/runtime/registry/skills-index.json","Sas-Executar/Maestr-Docs","SOURCE_RETAINED"
"source_artifact","GAP","MAESTRO","SOURCE_RETAINED","CORPUS_DIRECT","KEEP","Classificação de destino PROPOSED; rótulos e IDs internos não são alterados. Placeholders vazios não são documentos.","76b49f2a153510572811ef0a3d4e2b5ad945d8f7","main","48db71b13e8108479bcf1961a812c1785140a44f","bootstrap.sh","100755","80-tecnologia-plataformas/05-gpt/02-agents/maestro/scripts/bootstrap.sh","Sas-Executar/Maestr-Docs","231","80-tecnologia-plataformas/05-gpt/02-agents/maestro/scripts/bootstrap.sh","Sas-Executar/Maestr-Docs","SOURCE_RETAINED"
"source_artifact","GAP","MAESTRO","SOURCE_RETAINED","CORPUS_DIRECT","KEEP","Classificação de destino PROPOSED; rótulos e IDs internos não são alterados. Placeholders vazios não são documentos.","00e17638f566fbe29e704eb1998885f57c97cc31","main","48db71b13e8108479bcf1961a812c1785140a44f","gen_registros_auxiliares.py","100644","80-tecnologia-plataformas/05-gpt/02-agents/maestro/scripts/gen_registros_auxiliares.py","Sas-Executar/Maestr-Docs","6590","80-tecnologia-plataformas/05-gpt/02-agents/maestro/scripts/gen_registros_auxiliares.py","Sas-Executar/Maestr-Docs","SOURCE_RETAINED"
"source_artifact","GAP","MAESTRO","SOURCE_RETAINED","CORPUS_DIRECT","KEEP","Classificação de destino PROPOSED; rótulos e IDs internos não são alterados. Placeholders vazios não são documentos.","c64a9b869b4b38d6aebfade437b213bf6e4b1c5b","main","48db71b13e8108479bcf1961a812c1785140a44f","index_skills.py","100755","80-tecnologia-plataformas/05-gpt/02-agents/maestro/scripts/index_skills.py","Sas-Executar/Maestr-Docs","742","80-tecnologia-plataformas/05-gpt/02-agents/maestro/scripts/index_skills.py","Sas-Executar/Maestr-Docs","SOURCE_RETAINED"
"source_artifact","GAP","MAESTRO","SOURCE_RETAINED","CORPUS_DIRECT","KEEP","Classificação de destino PROPOSED; rótulos e IDs internos não são alterados. Placeholders vazios não são documentos.","f7a42cd7a633177c47bceef963c440946517951a","main","48db71b13e8108479bcf1961a812c1785140a44f","schema.sql","100644","80-tecnologia-plataformas/05-gpt/02-agents/maestro/sql/schema.sql","Sas-Executar/Maestr-Docs","938","80-tecnologia-plataformas/05-gpt/02-agents/maestro/sql/schema.sql","Sas-Executar/Maestr-Docs","SOURCE_RETAINED"
"source_artifact","GAP","MAESTRO","SOURCE_RETAINED","CORPUS_DIRECT","KEEP","Classificação de destino PROPOSED; rótulos e IDs internos não são alterados. Placeholders vazios não são documentos.","60686b3e3cd6034bdf4ee0a3ad2e6715bf65420d","main","48db71b13e8108479bcf1961a812c1785140a44f","README.md","100644","80-tecnologia-plataformas/05-gpt/03-skills/README.md","Sas-Executar/Maestr-Docs","55","80-tecnologia-plataformas/05-gpt/03-skills/README.md","Sas-Executar/Maestr-Docs","SOURCE_RETAINED"
"submodule","GAP","MAESTRO","SOURCE_RETAINED","CORPUS_DIRECT","KEEP","Classificação de destino PROPOSED; rótulos e IDs internos não são alterados. Placeholders vazios não são documentos.","99097753cadd6c9a2e89d26658744b5f1f25da72","main","48db71b13e8108479bcf1961a812c1785140a44f","anthropic-knowledge-work-plugins","160000","80-tecnologia-plataformas/05-gpt/03-skills/anthropic-knowledge-work-plugins","Sas-Executar/Maestr-Docs","","80-tecnologia-plataformas/05-gpt/03-skills/anthropic-knowledge-work-plugins","Sas-Executar/Maestr-Docs","SOURCE_RETAINED"
"source_artifact","GAP","MAESTRO","SOURCE_RETAINED","CORPUS_DIRECT","KEEP","Classificação de destino PROPOSED; rótulos e IDs internos não são alterados. Placeholders vazios não são documentos.","168d90785b55bdc80fcf89938b64e9ee224de791","main","48db71b13e8108479bcf1961a812c1785140a44f","README.md","100644","80-tecnologia-plataformas/05-gpt/README.md","Sas-Executar/Maestr-Docs","152","80-tecnologia-plataformas/05-gpt/README.md","Sas-Executar/Maestr-Docs","SOURCE_RETAINED"
"empty_placeholder","GAP","GAP","SOURCE_RETAINED","CORPUS_DIRECT","DO_NOT_MIGRATE","Classificação de destino PROPOSED; rótulos e IDs internos não são alterados. Placeholders vazios não são documentos.","e69de29bb2d1d6434b8b29ae775ad8c2e48c5391","main","48db71b13e8108479bcf1961a812c1785140a44f",".gitkeep","100644","80-tecnologia-plataformas/06-vercel/01-projects/.gitkeep","Sas-Executar/Maestr-Docs","0","80-tecnologia-plataformas/06-vercel/01-projects/.gitkeep","Sas-Executar/Maestr-Docs","SOURCE_RETAINED"
"empty_placeholder","GAP","GAP","SOURCE_RETAINED","CORPUS_DIRECT","DO_NOT_MIGRATE","Classificação de destino PROPOSED; rótulos e IDs internos não são alterados. Placeholders vazios não são documentos.","e69de29bb2d1d6434b8b29ae775ad8c2e48c5391","main","48db71b13e8108479bcf1961a812c1785140a44f",".gitkeep","100644","80-tecnologia-plataformas/06-vercel/02-deploy-notes/.gitkeep","Sas-Executar/Maestr-Docs","0","80-tecnologia-plataformas/06-vercel/02-deploy-notes/.gitkeep","Sas-Executar/Maestr-Docs","SOURCE_RETAINED"
"empty_placeholder","GAP","GAP","SOURCE_RETAINED","CORPUS_DIRECT","DO_NOT_MIGRATE","Classificação de destino PROPOSED; rótulos e IDs internos não são alterados. Placeholders vazios não são documentos.","e69de29bb2d1d6434b8b29ae775ad8c2e48c5391","main","48db71b13e8108479bcf1961a812c1785140a44f",".gitkeep","100644","80-tecnologia-plataformas/07-supabase/01-schema/.gitkeep","Sas-Executar/Maestr-Docs","0","80-tecnologia-plataformas/07-supabase/01-schema/.gitkeep","Sas-Executar/Maestr-Docs","SOURCE_RETAINED"
"empty_placeholder","GAP","GAP","SOURCE_RETAINED","CORPUS_DIRECT","DO_NOT_MIGRATE","Classificação de destino PROPOSED; rótulos e IDs internos não são alterados. Placeholders vazios não são documentos.","e69de29bb2d1d6434b8b29ae775ad8c2e48c5391","main","48db71b13e8108479bcf1961a812c1785140a44f",".gitkeep","100644","80-tecnologia-plataformas/07-supabase/02-migrations/.gitkeep","Sas-Executar/Maestr-Docs","0","80-tecnologia-plataformas/07-supabase/02-migrations/.gitkeep","Sas-Executar/Maestr-Docs","SOURCE_RETAINED"
"empty_placeholder","GAP","GAP","SOURCE_RETAINED","CORPUS_DIRECT","DO_NOT_MIGRATE","Classificação de destino PROPOSED; rótulos e IDs internos não são alterados. Placeholders vazios não são documentos.","e69de29bb2d1d6434b8b29ae775ad8c2e48c5391","main","48db71b13e8108479bcf1961a812c1785140a44f",".gitkeep","100644","80-tecnologia-plataformas/07-supabase/03-policies/.gitkeep","Sas-Executar/Maestr-Docs","0","80-tecnologia-plataformas/07-supabase/03-policies/.gitkeep","Sas-Executar/Maestr-Docs","SOURCE_RETAINED"
"empty_placeholder","GAP","GAP","SOURCE_RETAINED","CORPUS_DIRECT","DO_NOT_MIGRATE","Classificação de destino PROPOSED; rótulos e IDs internos não são alterados. Placeholders vazios não são documentos.","e69de29bb2d1d6434b8b29ae775ad8c2e48c5391","main","48db71b13e8108479bcf1961a812c1785140a44f",".gitkeep","100644","80-tecnologia-plataformas/08-buffer/.gitkeep","Sas-Executar/Maestr-Docs","0","80-tecnologia-plataformas/08-buffer/.gitkeep","Sas-Executar/Maestr-Docs","SOURCE_RETAINED"
"empty_placeholder","GAP","GAP","SOURCE_RETAINED","CORPUS_DIRECT","DO_NOT_MIGRATE","Classificação de destino PROPOSED; rótulos e IDs internos não são alterados. Placeholders vazios não são documentos.","e69de29bb2d1d6434b8b29ae775ad8c2e48c5391","main","48db71b13e8108479bcf1961a812c1785140a44f",".gitkeep","100644","80-tecnologia-plataformas/09-integrations/.gitkeep","Sas-Executar/Maestr-Docs","0","80-tecnologia-plataformas/09-integrations/.gitkeep","Sas-Executar/Maestr-Docs","SOURCE_RETAINED"
"source_artifact","GAP","GAP","NON_CANONICAL_SNAPSHOT","CORPUS_DIRECT","COPY","Classificação de destino PROPOSED; rótulos e IDs internos não são alterados. Placeholders vazios não são documentos.","04da61b3d0b3f2bb644702857b46416cfdd66184","main","48db71b13e8108479bcf1961a812c1785140a44f","80-tecnologia-plataformas.md","100644","80-tecnologia-plataformas/80-tecnologia-plataformas.md","Sas-Executar/Maestr-Docs","281","00_input/maestro-migration/01_original/80-tecnologia-plataformas/80-tecnologia-plataformas.md","Sas-Executar/Programa-Sas","BLOB_HASH_VERIFIED_IN_REVIEW_TREE"
"empty_placeholder","GAP","GAP","SOURCE_RETAINED","CORPUS_DIRECT","DO_NOT_MIGRATE","Classificação de destino PROPOSED; rótulos e IDs internos não são alterados. Placeholders vazios não são documentos.","e69de29bb2d1d6434b8b29ae775ad8c2e48c5391","main","48db71b13e8108479bcf1961a812c1785140a44f",".gitkeep","100644","90-assets-compartilhados/01-brand/.gitkeep","Sas-Executar/Maestr-Docs","0","90-assets-compartilhados/01-brand/.gitkeep","Sas-Executar/Maestr-Docs","SOURCE_RETAINED"
"empty_placeholder","GAP","GAP","SOURCE_RETAINED","CORPUS_DIRECT","DO_NOT_MIGRATE","Classificação de destino PROPOSED; rótulos e IDs internos não são alterados. Placeholders vazios não são documentos.","e69de29bb2d1d6434b8b29ae775ad8c2e48c5391","main","48db71b13e8108479bcf1961a812c1785140a44f",".gitkeep","100644","90-assets-compartilhados/02-design-system/.gitkeep","Sas-Executar/Maestr-Docs","0","90-assets-compartilhados/02-design-system/.gitkeep","Sas-Executar/Maestr-Docs","SOURCE_RETAINED"
"empty_placeholder","GAP","GAP","SOURCE_RETAINED","CORPUS_DIRECT","DO_NOT_MIGRATE","Classificação de destino PROPOSED; rótulos e IDs internos não são alterados. Placeholders vazios não são documentos.","e69de29bb2d1d6434b8b29ae775ad8c2e48c5391","main","48db71b13e8108479bcf1961a812c1785140a44f",".gitkeep","100644","90-assets-compartilhados/03-templates/.gitkeep","Sas-Executar/Maestr-Docs","0","90-assets-compartilhados/03-templates/.gitkeep","Sas-Executar/Maestr-Docs","SOURCE_RETAINED"
"empty_placeholder","GAP","GAP","SOURCE_RETAINED","CORPUS_DIRECT","DO_NOT_MIGRATE","Classificação de destino PROPOSED; rótulos e IDs internos não são alterados. Placeholders vazios não são documentos.","e69de29bb2d1d6434b8b29ae775ad8c2e48c5391","main","48db71b13e8108479bcf1961a812c1785140a44f",".gitkeep","100644","90-assets-compartilhados/04-placeholders/.gitkeep","Sas-Executar/Maestr-Docs","0","90-assets-compartilhados/04-placeholders/.gitkeep","Sas-Executar/Maestr-Docs","SOURCE_RETAINED"
"empty_placeholder","GAP","GAP","SOURCE_RETAINED","CORPUS_DIRECT","DO_NOT_MIGRATE","Classificação de destino PROPOSED; rótulos e IDs internos não são alterados. Placeholders vazios não são documentos.","e69de29bb2d1d6434b8b29ae775ad8c2e48c5391","main","48db71b13e8108479bcf1961a812c1785140a44f",".gitkeep","100644","90-assets-compartilhados/05-print/.gitkeep","Sas-Executar/Maestr-Docs","0","90-assets-compartilhados/05-print/.gitkeep","Sas-Executar/Maestr-Docs","SOURCE_RETAINED"
"empty_placeholder","GAP","GAP","SOURCE_RETAINED","CORPUS_DIRECT","DO_NOT_MIGRATE","Classificação de destino PROPOSED; rótulos e IDs internos não são alterados. Placeholders vazios não são documentos.","e69de29bb2d1d6434b8b29ae775ad8c2e48c5391","main","48db71b13e8108479bcf1961a812c1785140a44f",".gitkeep","100644","90-assets-compartilhados/06-qr/.gitkeep","Sas-Executar/Maestr-Docs","0","90-assets-compartilhados/06-qr/.gitkeep","Sas-Executar/Maestr-Docs","SOURCE_RETAINED"
"empty_placeholder","GAP","GAP","SOURCE_RETAINED","CORPUS_DIRECT","DO_NOT_MIGRATE","Classificação de destino PROPOSED; rótulos e IDs internos não são alterados. Placeholders vazios não são documentos.","e69de29bb2d1d6434b8b29ae775ad8c2e48c5391","main","48db71b13e8108479bcf1961a812c1785140a44f",".gitkeep","100644","90-assets-compartilhados/07-media/.gitkeep","Sas-Executar/Maestr-Docs","0","90-assets-compartilhados/07-media/.gitkeep","Sas-Executar/Maestr-Docs","SOURCE_RETAINED"
"source_artifact","GAP","GAP","NON_CANONICAL_SNAPSHOT","CORPUS_DIRECT","COPY","Classificação de destino PROPOSED; rótulos e IDs internos não são alterados. Placeholders vazios não são documentos.","ce3a1aa4066ccaff8e01e8a9d04f84ff47edb1eb","main","48db71b13e8108479bcf1961a812c1785140a44f","90-assets-compartilhados.md","100644","90-assets-compartilhados/90-assets-compartilhados.md","Sas-Executar/Maestr-Docs","265","00_input/maestro-migration/01_original/90-assets-compartilhados/90-assets-compartilhados.md","Sas-Executar/Programa-Sas","BLOB_HASH_VERIFIED_IN_REVIEW_TREE"
"empty_placeholder","GAP","GAP","SOURCE_RETAINED","CORPUS_DIRECT","DO_NOT_MIGRATE","Classificação de destino PROPOSED; rótulos e IDs internos não são alterados. Placeholders vazios não são documentos.","e69de29bb2d1d6434b8b29ae775ad8c2e48c5391","main","48db71b13e8108479bcf1961a812c1785140a44f",".gitkeep","100644","98-private-pointers/01-credentials-index/.gitkeep","Sas-Executar/Maestr-Docs","0","98-private-pointers/01-credentials-index/.gitkeep","Sas-Executar/Maestr-Docs","SOURCE_RETAINED"
"empty_placeholder","GAP","GAP","SOURCE_RETAINED","CORPUS_DIRECT","DO_NOT_MIGRATE","Classificação de destino PROPOSED; rótulos e IDs internos não são alterados. Placeholders vazios não são documentos.","e69de29bb2d1d6434b8b29ae775ad8c2e48c5391","main","48db71b13e8108479bcf1961a812c1785140a44f",".gitkeep","100644","98-private-pointers/02-accounts-index/.gitkeep","Sas-Executar/Maestr-Docs","0","98-private-pointers/02-accounts-index/.gitkeep","Sas-Executar/Maestr-Docs","SOURCE_RETAINED"
"empty_placeholder","GAP","GAP","SOURCE_RETAINED","CORPUS_DIRECT","DO_NOT_MIGRATE","Classificação de destino PROPOSED; rótulos e IDs internos não são alterados. Placeholders vazios não são documentos.","e69de29bb2d1d6434b8b29ae775ad8c2e48c5391","main","48db71b13e8108479bcf1961a812c1785140a44f",".gitkeep","100644","98-private-pointers/03-recovery-procedures/.gitkeep","Sas-Executar/Maestr-Docs","0","98-private-pointers/03-recovery-procedures/.gitkeep","Sas-Executar/Maestr-Docs","SOURCE_RETAINED"
"source_artifact","GAP","GAP","NON_CANONICAL_SNAPSHOT","CORPUS_DIRECT","COPY","Classificação de destino PROPOSED; rótulos e IDs internos não são alterados. Placeholders vazios não são documentos.","267b9fa962c7d6302d86a5bdb81d53a2046b79d1","main","48db71b13e8108479bcf1961a812c1785140a44f","98-private-pointers.md","100644","98-private-pointers/98-private-pointers.md","Sas-Executar/Maestr-Docs","258","00_input/maestro-migration/01_original/98-private-pointers/98-private-pointers.md","Sas-Executar/Programa-Sas","BLOB_HASH_VERIFIED_IN_REVIEW_TREE"
"empty_placeholder","GAP","ARCHIVE","SOURCE_RETAINED","CORPUS_DIRECT","DO_NOT_MIGRATE","Classificação de destino PROPOSED; rótulos e IDs internos não são alterados. Placeholders vazios não são documentos.","e69de29bb2d1d6434b8b29ae775ad8c2e48c5391","main","48db71b13e8108479bcf1961a812c1785140a44f",".gitkeep","100644","99-archive/01-by-year/2026/.gitkeep","Sas-Executar/Maestr-Docs","0","99-archive/01-by-year/2026/.gitkeep","Sas-Executar/Maestr-Docs","SOURCE_RETAINED"
"empty_placeholder","GAP","ARCHIVE","SOURCE_RETAINED","CORPUS_DIRECT","DO_NOT_MIGRATE","Classificação de destino PROPOSED; rótulos e IDs internos não são alterados. Placeholders vazios não são documentos.","e69de29bb2d1d6434b8b29ae775ad8c2e48c5391","main","48db71b13e8108479bcf1961a812c1785140a44f",".gitkeep","100644","99-archive/02-deprecated/.gitkeep","Sas-Executar/Maestr-Docs","0","99-archive/02-deprecated/.gitkeep","Sas-Executar/Maestr-Docs","SOURCE_RETAINED"
"empty_placeholder","GAP","ARCHIVE","SOURCE_RETAINED","CORPUS_DIRECT","DO_NOT_MIGRATE","Classificação de destino PROPOSED; rótulos e IDs internos não são alterados. Placeholders vazios não são documentos.","e69de29bb2d1d6434b8b29ae775ad8c2e48c5391","main","48db71b13e8108479bcf1961a812c1785140a44f",".gitkeep","100644","99-archive/03-duplicates/.gitkeep","Sas-Executar/Maestr-Docs","0","99-archive/03-duplicates/.gitkeep","Sas-Executar/Maestr-Docs","SOURCE_RETAINED"
"empty_placeholder","GAP","ARCHIVE","SOURCE_RETAINED","CORPUS_DIRECT","DO_NOT_MIGRATE","Classificação de destino PROPOSED; rótulos e IDs internos não são alterados. Placeholders vazios não são documentos.","e69de29bb2d1d6434b8b29ae775ad8c2e48c5391","main","48db71b13e8108479bcf1961a812c1785140a44f",".gitkeep","100644","99-archive/04-superseded/.gitkeep","Sas-Executar/Maestr-Docs","0","99-archive/04-superseded/.gitkeep","Sas-Executar/Maestr-Docs","SOURCE_RETAINED"
"source_artifact","GAP","ARCHIVE","NON_CANONICAL_SNAPSHOT","CORPUS_DIRECT","COPY","Classificação de destino PROPOSED; rótulos e IDs internos não são alterados. Placeholders vazios não são documentos.","b009cc7daf8151618abbab233a8a5f3a9a175ec9","main","48db71b13e8108479bcf1961a812c1785140a44f","99-archive.md","100644","99-archive/99-archive.md","Sas-Executar/Maestr-Docs","247","00_input/maestro-migration/01_original/99-archive/99-archive.md","Sas-Executar/Programa-Sas","BLOB_HASH_VERIFIED_IN_REVIEW_TREE"
"source_artifact","GAP","GAP","NON_CANONICAL_SNAPSHOT","CORPUS_DIRECT","COPY","Classificação de destino PROPOSED; rótulos e IDs internos não são alterados. Placeholders vazios não são documentos.","95492bbe42b4a5e32dd2f298c7d9615e33a20f56","main","48db71b13e8108479bcf1961a812c1785140a44f","HOME.md","100644","HOME.md","Sas-Executar/Maestr-Docs","2939","00_input/maestro-migration/01_original/HOME.md","Sas-Executar/Programa-Sas","BLOB_HASH_VERIFIED_IN_REVIEW_TREE"
"source_artifact","GAP","GAP","NON_CANONICAL_SNAPSHOT","CORPUS_DIRECT","COPY","Classificação de destino PROPOSED; rótulos e IDs internos não são alterados. Placeholders vazios não são documentos.","3e217c17ec1e4cf95551f833c7798e7126d7b1e2","main","48db71b13e8108479bcf1961a812c1785140a44f","README.md","100644","README.md","Sas-Executar/Maestr-Docs","1250","00_input/maestro-migration/01_original/README.md","Sas-Executar/Programa-Sas","BLOB_HASH_VERIFIED_IN_REVIEW_TREE"
"source_artifact","GAP","GAP","NON_CANONICAL_SNAPSHOT","CORPUS_DIRECT","COPY","Classificação de destino PROPOSED; rótulos e IDs internos não são alterados. Placeholders vazios não são documentos.","3da2131a5968159c174bc98dffce98182650bd3a","main","48db71b13e8108479bcf1961a812c1785140a44f","_TEMPLATE_FOLDER.md","100644","_TEMPLATE_FOLDER.md","Sas-Executar/Maestr-Docs","476","00_input/maestro-migration/01_original/_TEMPLATE_FOLDER.md","Sas-Executar/Programa-Sas","BLOB_HASH_VERIFIED_IN_REVIEW_TREE"
